FacilityName,Activity,Reporting
"1 Ace Skips Limited","Disposal of non-hazardous waste","Waste transfers (2024)"
"1 Convent Garden Close","Disposal of non-hazardous waste","Waste transfers (2024)"
"1 Redfern Street","Disposal of non-hazardous waste","Waste transfers (2018)"
"1/3 Robbins Business Park","Hazardous Waste","Waste transfers (2024)"
"100a Markfield Road","Disposal of non-hazardous waste","Waste transfers (2024)"
"150 Pilot Plant EPR/MP3632FW","Basic pharmaceutical products","Waste transfers (2024)"
"19-26 Sanders Lodge","Disposal of non-hazardous waste","Waste transfers (2024)"
"1a Hollybush Industrial Park","Disposal of non-hazardous waste","Waste transfers (2024)"
"1st Choice Concrete & Skip Hire Ltd","Disposal of non-hazardous waste","Waste transfers (2024)"
"2 Recycling Limited","Disposal of non-hazardous waste","Waste transfers (2020)"
"2 SistersFood GroupLimited, Coupar Angus","Aquaculture","Pollutant transfers (2024)
Waste transfers (2024)"
"20 Grosvenor Grange EPR/BO2226IU","Food and Beverage products","Waste transfers (2024)"
"22 Albert Street Motherwell","Disposal of non-hazardous waste","Waste transfers (2024)"
"228 Waterloo Street","Disposal of non-hazardous waste","Waste transfers (2022)"
"23 Crow Lane","Disposal of non-hazardous waste","Waste transfers (2018)"
"26-27 Claremont Ind Est","Disposal of non-hazardous waste","Waste transfers (2018)"
"3 Ridham Dock","Disposal of non-hazardous waste",""
"3-5 Howlett Way","Disposal of non-hazardous waste","Waste transfers (2018)"
"303 Clayton Road EPR/PP3236ST","Basic Organic Chemicals","Waste transfers (2024)"
"32 Willow Lane","Disposal of non-hazardous waste","Waste transfers (2024)"
"34 Redfern Road","Disposal of non-hazardous waste","Waste transfers (2022)"
"340/360 PINKSTON ROAD, GLASGOW","Disposal of non-hazardous waste","Waste transfers (2024)"
"44 Hostmoor Avenue","Disposal of non-hazardous waste","Waste transfers (2018)"
"455 Wick Lane","Disposal of non-hazardous waste","Waste transfers (2018)"
"49 Finglen Place, Darnley","Disposal of non-hazardous waste","Waste transfers (2024)"
"5 Mile Hill","Disposal of non-hazardous waste","Waste transfers (2018)"
"5 Staffa Road","Disposal of non-hazardous waste","Waste transfers (2018)"
"55 Crowland Street","Disposal of non-hazardous waste",""
"60A Clydeholm Road, Glasgow","Disposal of non-hazardous waste","Waste transfers (2024)"
"73 Ferry Lane South - EPR/BU1296IQ","Basic Organic Chemicals","Waste transfers (2024)"
"75 - 77 Chequers Lane","Disposal of non-hazardous waste",""
"77 Weir Road","Disposal of non-hazardous waste","Waste transfers (2021)"
"777 Recycling Centre Ltd","Disposal of non-hazardous waste","Waste transfers (2024)"
"80 River Road","Disposal of non-hazardous waste","Waste transfers (2017)"
"82 Markfield Road","Disposal of non-hazardous waste","Waste transfers (2024)"
"9 Pentos Drive","Disposal of non-hazardous waste","Waste transfers (2018)"
"969 London Road","Disposal of non-hazardous waste","Waste transfers (2024)"
"A & R Recycling Ltd","Disposal of non-hazardous waste","Waste transfers (2016)"
"A - Z Skips Limited","Disposal of non-hazardous waste","Waste transfers (2024)"
"A B S Skip Hire Ltd","Disposal of non-hazardous waste",""
"A B Waste Disposal","Disposal of non-hazardous waste","Waste transfers (2024)"
"A B Waste Disposal Transfer Station","Disposal of non-hazardous waste","Waste transfers (2024)"
"A E Burgess & Sons Ltd","Disposal of non-hazardous waste","Waste transfers (2024)"
"A G Barr, Mollins Rd, Westfield, Cumbernauld","Food and beverage products from vegetable raw materials","Waste transfers (2024)"
"A Goodman & Son","Hazardous Waste","Waste transfers (2024)"
"A M I Waste","Disposal of non-hazardous waste",""
"A M Skips ( Yorkshire) Ltd","Disposal of non-hazardous waste","Waste transfers (2024)"
"A P M Metals Ltd","Disposal of non-hazardous waste","Waste transfers (2024)"
"A R Richards Ltd","Disposal of non-hazardous waste","Waste transfers (2024)"
"A S M Auto Recyling Ltd","Hazardous Waste","Waste transfers (2024)"
"A S M Metal Recycling Limited","Disposal of non-hazardous waste","Waste transfers (2024)"
"A S M Metal Recycling Ltd","Disposal of non-hazardous waste","Waste transfers (2024)"
"A V D C Recycling & Waste Depot","Disposal of non-hazardous waste","Waste transfers (2021)"
"A W Jenkinson, Steven's Croft, Lockerbie","Incineration of non-hazardous waste","Waste transfers (2024)"
"A. Corrie Skip Hire,Loreny Waste Tran. Stat.","Disposal of non-hazardous waste","Waste transfers (2024)"
"A1 Metal Recycling (2014) Ltd","Disposal of non-hazardous waste","Waste transfers (2024)"
"A1 Skip Hire Ltd","Disposal of non-hazardous waste","Waste transfers (2024)"
"A1 Supa Skips Ltd","Disposal of non-hazardous waste","Waste transfers (2021)"
"A1 Supa Skips Ltd","Disposal of non-hazardous waste","Waste transfers (2021)"
"A1 Wokingham Car Spares","Hazardous Waste","Waste transfers (2024)"
"A4 Metal Recycling Ltd","Disposal of non-hazardous waste","Waste transfers (2024)"
"ABN - Bury St Edmunds EPR/BW9689IP","Food and Beverage products","Waste transfers (2024)"
"ABP Langport - EPR/HP3330CQ","Slaughterhouses","Waste transfers (2024)"
"ABP Shrewsbury EPR/FP3937PC","Slaughterhouses","Waste transfers (2024)"
"ABP UK, Ruthvenfield Rd, Inveralmond, Perth","Slaughterhouses","Waste transfers (2024)"
"ADM Milling UK Ltd - Edinburgh","Food and beverage products from vegetable raw materials","Waste transfers (2024)"
"AG Fluoropolymers, Hillhouse - EPR/BU5453IY","Basic Organic Chemicals","Pollutant releases (2024)
Waste transfers (2024)"
"ALDERSHOT ELECTROPLATERS","Surface treatment of metals and plastic materials","Waste transfers (2021)"
"ALDWARKE STW","Urban waste-water treatment","Pollutant releases (2024)"
"AMG Alpoco UK Ltd.","Non-ferrous metals",""
"AMG Aluminum Fullerton Road EPR/GP3639ZY","Non-ferrous metals","Waste transfers (2024)"
"AMG Superalloys UK Ltd - EPR/BK6866IW/V003","Metal ore roasting / sintering","Waste transfers (2024)"
"API Foils, Houstoun Ind Est, Livingston","Surface treatment with organic solvents","Waste transfers (2024)"
"ARKINSTALL GALVANIZING LTD","Ferrous metals processing - protective fused metal coats",""
"ASCO UK Ltd, Albert Quay, Aberdeen","Hazardous Waste","Waste transfers (2024)"
"ASCO UK Ltd, South Base Peterhead","Hazardous Waste","Waste transfers (2024)"
"ASCO WML, Maitland Quay, Aberdeen","Hazardous Waste","Waste transfers (2024)"
"AW Jenkinson Woodwaste,Kenmuir Rd,Glasgow","Disposal of non-hazardous waste","Waste transfers (2024)"
"AWE","Thermal power plants and combustion installations (50MW or greater)","Waste transfers (2024)"
"Aasvogel Skip Hire","Disposal of non-hazardous waste","Waste transfers (2022)"
"Abbey Farm Pig Unit - EPR/WP3737MJ","Intensive livestock production","Pollutant releases (2024)"
"Abbey Metal Finishing - Hinckley EPR/GP3332HG","Surface treatment of metals and plastic materials","Waste transfers (2024)"
"Abbey Road Farm Poultry Unit - EPR/QP3033US","Intensive livestock production","Waste transfers (2024)"
"Abbot House Westgate Brewery EPR/BO1122IA","Food and Beverage products","Pollutant transfers (2024)
Waste transfers (2024)"
"Abbotsinch Waste Management Centre","Disposal of non-hazardous waste","Waste transfers (2022)"
"Abercynon Inorganics EPR/BV7443IP","Surface treatment of metals and plastic materials","Waste transfers (2024)"
"Aberthaw Works EPR/BL3986ID","Cement Clinker production - rotary kilns","Pollutant releases (2024)
Waste transfers (2024)"
"Abf Grain Products Limited, Cross Lane Bakery, Bradford","Food and Beverage products",""
"Able Skip Hire Ltd","Disposal of non-hazardous waste","Waste transfers (2021)"
"Accolade Park EPR/AP3130GV","Food and Beverage products","Pollutant releases (2024)
Pollutant transfers (2024)
Waste transfers (2024)"
"Accrington Works","Ceramic products manufacture",""
"Ace Car Breakers","Hazardous Waste","Waste transfers (2024)"
"Acenta Steel Limited","Installations for the processing of ferrous metals","Waste transfers (2021)"
"Acorn Surface Technology Limited","Surface treatment of metals and plastic materials",""
"Acornfield Road Waste Management Centre EPR/VP3936UG","Hazardous Waste","Waste transfers (2024)"
"Active Chemicals Facility 2 EPR/BU4112IK","Basic Organic Chemicals","Waste transfers (2024)"
"Addenbrooke's Hospital Incinerator - EPR/WP3935SM","Hazardous Waste","Waste transfers (2024)"
"Addlesee Timber & Haulage Ltd","Disposal of non-hazardous waste","Waste transfers (2024)"
"Adewsbury Transfer Station","Disposal of non-hazardous waste","Waste transfers (2024)"
"Admec Environmental Services","Disposal of non-hazardous waste","Waste transfers (2024)"
"Admiralty Base, Shore Road, Invergordon","Hazardous Waste","Waste transfers (2024)"
"Adswood Road Household Waste Recycling Centre","Disposal of non-hazardous waste","Waste transfers (2019)"
"Aeroform Industries Limited","Surface treatment with organic solvents",""
"Aesica Pharmaceuticals Manufacturing Cramlington - EPR/WP3938LL","Basic pharmaceutical products","Waste transfers (2024)"
"Aggregate Industries U K","Disposal of non-hazardous waste","Waste transfers (2019)"
"Ainderby Myers Hen Houses 1 & 2 - EPR/BP3634CG","Intensive livestock production","Pollutant releases (2024)"
"Air Products Chemicals Plc Ltd , Bardon Acetylene Plant","Basic Organic Chemicals","Waste transfers (2016)"
"Air Street Site - EPR/HP3398EQ","Hazardous Waste","Waste transfers (2024)"
"Airbus Operations Ltd. - Broughton Aircraft Factory","Thermal power plants and combustion installations (50MW or greater)",""
"Aird's Point MCFF, Loch Etive","Aquaculture","Pollutant releases (2024)"
"Airedale Mills EPR/RP3238SE","Basic Organic Chemicals","Waste transfers (2024)"
"Airfield Industrial Estate EPR/TP3835PD","Slaughterhouses","Waste transfers (2024)"
"Aisecombe Way Civic Amenity Facility","Disposal of non-hazardous waste","Waste transfers (2019)"
"Albert Draper & Son Ltd","Disposal of non-hazardous waste","Waste transfers (2024)"
"Albert Road Transfer Station","Disposal of non-hazardous waste","Waste transfers (2024)"
"Albert Works EPR/EP3091NT","Disposal of non-hazardous waste",""
"Albion Lane CF EPR/PP3096ZA","Disposal of non-hazardous waste","Waste transfers (2024)"
"Albion Mills Confectionery Plant EPR/SP3437PE","Food and Beverage products","Waste transfers (2024)"
"Albion Works EPR/BS5363IV","Basic Inorganic Chemicals","Waste transfers (2024)"
"Albion Yard - EPR/GB3701SW","Hazardous Waste","Waste transfers (2024)"
"Albright Transfer Station","Disposal of non-hazardous waste","Waste transfers (2024)"
"Albury Landfill Site EPR/BV1020IS","Landfills","Pollutant releases (2024)"
"Alchemy Metals Limited","Disposal of non-hazardous waste","Waste transfers (2024)"
"Alconbury H W R C","Disposal of non-hazardous waste","Waste transfers (2018)"
"Alconbury Waste Recycling And Transfer Station","Disposal of non-hazardous waste","Waste transfers (2024)"
"Aldeby Landfill EPR/BP3032SG","Landfills","Pollutant releases (2024)
Waste transfers (2024)"
"Alder Street Depot","Disposal of non-hazardous waste","Waste transfers (2024)"
"Alderley Park Energy Centre EPR/XP3139BM","Thermal power plants and combustion installations (50MW or greater)","Waste transfers (2024)"
"Aldridge Waste Transfer Station","Disposal of non-hazardous waste","Waste transfers (2024)"
"Alexandra Dock 1 - EPR/RP3794CG","Disposal of non-hazardous waste","Waste transfers (2024)"
"Alfreds Way: Barking","Disposal of non-hazardous waste","Waste transfers (2024)"
"Alfreton Explosive Manufacture","Explosives and pyrotechnic products","Waste transfers (2021)"
"Alfreton M R F","Disposal of non-hazardous waste","Waste transfers (2020)"
"Alfreton Recycling Centre","Disposal of non-hazardous waste","Waste transfers (2024)"
"Alkerton Landfill Site","Landfills","Waste transfers (2019)"
"Alkerton W R R C","Disposal of non-hazardous waste","Waste transfers (2024)"
"All Saints Refinery","Basic Organic Chemicals","Waste transfers (2024)"
"All Seasons Ind Est","Disposal of non-hazardous waste","Waste transfers (2020)"
"Allanfearn Sewage Treatment Works, Inverness","Urban waste-water treatment","Pollutant releases (2024)
Waste transfers (2024)"
"Allenford Farms Pig Unit - EPR/AP3239US","Intensive livestock production","Pollutant releases (2024)"
"Allerton Park Landfill Site EPR/BW2188IU","Landfills","Pollutant releases (2024)
Waste transfers (2024)"
"Allington Incinerator - EPR/BR4551IC","Disposal of non-hazardous waste","Pollutant releases (2024)
Pollutant transfers (2024)
Waste transfers (2024)"
"Allstone","Disposal of non-hazardous waste","Waste transfers (2024)"
"Alma FPSO - Enquest Producer","Thermal power plants and combustion installations (50MW or greater)","Pollutant releases (2020)
Waste transfers (2020)"
"Alperton Lane Waste TS EPR/LP3037WG","Disposal of non-hazardous waste","Waste transfers (2024)"
"Alpha Business Park - EPR/BP3631DS","Surface treatment of metals and plastic materials","Pollutant transfers (2024)
Waste transfers (2024)"
"Alpha Recovery","Disposal of non-hazardous waste","Waste transfers (2016)"
"Alton Material Recycling Facility","Disposal of non-hazardous waste","Waste transfers (2024)"
"Alton Waste Transfer & Recycling Centre","Disposal of non-hazardous waste","Waste transfers (2024)"
"Altrincham Skip Hire","Disposal of non-hazardous waste","Waste transfers (2024)"
"Alutrade Ltd","Disposal of non-hazardous waste","Waste transfers (2024)"
"Alwin Limited","Disposal of non-hazardous waste","Waste transfers (2024)"
"Amber Business Centre - EPR/BU4180IF","Basic Inorganic Chemicals","Waste transfers (2024)"
"Amber Hill Poultry Farm - EPR/YP3232YV","Intensive livestock production","Pollutant releases (2024)
Waste transfers (2024)"
"Amcor Flexibles Evesham","Surface treatment with organic solvents","Waste transfers (2024)"
"Amersham Household Waste Recycling Centre","Disposal of non-hazardous waste","Waste transfers (2024)"
"Amesbury Household Recycling Centre","Disposal of non-hazardous waste","Waste transfers (2021)"
"Amlwch Plastics Works","Basic inorganic chemical - non-metals, metal oxides or other inorganic compounds",""
"Ampthill H W R C","Disposal of non-hazardous waste","Waste transfers (2024)"
"Ampthill Metal Recycling EPR/MP3790NU","Disposal of non-hazardous waste","Waste transfers (2024)"
"Anasuria","Thermal power plants and combustion installations (50MW or greater)","Pollutant releases (2024)
Waste transfers (2024)"
"Ancillary Components Ltd","Disposal of non-hazardous waste","Waste transfers (2024)"
"Andersons Waste Treatment Centre EPR/GP3538CA","Disposal of non-hazardous waste","Waste transfers (2024)"
"Andover H W R C","Disposal of non-hazardous waste","Waste transfers (2024)"
"Angus Council, Forfar Recycling Centre","Disposal of non-hazardous waste","Waste transfers (2024)"
"Ann Watson Street Site - EPR/FP3630MZ","Hazardous Waste","Waste transfers (2024)"
"Annfield Plain Household Waste Recycling Facility","Disposal of non-hazardous waste","Waste transfers (2024)"
"Annfield Plain Waste Transfer Station","Disposal of non-hazardous waste","Waste transfers (2024)"
"Anotec Works EPR/BN5386IN","Surface treatment of metals and plastic materials","Waste transfers (2024)"
"Anti Waste Ltd - Thetford Transfer Station","Disposal of non-hazardous waste","Waste transfers (2024)"
"Anytime Waste Transfer Station","Disposal of non-hazardous waste","Waste transfers (2024)"
"Apetito Mill Site EPR/WP3738KJ","Food and Beverage products","Waste transfers (2024)"
"Aptuit 117 Abingdon EPR/MP3832FY","Basic pharmaceutical products","Waste transfers (2024)"
"Arbor Forest Products Ltd","Preservation of wood",""
"Ardagh Glass, Portland Place, Irvine","Glass manufacture (including glass fibre)","Pollutant releases (2024)
Waste transfers (2024)"
"Ardagh Metal Beverage","Surface treatment with organic solvents","Pollutant releases (2024)
Waste transfers (2024)"
"Ardagh Metal Beverage UK LTD","Surface treatment of metals and plastic materials","Waste transfers (2024)"
"Arden Quarry Landfill EPR/BW1416IQ","Landfills","Pollutant releases (2024)"
"Ardintigh MFF, Loch Nevis (Site C)","Aquaculture","Pollutant releases (2022)"
"Ardintoul MCFF, Loch Alsh","Aquaculture","Pollutant releases (2024)"
"Ardlethen Quarry, Ardlethen Farm","Disposal of non-hazardous waste","Waste transfers (2020)"
"Ardley Energy Recovery Facility EPR/UP3005LJ","Incineration of non-hazardous waste","Pollutant releases (2024)
Waste transfers (2024)"
"Ardley Fields Farm","Disposal of non-hazardous waste","Waste transfers (2024)"
"Ardley Green Compost Centre - EPR/SP3934QD","Disposal of non-hazardous waste","Waste transfers (2024)"
"Ardley IBA Plant EPR/ZP3335JH","Hazardous Waste","Waste transfers (2024)"
"Ardley Landfill Site - EPR/BV7346IM","Landfills","Pollutant releases (2024)
Pollutant transfers (2024)
Waste transfers (2024)"
"Ardmaddy South (Port Na Morachd) Mcff","Aquaculture",""
"Area To The Rear Of","Disposal of non-hazardous waste","Waste transfers (2018)"
"Argent Energy Ltd, Biggar Road, Motherwell","Oxygen-containing hydrocarbons","Waste transfers (2024)"
"Arkwright Street Resource Recovery Centre","Disposal of non-hazardous waste","Waste transfers (2024)"
"Arla Foods Ltd, Lockerbie","Milk - treatment and processing","Waste transfers (2024)"
"Arla Foods Oakthorpe","Milk - treatment and processing",""
"Arlesey Landfill Site EPR/BV5165IJ","Landfills","Pollutant releases (2024)"
"Arley Way: Chantlers Industrial Estate","Disposal of non-hazardous waste","Waste transfers (2024)"
"Arlington Oil Facility EPR/JP3332ME","Hazardous Waste","Pollutant releases (2018)
Pollutant transfers (2018)
Waste transfers (2018)"
"Armoury Road Waste Management Centre - EPR/UP3931WJ","Disposal of non-hazardous waste",""
"Armthorpe Household Waste Recycing Centre","Disposal of non-hazardous waste","Waste transfers (2024)"
"Armthorpe Recycling Centre","Disposal of non-hazardous waste","Waste transfers (2024)"
"Arpley Landfill - EPR/BS7668IH.","Landfills","Pollutant releases (2024)
Waste transfers (2024)"
"Arrowzone Ltd","Disposal of non-hazardous waste","Waste transfers (2024)"
"Arthur Brook ( Dewsbury) Limited","Disposal of non-hazardous waste","Waste transfers (2021)"
"Ash Metal Recycling Limited","Disposal of non-hazardous waste","Waste transfers (2024)"
"Ash Vale Transfer Station","Disposal of non-hazardous waste","Waste transfers (2024)"
"Ashbourne Household Waste Recycling Centre","Disposal of non-hazardous waste","Waste transfers (2024)"
"Ashbourne Turkey Farm EPR/QP3737XL","Intensive livestock production","Pollutant releases (2024)"
"Ashcourt Contracts Ltd","Disposal of non-hazardous waste","Waste transfers (2024)"
"Ashford Clinical Waste Incinerator EPR/HP3230XA","Hazardous Waste","Waste transfers (2024)"
"Ashford Transfer Station","Disposal of non-hazardous waste","Waste transfers (2024)"
"Ashford Waste Water Treatment Works","Disposal of non-hazardous waste",""
"Ashton & Moore - EPR/QP3432LQ","Surface treatment of metals and plastic materials","Waste transfers (2024)"
"Ashwood Farm Poultry Unit EPR/RP3433UF","Poultry or pigs - intensive rearing (40,000 places for poultry)",""
"Askew Skips","Disposal of non-hazardous waste","Waste transfers (2024)"
"Aspatria Creamery, Wigton EPR/KP3931MS","Milk - treatment and processing",""
"Asperton Poultry Unit - EPR/BT6233IN","Intensive livestock production","Pollutant releases (2024)"
"Assiciated Reclaimed Oils Bulking: Treatment and Transfer Facility EPR/WP3930UD","Hazardous Waste","Waste transfers (2022)"
"Associated Waste Management Ltd","Disposal of non-hazardous waste",""
"Astley Green Chemical Manufacturer - EPR/BS3573IR","Basic Organic Chemicals","Waste transfers (2024)"
"Aston Clinton Household Waste Recycling Centre","Disposal of non-hazardous waste","Waste transfers (2024)"
"Aston waste oil facility EPR/DP3636MQ","Hazardous Waste",""
"Aston, Wing & Stewkley Poultry Farm","Intensive livestock production","Pollutant releases (2024)"
"Astrazeneca Macclesfield EPR/BP3731SR","Basic pharmaceutical products","Waste transfers (2024)"
"Atherstone Transfer Station EPR/BP3130RM","Hazardous Waste","Waste transfers (2024)"
"Atkinson Skip Hire And Waste Management Services","Disposal of non-hazardous waste","Waste transfers (2024)"
"Attlebridge Landfill EPR/BV4495IX","Landfills","Pollutant releases (2024)
Waste transfers (2024)"
"Atyre Renewals Ltd","Disposal of non-hazardous waste","Waste transfers (2024)"
"Auchinlea L/F Site, Bellside, Cleland, M/well","Landfills","Pollutant releases (2024)
Waste transfers (2024)"
"Augean North Limited EPR/BW2072IN","Landfills","Waste transfers (2024)"
"Augean North Sea Services, , waste treatment and recycling facility","Hazardous Waste","Waste transfers (2022)"
"Augean Treatment Ltd, 36 Clark St, Paisley","Hazardous Waste","Waste transfers (2024)"
"Augean Waste Treatment Plant EA/EPR/RP3735XP/V002","Hazardous Waste","Pollutant transfers (2024)
Waste transfers (2024)"
"Aughnagun Landfill","Disposal of non-hazardous waste","Pollutant releases (2024)
Waste transfers (2024)"
"Aughrim Landfill Ltd/Aughrim Quarry","Disposal of non-hazardous waste","Waste transfers (2024)"
"Autby House Materials Recycling Facility","Disposal of non-hazardous waste","Waste transfers (2024)"
"Avanti Treatment and Transfer Centre EPR/XP3038HX","Hazardous Waste","Waste transfers (2024)"
"Avdel UK Ltd","Surface treatment of metals and plastic materials","Waste transfers (2018)"
"Avery Dennison Label and Packaging Material Europe Cramlington","Surface treatment with organic solvents","Pollutant releases (2024)
Waste transfers (2024)"
"Avlon Works EPR/BP3736DN","Basic pharmaceutical products","Pollutant releases (2018)
Waste transfers (2018)"
"Avocado Research Chemicals Ltd BL7329IC","Basic Organic Chemicals","Waste transfers (2024)"
"Avon Lane","Hazardous Waste","Waste transfers (2022)"
"Avondale Materials Recycling Facility,Falkirk","Disposal of non-hazardous waste","Waste transfers (2024)"
"Avondale Non-Hazardous Landfill, Polmont","Landfills","Pollutant releases (2024)
Waste transfers (2024)"
"Avonmouth Composting Facility","Disposal of non-hazardous waste","Waste transfers (2024)"
"Avonmouth MBT Facility EPR/EP3590SJ","Disposal of non-hazardous waste","Waste transfers (2020)"
"Avonmouth Recycling Centre EPR/FB3901FG/V003","Hazardous Waste","Waste transfers (2024)"
"Avonmouth Sewage Treatment Works","Urban waste-water treatment","Pollutant releases (2024)
Waste transfers (2024)"
"Avonmouth Treatment Centre EPR/KP3937DU","Hazardous Waste","Waste transfers (2024)"
"Aylesbury Household Waste Recycling Centre","Disposal of non-hazardous waste","Waste transfers (2024)"
"Aylesford Wastewater Treatment Works","Disposal of non-hazardous waste",""
"B & B Skip Hire","Disposal of non-hazardous waste","Waste transfers (2024)"
"B & T Skip Hire","Disposal of non-hazardous waste","Waste transfers (2019)"
"B A Shorthouse Ltd","Disposal of non-hazardous waste","Waste transfers (2024)"
"B H W S Wilverley Road Christchurch","Disposal of non-hazardous waste","Waste transfers (2020)"
"B Nebbett & Son Limited","Hazardous Waste","Waste transfers (2024)"
"B W Riddle A T F And Scrap Yard - EPR/FP3995SW","Disposal of non-hazardous waste","Waste transfers (2024)"
"B W Skip Hire","Disposal of non-hazardous waste","Waste transfers (2024)"
"B Walker Skip Hire","Disposal of non-hazardous waste","Waste transfers (2024)"
"BAE SYSTEMS-MARITME-NAVAL SHIPS","Ships - building, painting and paint removal",""
"BAE Systems Global Combat Systems Munitions Birtley","Surface treatment with organic solvents",""
"BAE Systems Maritime Services","Ships - building, painting and paint removal",""
"BAE Washington Facility EPR/VP3838TK","Surface treatment of metals and plastic materials","Waste transfers (2024)"
"BAS Castings Limited","Ferrous metal foundry",""
"BASF Pharma Callanish Ltd, Isle of Lewis","Simple hydrocarbons","Waste transfers (2024)"
"BASF plc. EPR/ZP3435WB","Basic Organic Chemicals","Waste transfers (2024)"
"BBF Hull - EPR/KP3407LP","Disposal of non-hazardous waste","Waste transfers (2024)"
"BECKTON STW","Urban waste-water treatment","Pollutant releases (2024)
Waste transfers (2024)"
"BERRY BPI, Stevenston","Surface treatment with organic solvents","Waste transfers (2024)"
"BLACKBURN MEADOWS STW","Urban waste-water treatment","Pollutant releases (2024)"
"BOC Hydrogen PLant - EPR/BJ7522IJ","Basic Inorganic Chemicals","Pollutant releases (2024)"
"BOC, Margam Gases_BV9713IU","Simple hydrocarbons","Waste transfers (2024)"
"BRANTHAM COATING ACTIVITIES","Surface treatment with organic solvents","Waste transfers (2018)"
"BROGBOROUGH LANDFILL","Landfills","Pollutant releases (2024)"
"Back Lane Poultry Farm EPR/TP3432FD","Intensive livestock production","Pollutant releases (2022)"
"Bagley Biogas","Disposal of non-hazardous waste","Waste transfers (2024)"
"Bagmoor Poultry Unit - EPR/FP3733UU","Intensive livestock production","Waste transfers (2024)"
"Baigh au Sgairbh (Ardyne) MCFF, Loch Striven","Aquaculture","Pollutant releases (2024)"
"Baileys Skip Hire & Recycling Ltd","Disposal of non-hazardous waste","Waste transfers (2024)"
"Bakelite Synthetics UK Ltd, Cowie","Oxygen-containing hydrocarbons","Waste transfers (2024)"
"Baker Petrolite, Kirkby EPR/BU4589IZ","Basic Organic Chemicals",""
"Bakers Waste Services Ltd","Disposal of non-hazardous waste","Waste transfers (2024)"
"Balado Poultry Farm, Balado Airfield, Kinross","Poultry or pigs - intensive rearing (40,000 places for poultry)","Pollutant releases (2024)
Waste transfers (2024)"
"Balby Metallurgical Ltd","Disposal of non-hazardous waste","Waste transfers (2024)"
"Balcas Timber Ltd","Preservation of wood","Waste transfers (2024)"
"Ball Beverage Packaging UK Limited","Surface treatment with organic solvents","Pollutant releases (2024)
Waste transfers (2024)"
"Ball Packaging Wakefield","Surface treatment with organic solvents",""
"Balliol Food Processing Plant EPR/FP3930PJ","Food and Beverage products","Waste transfers (2024)"
"Ballyrashane Creamy","Milk - treatment and processing","Waste transfers (2022)"
"Balmeanach Bay MFF, Sound of Raasay","Aquaculture","Pollutant releases (2021)"
"Banbury CP EPR/CP3239RB","Thermal power plants and combustion installations (50MW or greater)",""
"Bandvulc Truck Tyres","Disposal of non-hazardous waste","Waste transfers (2024)"
"Banham Poultry Ltd , Skeyton Poultry Unit","Intensive livestock production",""
"Bankfield House - EPR/XP3492CL","Disposal of non-hazardous waste","Waste transfers (2024)"
"Bankfield Mills EPR/QP3538XB","Fibres or textiles - pre-treatment or dyeing","Waste transfers (2024)"
"Banks Brewery Wolverhampton EPR/GP3939BL","Food and Beverage products","Waste transfers (2024)"
"Bankwood Lane","Disposal of non-hazardous waste","Waste transfers (2024)"
"Bankwood Lane Industrial Estate","Disposal of non-hazardous waste","Waste transfers (2021)"
"Bantycock Opencast Mine","Opencast mining and quarrying","Waste transfers (2024)"
"Bar Road Household Waste Site","Disposal of non-hazardous waste","Waste transfers (2024)"
"Barbers Road Facility","Disposal of non-hazardous waste","Waste transfers (2022)"
"Bardney Dairies Poultry Unit EPR/GP3431MC","Intensive livestock production","Pollutant releases (2024)
Waste transfers (2024)"
"Bardney Tyre Recycling Facility","Disposal of non-hazardous waste",""
"Bardyke Chemicals Ltd, Hamilton Rd,Cambuslang","Basic inorganic chemical - salts","Waste transfers (2024)"
"Barfen Farm - EPR/WP3831KH","Intensive livestock production","Pollutant releases (2024)"
"Bargeddie MRF,Langmuir Way,Glasgow","Disposal of non-hazardous waste","Waste transfers (2024)"
"Barkers Lane Household Recycling Centre","Disposal of non-hazardous waste","Waste transfers (2024)"
"Barking Materials Recycling Facility","Disposal of non-hazardous waste","Waste transfers (2016)"
"Barking Transfer Station","Disposal of non-hazardous waste","Waste transfers (2024)"
"Barking Waste Transfer And Recycling Facility","Disposal of non-hazardous waste","Waste transfers (2024)"
"Barkip Landfill Site, Dalry","Landfills","Waste transfers (2024)"
"Barley Brigg Farm EPR/ZP3532CB","Intensive livestock production",""
"Barley Chalu Ltd","Surface treatment of metals and plastic materials",""
"Barling Marsh Landfill EPR/LP3236SU","Landfills","Pollutant releases (2024)"
"Barlow Mound Ash Disposal Site EPR/BW9395IF","Landfills","Waste transfers (2024)"
"Barn Farm Chicken and Pig Unit (comprised of Poplar Farm and Barn Farm) - EPR/FP3739UW","Intensive livestock production",""
"Barnwell Poultry Farm EPR/UP3133DE","Intensive livestock production","Pollutant releases (2018)"
"Baronet Road Chemicals EPR/BS3824IJ","Basic Inorganic Chemicals","Waste transfers (2024)"
"Baronet Road Chemicals EPR/PP3139XA","Basic Inorganic Chemicals","Pollutant releases (2024)
Pollutant transfers (2024)
Waste transfers (2024)"
"Barr Environ, Auchencarroch L/F, Jamestown","Landfills","Pollutant releases (2024)
Waste transfers (2024)"
"Barrington Works Landfill EPR/BV1461IV","Landfills","Waste transfers (2024)"
"Barrow Farm Pig Unit - EPR/EP3739HL","Intensive livestock production","Pollutant releases (2024)"
"Barrow Farm Poultry Unit - EPR/FP3533UB","Intensive livestock production","Waste transfers (2024)"
"Barrow Gas Terminals EPR/BX1675IT","Mineral oil and gas refineries","Pollutant releases (2024)
Waste transfers (2024)"
"Barrow Mine","Opencast mining and quarrying","Waste transfers (2024)"
"Barrow Paper Mill EPR/BJ7611IY","Paper, board and other primary wood products","Waste transfers (2024)"
"Barrow Wwtw","Disposal of non-hazardous waste","Waste transfers (2024)"
"Barry Cogeneration Plant EPR/JP3632ZH","Thermal power plants and combustion installations (50MW or greater)","Pollutant releases (2024)"
"Barry Silicon Based Manufacturing Installation EPR/BR9685IX","Basic Inorganic Chemicals","Waste transfers (2024)"
"Barry Silicon-Based Manufacturing Installation EPR/BU2110IS","Basic inorganic chemical - non-metals, metal oxides or other inorganic compounds","Waste transfers (2024)"
"Barry Thermosets Plant EPR/PP3238LX","Basic Organic Chemicals","Pollutant releases (2024)
Waste transfers (2024)"
"Barrys Skip Hire","Disposal of non-hazardous waste","Waste transfers (2024)"
"Barsey Walk Farm EPR/NP3131VJ","Intensive livestock production","Pollutant releases (2024)"
"Barton Court Landfill & Recycling Facility","Disposal of non-hazardous waste","Waste transfers (2016)"
"Basildon Waste Treatment Centre - EPR/EP3838MK","Hazardous Waste","Waste transfers (2024)"
"Basildon Wastewater Treatment Works","Disposal of non-hazardous waste",""
"Basingstoke AD EPR/WP3433WA","Animal carcasses and waste",""
"Bastaness MCFF, Mid Yell, Shetland","Aquaculture","Pollutant releases (2024)"
"Bateman Skips Ltd","Disposal of non-hazardous waste","Waste transfers (2024)"
"Bath Destructor Depot Waste Transfer Station","Disposal of non-hazardous waste",""
"Batley Pet Foods - EPR/DP3339GW","Food and Beverage products","Waste transfers (2024)"
"Battery Point Power Station, Stornoway","Thermal power plants and combustion installations (50MW or greater)","Waste transfers (2024)"
"Battle Farm: Poultry Unit","Intensive livestock production","Pollutant releases (2020)"
"Battlefield Energy from Waste Facility EPR/XP3239GF","Incineration of non-hazardous waste","Pollutant releases (2024)
Waste transfers (2024)"
"Battlefield Transfer Station","Disposal of non-hazardous waste","Waste transfers (2021)"
"Baulker Farm Poultry Unit EPR/NP3732TH","Intensive livestock production","Waste transfers (2024)"
"Bawtry Works","Carbon (hardburnt coal) or electrographite",""
"Bay Of Vady MCFF, Sound of Rousay","Aquaculture","Pollutant releases (2024)"
"Beacon Hill Landfill EPR/BU6000IL","Landfills",""
"Beaconsfield Household Waste Recycling Centre","Disposal of non-hazardous waste","Waste transfers (2024)"
"Beattock Compressor Station, Dumfries","Thermal power plants and combustion installations (50MW or greater)","Waste transfers (2024)"
"Beaverlodge Poultry Farm - EPR/FP3707LB","Intensive livestock production","Pollutant releases (2024)
Waste transfers (2024)"
"Beck House Poultry Farm EPR/LP3530UB","Intensive livestock production","Pollutant releases (2024)"
"Beckton Sludge Powered Generator EPR/ZP3833BK","Incineration of non-hazardous waste","Pollutant releases (2024)
Pollutant transfers (2024)
Waste transfers (2024)"
"Beckton Soft Drinks Factory EPR/BN2832IK","Food and Beverage products","Waste transfers (2024)"
"Beddington Farmlands Landfill Site - EPR/VP3039SW","Landfills","Pollutant releases (2024)
Waste transfers (2024)"
"Bedworth Works","Hazardous Waste",""
"Beeches Poultry Farm, Longridge, Bathgate","Poultry or pigs - intensive rearing (40,000 places for poultry)","Waste transfers (2021)"
"Beeley Wood Sustainable Business Park","Disposal of non-hazardous waste","Waste transfers (2024)"
"Beenham M.r.f","Disposal of non-hazardous waste","Waste transfers (2024)"
"Beeson Waste Disposal Ltd","Disposal of non-hazardous waste","Waste transfers (2024)"
"Beetham Paper Mill - EPR/BJ7603IP","Paper, board and other primary wood products","Waste transfers (2024)"
"Beighton HWRC","Disposal of non-hazardous waste","Waste transfers (2024)"
"Belasis East Site - EPR/BW9247IK","Disposal of non-hazardous waste","Pollutant releases (2024)
Waste transfers (2024)"
"Belinda Road ( Brixton) Waste Transfer Facility","Disposal of non-hazardous waste","Waste transfers (2024)"
"Bell Waste Control","Disposal of non-hazardous waste","Waste transfers (2024)"
"Bell Waste Control","Disposal of non-hazardous waste",""
"Bellhouse Landfill EPR/NP3736DS","Landfills","Pollutant releases (2024)
Waste transfers (2024)"
"Bellshill Depot, Kirklee Road, Mossend","Disposal of non-hazardous waste","Waste transfers (2024)"
"Belton Civic Amenity Site","Hazardous Waste","Waste transfers (2024)"
"Bemersley H W R C Bermesley Road Biddulph Staffordshire ST8 7QT","Disposal of non-hazardous waste","Waste transfers (2021)"
"Benfleet Scrap","Hazardous Waste","Waste transfers (2024)"
"Benfleet Scrap","Disposal of non-hazardous waste","Waste transfers (2024)"
"Benfleet Scrap Co Limited","Disposal of non-hazardous waste","Waste transfers (2024)"
"Bennadrove L/F Site, Marybank, Isle of Lewis","Landfills","Pollutant releases (2024)"
"Bennett Bank Landfill EPR/BM6093IS","Landfills","Pollutant releases (2024)"
"Bentham, Court & Middle Pig Farms EPR/VP3834UB","Intensive livestock production","Pollutant releases (2024)
Waste transfers (2024)"
"Bernera Works","Disposal of non-hazardous waste","Waste transfers (2024)"
"Berry Worcester","Surface treatment with organic solvents","Waste transfers (2024)"
"Berryfields Farm","Intensive livestock production","Pollutant releases (2020)"
"Berth 6: Chatham Dockyard","Disposal of non-hazardous waste","Waste transfers (2024)"
"Berwick Transfer Station And H W R C","Hazardous Waste","Waste transfers (2024)"
"Berwick upon Tweed Chemical Works - EPR/KP3937TY","Basic Inorganic Chemicals","Waste transfers (2024)"
"Bescot Sidings","Disposal of non-hazardous waste","Waste transfers (2022)"
"Bickley Ball Transfer Station","Disposal of non-hazardous waste","Waste transfers (2024)"
"Bickmarsh Hall Pig Farm - EPR/GP3031MM","Intensive livestock production","Pollutant releases (2024)"
"Biffa The Foxyards","Disposal of non-hazardous waste","Waste transfers (2024)"
"Biffa Waste Services Ltd","Disposal of non-hazardous waste",""
"Bill Dyson Skip Hire","Disposal of non-hazardous waste","Waste transfers (2024)"
"Billingham Custom Processing Site - EPR/BT9844IK","Basic Organic Chemicals","Waste transfers (2024)"
"Billingham Fertiliser Works EPR/BX3287IK","Basic Inorganic Chemicals","Pollutant releases (2024)
Waste transfers (2024)"
"Billingham Treatment Plant EPR/PP3137ML","Hazardous Waste","Waste transfers (2024)"
"Billinghay Dales Poultry Farm EPR/SP3634MH","Intensive livestock production","Waste transfers (2024)"
"Billingshurst Household Waste Recycling Site","Disposal of non-hazardous waste","Waste transfers (2020)"
"Bilsthorpe H W R C","Disposal of non-hazardous waste","Waste transfers (2024)"
"Bilsthorpe Landfill Site EPR/BV4452ID","Landfills","Pollutant releases (2024)
Waste transfers (2024)"
"Bilsthorpe Oil Treatment Plant - EPR/DP3331MG","Hazardous Waste","Pollutant transfers (2024)
Waste transfers (2024)"
"Bilston Copper Shaft Furnace EPR/BJ9843IH","Non-ferrous metals","Waste transfers (2024)"
"Bilston Waste Oil Reprocessing Site EPR/BP3733UB","Hazardous Waste","Waste transfers (2024)"
"Binn Skips Ltd, Shore Road, Perth","Disposal of non-hazardous waste","Waste transfers (2024)"
"Binn Skips Transfer Station, Glenfarg","Disposal of non-hazardous waste","Waste transfers (2024)"
"Bio Dynamic AD Plant EPR/DP3935ER","Animal carcasses and waste","Waste transfers (2024)"
"Bioganix Limited, Brigg EPR/QP3137JB","Animal carcasses and waste","Waste transfers (2024)"
"Biogask, Gask, Turriff, AB53 8BP","Animal carcasses and waste","Waste transfers (2024)"
"Biogen Gwyriad Anaerobic Digestion Plant","Disposal of non-hazardous waste",""
"Biotage GB Limited, Unit C IST House","Basic Inorganic Chemicals","Pollutant releases (2024)
Waste transfers (2024)"
"Birdseye Lowestoft - EPR/NP3333UU","Food and Beverage products","Waste transfers (2024)"
"Birkenhead Stw","Urban waste-water treatment","Pollutant releases (2024)
Waste transfers (2024)"
"Birnam Motor Slvg, Blantyre Farm Rd, Uddingto","Disposal of non-hazardous waste","Waste transfers (2024)"
"Bishop Auckland Compressor Station EPR/SP3938LQ","Thermal power plants and combustion installations (50MW or greater)","Pollutant releases (2024)
Waste transfers (2024)"
"Bithells Waste Management Limited","Disposal of non-hazardous waste","Waste transfers (2024)"
"Black - Ram Recycling Ltd","Disposal of non-hazardous waste","Waste transfers (2024)"
"Black Barn Farm","Intensive livestock production","Pollutant releases (2024)"
"Black Chapel Lane","Disposal of non-hazardous waste","Waste transfers (2024)"
"Blackborough End Landfill Site - EPR/YP3036FB","Landfills","Pollutant releases (2024)
Waste transfers (2024)"
"Blackburn CCGT EPR/BK4723IL","Thermal power plants and combustion installations (50MW or greater)","Waste transfers (2024)"
"Blackburn Chemicals EPR/VP3330LJ","Basic Organic Chemicals","Waste transfers (2024)"
"Blackburn Meadows Renewable Energy Plant EPR/LP3131TA","Thermal power plants and combustion installations (50MW or greater)","Pollutant releases (2024)
Waste transfers (2024)"
"Blackburn Meadows Waste Treatment Facility - EPR/MP3131SA","Hazardous Waste","Waste transfers (2024)"
"Blackburn Meadows WwTW EPR/NP3031AQ","Disposal of non-hazardous waste","Waste transfers (2024)"
"Blackburn Stw","Urban waste-water treatment","Pollutant releases (2024)
Waste transfers (2024)"
"Blackburn Waste Water Treatment Works","Disposal of non-hazardous waste","Waste transfers (2024)"
"Blackwater Pit","Disposal of non-hazardous waste","Waste transfers (2024)"
"Blaenau Gwent County Borough Council, Silent Valley Landfill Site","Landfills","Pollutant releases (2024)"
"Blairgowrie Civic Amenity Site & Transfer Stn","Disposal of non-hazardous waste","Waste transfers (2024)"
"Blaise Farm Quarry Closed Vessel Composting EPR/CP3298LQ","Disposal of non-hazardous waste","Waste transfers (2024)"
"Blancomet Scot Ltd, Pitreavie","Disposal of non-hazardous waste","Waste transfers (2024)"
"Blandford Animal Feed Mill","Food and Beverage products","Waste transfers (2019)"
"Blast Furnace Dewatering Facility Dewatering Plant","Disposal of non-hazardous waste","Waste transfers (2022)"
"Blaydon Quarry Landfill EPR/WP3537ZG","Landfills",""
"Bleak Hall H W R C","Disposal of non-hazardous waste","Waste transfers (2024)"
"Bleak Hall Transfer Station","Disposal of non-hazardous waste","Waste transfers (2024)"
"Bleak House Farm EPR/TP3632HS","Intensive livestock production",""
"Bledlow Ridge H W R C","Disposal of non-hazardous waste","Waste transfers (2018)"
"Blenheim Farm Poultry Unit - EPR/FP3933UT","Intensive livestock production","Waste transfers (2024)"
"Bleo Holm FPSO","Thermal power plants and combustion installations (50MW or greater)","Pollutant releases (2024)
Waste transfers (2024)"
"Bletchingley Wellsite 5 - EPR/VP3632ZJ","Mineral oil and gas refineries","Waste transfers (2024)"
"Bletchley Waste Processing Facility","Disposal of non-hazardous waste","Waste transfers (2022)"
"Block 9, Port Glasgow","Aquaculture","Waste transfers (2024)"
"Bloxwich Platers 1 EPR/BO6752IN","Surface treatment of metals and plastic materials","Pollutant transfers (2024)
Waste transfers (2024)"
"Blue Haze Landfill - EPR/BU5208IJ","Landfills","Pollutant releases (2024)
Pollutant transfers (2024)"
"Blue Haze Transfer Station","Disposal of non-hazardous waste","Waste transfers (2024)"
"Bluebell Copse Waste Transfer Facility","Disposal of non-hazardous waste","Waste transfers (2022)"
"Bluntisham Household Waste Rrecycling Centre","Disposal of non-hazardous waste","Waste transfers (2024)"
"Blythbank Farm, West Linton, Peebleshire","Poultry or pigs - intensive rearing (40,000 places for poultry)","Pollutant releases (2024)"
"Bob Stabler & Sons Ltd","Disposal of non-hazardous waste","Waste transfers (2024)"
"Bob's Skips","Disposal of non-hazardous waste","Waste transfers (2024)"
"Boden And Davies Limited","Disposal of non-hazardous waste","Waste transfers (2024)"
"Bodmin Materials Recycling Facility","Disposal of non-hazardous waste","Waste transfers (2024)"
"Boehringer Ingelheim Animal Health - EPR/UP3034TG","Basic pharmaceutical products","Waste transfers (2024)"
"Bogan Skip Hire","Disposal of non-hazardous waste","Waste transfers (2024)"
"Bolton Clinical Waste Incinerator -EPR/ZP3730XJ","Hazardous Waste","Waste transfers (2024)"
"Bolton Energy Recovery Centre - EPR/RP3036QU","Incineration of non-hazardous waste","Pollutant releases (2024)
Waste transfers (2024)"
"Bolton Paper Mill EPR/DP3336SQ","Paper, board and other primary wood products","Waste transfers (2022)"
"Bolton WwTW EPR/HP3431LC","Disposal of non-hazardous waste","Waste transfers (2024)"
"Bondgate Beverage Manufacturer - EPR/BN5637IW","Food and Beverage products","Waste transfers (2024)"
"Bootham Lane H W R C","Disposal of non-hazardous waste","Waste transfers (2024)"
"Bootham Lane Landfill - EPR/BV4428IU","Landfills","Pollutant releases (2024)
Waste transfers (2024)"
"Boothby Heath Farm EPR/BT4150IX","Intensive livestock production","Pollutant releases (2024)"
"Bootle Oil Recovery","Hazardous Waste","Waste transfers (2024)"
"Bordesley Green Road EPR/CP3432SV","Basic Organic Chemicals","Waste transfers (2024)"
"Bordon Metal Treatment Works EPR/BS9113IF","Surface treatment of metals and plastic materials","Waste transfers (2024)"
"Boreham Recycling Facility","Disposal of non-hazardous waste","Waste transfers (2024)"
"Boston Landfill EPR/LP3939HN","Landfills","Pollutant releases (2024)
Waste transfers (2024)"
"Boswell Brothers Transfer Station","Disposal of non-hazardous waste","Waste transfers (2024)"
"Botany Road EPR/BM4945IW","Non-ferrous metals","Waste transfers (2024)"
"Bourne C A & W T S","Disposal of non-hazardous waste","Waste transfers (2024)"
"Bourne Farm - EPR/HP3333UQ","Intensive livestock production","Pollutant releases (2024)"
"Bourne Waste Transfer Station","Disposal of non-hazardous waste","Waste transfers (2022)"
"Bournemouth Waste To Energy Facility EPR/PP3530XK","Hazardous Waste","Waste transfers (2024)"
"Bournville Chocolate Works EPR/LP3734FJ","Food and Beverage products","Waste transfers (2024)"
"Bousteads Grassing Carlisle C A","Disposal of non-hazardous waste","Waste transfers (2024)"
"Bovingdon Brickworks","Ceramic products manufacture",""
"Bovingdon Poultry Processing Plant - EPR/MP3436CA","Slaughterhouses","Waste transfers (2024)"
"Bow Beck Clinical Waste Treatment Facility - EPR/HP3632MR","Hazardous Waste","Waste transfers (2024)"
"Bowlands Farm EPR/AP3131MP","Intensive livestock production","Pollutant releases (2018)"
"Bowling Park Drive Chemicals - EPR/TP3737SB","Basic Organic Chemicals","Pollutant releases (2024)
Waste transfers (2024)"
"Boynton Bros & Hallam ( Ranskill ) Limited","Disposal of non-hazardous waste","Waste transfers (2024)"
"Boysnope Wharf Household Waste Recycling Centre","Disposal of non-hazardous waste","Waste transfers (2022)"
"Bradford Waste Traders Ltd","Disposal of non-hazardous waste","Waste transfers (2024)"
"Bradgate Landfill EPR/BW0509IU","Landfills","Pollutant releases (2024)"
"Bradleys Sand Quarry & Landfill Site Lightfoot Green Lane Fulwood Preston Lancashire PR4 0AP","Disposal of non-hazardous waste","Waste transfers (2024)"
"Braintree Recycling Centre For Household Waste","Disposal of non-hazardous waste","Waste transfers (2021)"
"Bramford Landfill EPR/QP3033BG","Landfills","Pollutant releases (2024)
Waste transfers (2024)"
"Bran Sands Effluent Treatment Works","Urban waste-water treatment","Pollutant releases (2024)"
"Brandon Howe Landfill Site, Banff","Landfills","Pollutant releases (2018)"
"Branston Pig Unit EPR/XP3332QT","Intensive livestock production","Pollutant releases (2024)"
"Brauncewell Quarrie Transfer Station","Disposal of non-hazardous waste","Waste transfers (2024)"
"Bray Recycling Facility","Disposal of non-hazardous waste","Waste transfers (2019)"
"Brayford Quarry","Opencast mining and quarrying",""
"Brecks Farm Pig Unit - EPR/VP3935UU","Intensive livestock production",""
"Bredbury Parkway Waste Treatment Facility EPR/GB3907FD","Disposal of non-hazardous waste",""
"Bredisholm Refinery, Tannochside, Uddingston","Hazardous Waste","Waste transfers (2024)"
"Breedon Southern Limited, Holme Hall Recycling","Disposal of non-hazardous waste","Waste transfers (2017)"
"Breedon, Borras Quarry","Opencast mining and quarrying","Waste transfers (2024)"
"Breedon, Gilfach Quarry","Opencast mining and quarrying",""
"Breedon, Taffs Well Quarry","Opencast mining and quarrying",""
"Breedon, Wenvoe Quarry","Opencast mining and quarrying",""
"Breighton Airfield","Disposal of non-hazardous waste","Waste transfers (2024)"
"Brent Transfer Station - EPR/WP3235RZ","Disposal of non-hazardous waste",""
"Brentford Aggregate Materials Recycling Facility - EPR/HP3132WR","Disposal of non-hazardous waste","Waste transfers (2024)"
"Briar Chemicals Limited - Norwich Site EPR/KP3736CJ","Basic plant health products and of biocides","Pollutant transfers (2024)
Waste transfers (2024)"
"Brickfields Way Transfer Atation","Disposal of non-hazardous waste","Waste transfers (2024)"
"Brickhouse Farm Pig Unit","Intensive livestock production","Pollutant releases (2018)"
"Bridge End Chemical Works, Leek EPR/BT8171IN","Basic Organic Chemicals","Pollutant transfers (2024)
Waste transfers (2024)"
"Bridge Farm Poultry Unit - EPR/DP3333UR","Intensive livestock production","Waste transfers (2024)"
"Bridge House Pig Farm - EPR/QP3831MX","Intensive livestock production","Pollutant releases (2024)"
"Bridge Road Food Factory -","Food and Beverage products","Waste transfers (2024)"
"Bridge Street Brewery - EPR/JP3337WF","Food and Beverage products","Waste transfers (2024)"
"Bridge Street Plating - EPR/BJ5953IT","Surface treatment of metals and plastic materials","Waste transfers (2024)"
"Bridge Waste Disposal Ltd","Disposal of non-hazardous waste","Waste transfers (2024)"
"Bridgemarts Waste Recovery Facility","Disposal of non-hazardous waste","Waste transfers (2022)"
"Bridgend Paper Mill EPR/EP3738NG","Paper, board and other primary wood products","Pollutant releases (2024)
Waste transfers (2024)"
"Bridges Road Transfer Station","Disposal of non-hazardous waste","Waste transfers (2024)"
"Bridges Scrap Yard: Brighton Rd: Rh11","Disposal of non-hazardous waste",""
"Bridgnorth Aluminium - EPR/BQ2278IA","Non-ferrous metals",""
"Bridgnorth Integrated Waste Management Facility","Disposal of non-hazardous waste","Waste transfers (2024)"
"Bridgwater Dairy EPR/BP3635EF","Milk - treatment and processing","Waste transfers (2024)"
"Brierlow Lime Works EPR/BK9571IU","Cement Clinker/Lime","Pollutant releases (2024)
Waste transfers (2024)"
"Brighouse Upper Sludge Treatment Facility","Disposal of non-hazardous waste","Waste transfers (2018)"
"Bright Green Plastics","Disposal of non-hazardous waste","Waste transfers (2024)"
"Brightlingsea Export Terminal","Disposal of non-hazardous waste","Waste transfers (2019)"
"Brigstanes Farm, Stonehaven","Poultry or pigs - intensive rearing (2,000 places for pigs)","Pollutant releases (2024)"
"Brimsdown Precious Metal Recovery - EPR/VP3430BN","Non-ferrous metals","Waste transfers (2024)"
"Brinklow Quarry Limited, Highwood Farm","Disposal of non-hazardous waste","Waste transfers (2017)"
"Brinsworth Strip Mills EPR/UP3838YC","Thermal power plants and combustion installations (50MW or greater)","Waste transfers (2024)"
"Brintons Carpets Limited","Fibres or textiles - pre-treatment or dyeing","Pollutant transfers (2018)
Waste transfers (2018)"
"Bristol Avenue H W R C","Disposal of non-hazardous waste","Waste transfers (2024)"
"Bristol Resource Recovery Park","Disposal of non-hazardous waste","Waste transfers (2024)"
"Bristol Sewage Treatment Works","Disposal of non-hazardous waste","Waste transfers (2024)"
"Briston Poultry Unit - EPR/GP3732YK","Intensive livestock production","Pollutant releases (2024)"
"Brita Finish (T/A Aluminium Surface Engineering) EA/EPR/ZP3639PX/V002","Surface treatment of metals and plastic materials","Waste transfers (2024)"
"Britaniacrest Recycling Ltd","Disposal of non-hazardous waste","Waste transfers (2024)"
"British Bakeries EPR/VP3732VD/T001","Food and Beverage products","Waste transfers (2021)"
"British Lead Mills EPR/BL8317IK","Non-ferrous metals","Waste transfers (2024)"
"Brittons Hall Farm Landfill site EPR/PP3135SU","Landfills","Pollutant releases (2024)"
"Britvic Soft Drinks Leeds - EPR/BN2859IP","Food and Beverage products","Waste transfers (2024)"
"Britvic Soft Drinks Norwich","Food and Beverage products","Pollutant transfers (2019)
Waste transfers (2019)"
"Broad Lane EPR/TP3935PJ","Surface treatment of metals and plastic materials",""
"Broadcroft Quarry Transfer Station","Disposal of non-hazardous waste","Waste transfers (2024)"
"Broadcut: Fareham","Disposal of non-hazardous waste","Waste transfers (2024)"
"Broadhayes Pig Unit EPR/CP3439NB","Intensive livestock production","Pollutant releases (2024)"
"Broadmoor Brickworks Ltd","Ceramic products manufacture",""
"Broadpath Landfill EPR/RP3530BC","Landfills","Pollutant releases (2024)
Waste transfers (2024)"
"Brocklebank Oilseed Processing Plant EPR/BN4142IY","Food and Beverage products","Waste transfers (2024)"
"Brocklehurst Skip Hire","Disposal of non-hazardous waste","Waste transfers (2019)"
"Broiler at Tir Barwn","Poultry or pigs - intensive rearing (40,000 places for poultry)",""
"Broken Cross Open Cast Coal Site","Opencast mining and quarrying","Waste transfers (2017)"
"Brokenbury STW","Urban waste-water treatment","Pollutant releases (2024)"
"Bromborough Food Installation EPR/BP3936KB","Food and Beverage products","Waste transfers (2021)"
"Bromley Civic Amenity Site","Disposal of non-hazardous waste","Waste transfers (2024)"
"Bromsgrove Bulking Bay","Disposal of non-hazardous waste","Waste transfers (2024)"
"Brook Farm: Hollowmoor Heath","Intensive livestock production","Pollutant releases (2021)"
"Brookhurst Wood Landfill Site - EPR/BV9896IY","Landfills","Pollutant releases (2024)"
"Brookhurst Wood MBT Facility - EPR/HP3238GW","Disposal of non-hazardous waste","Waste transfers (2024)"
"Brookridge Timber Ltd","Preservation of wood",""
"Brooks Lane Organics EPR/RP3531LP","Hazardous Waste","Waste transfers (2024)"
"Brookside Farm Poultry Unit - EPR/GP3232YJ","Intensive livestock production","Pollutant releases (2024)
Waste transfers (2024)"
"Brookside Metal Trading Limited EPR/GP3400PH","Disposal of non-hazardous waste","Waste transfers (2024)"
"Brookside Surface Treatment - EPR/RP3534PH","Surface treatment of metals and plastic materials","Waste transfers (2024)"
"Broom Quarry","Opencast mining and quarrying","Waste transfers (2022)"
"Broomfield Bank WTW","Urban waste-water treatment","Pollutant releases (2024)
Waste transfers (2024)"
"Brooms Farm EPR/YP3230UK","Intensive livestock production","Pollutant releases (2024)"
"Brough Metal Treatment Facility EPR/UP3237PZ","Surface treatment of metals and plastic materials","Waste transfers (2022)"
"Brough Skip Hire","Disposal of non-hazardous waste","Waste transfers (2020)"
"Broughton Aircraft Factory","Hazardous Waste","Waste transfers (2018)"
"Brownhills Environmental Management Facility - EPR/MP3530GC","Hazardous Waste","Waste transfers (2024)"
"Broxbourne Business Centre: Cheshunt","Disposal of non-hazardous waste","Waste transfers (2024)"
"Brunel Road Civic Amenity Site (new)","Disposal of non-hazardous waste","Waste transfers (2024)"
"Brunel Road Transfer Station","Hazardous Waste","Waste transfers (2024)"
"Brunswick Waste Reception Site","Disposal of non-hazardous waste","Waste transfers (2024)"
"Bryan Hirst Ltd","Disposal of non-hazardous waste","Waste transfers (2024)"
"Bryn Hall Farm","Disposal of non-hazardous waste","Waste transfers (2020)"
"Bryn Pica Anaerobic Digestion Site EPR/SP3537VQ","Disposal of non-hazardous waste",""
"Brynglas Farm EPR/FP3434CG","Poultry or pigs - intensive rearing (40,000 places for poultry)",""
"Bubbenhall Landfill EPR/BW0037IA","Landfills","Pollutant releases (2024)
Waste transfers (2024)"
"Buchanan - Airfield poultry Farm EPR/RP3633UE","Intensive livestock production","Waste transfers (2024)"
"Buckden North Landfill EPR/RP3732SZ","Landfills","Pollutant releases (2024)"
"Budden Road Waste Transfer Station","Disposal of non-hazardous waste",""
"Budds Farm Wastewater Treatment Works And Sludge Treatment Centre","Disposal of non-hazardous waste",""
"Budget Skips Direct Ltd","Disposal of non-hazardous waste","Waste transfers (2022)"
"Building 18: Twinwoods Business Park","Hazardous Waste","Waste transfers (2024)"
"Building 3 Roe House","Disposal of non-hazardous waste","Waste transfers (2024)"
"Building 3: Roe House","Disposal of non-hazardous waste","Waste transfers (2024)"
"Building No 36 Devonport Royal Dockyard EPR/YP3936NL","Hazardous Waste","Waste transfers (2024)"
"Bulk Waste Recycling Facility","Disposal of non-hazardous waste","Waste transfers (2022)"
"Bull Lane Industrial Estate EPR/ BV6196IM","Basic Organic Chemicals","Waste transfers (2024)"
"Bullock Street EPR/ZP3537SL","Hazardous Waste","Waste transfers (2024)"
"Bunkers Hill Poultry Unit EPR/SP3934MV","Intensive livestock production","Waste transfers (2024)"
"Bunny Hill - EPR/EP3734WK","Disposal of non-hazardous waste","Waste transfers (2024)"
"Burgess Hill Household Waste Recycling Site & Waste Transfer Station","Disposal of non-hazardous waste","Waste transfers (2020)"
"Burghfield Landfill Site A EPR/MP3933CJ","Landfills","Pollutant releases (2024)"
"Burke Bros Cheltenham Ltd","Disposal of non-hazardous waste","Waste transfers (2024)"
"Burma Drive Household Waste Recycling Centre","Disposal of non-hazardous waste","Waste transfers (2024)"
"Burneside Paper Mill EPR/BJ7620ID","Paper, board and other primary wood products","Waste transfers (2024)"
"Burnham Waste Ltd","Disposal of non-hazardous waste","Waste transfers (2024)"
"Burnhills LTP EPR/ZP3639FD","Disposal of non-hazardous waste","Waste transfers (2018)"
"Burnley House, Leeds EPR/BJ6194IP","Basic Organic Chemicals","Waste transfers (2024)"
"Burnley Household Waste Recycling Centre","Disposal of non-hazardous waste","Waste transfers (2024)"
"Burnley Stw","Urban waste-water treatment","Pollutant releases (2024)
Waste transfers (2024)"
"Burnt Mill: Harlow","Disposal of non-hazardous waste","Waste transfers (2021)"
"Burntwood H W R C Ring Road Chase terrace Burntwood Staffordshire WS7 1JQ","Disposal of non-hazardous waste","Waste transfers (2021)"
"Burrows Farm Transfer Station - EPR/WP3831JT","Hazardous Waste","Waste transfers (2024)"
"Burscough Household Waste Recycling Centre","Disposal of non-hazardous waste","Waste transfers (2024)"
"Burscough Transfer Station EPR/SP3930RZ","Hazardous Waste","Waste transfers (2024)"
"Burslem Oil Refining - EPR/JP3031LX","Hazardous Waste","Waste transfers (2024)"
"Bursom Waste Treatment Facility","Disposal of non-hazardous waste","Waste transfers (2024)"
"Burton Brewery EPR/BN1437IT","Food and Beverage products","Pollutant transfers (2024)
Waste transfers (2024)"
"Burton H W R C Shobnall Road Burton On Trent Staffordshire DE14 2AU","Disposal of non-hazardous waste","Waste transfers (2021)"
"Burton Plant","Food and Beverage products","Waste transfers (2024)"
"Burtonhead Road H W R C","Disposal of non-hazardous waste","Waste transfers (2024)"
"Bury Metal Treatment Facility EPR/UP3738ZF","Surface treatment of metals and plastic materials","Waste transfers (2024)"
"Bury St Edmunds Feed Mill EPR/BX4674IH","Food and Beverage products","Waste transfers (2024)"
"Bury St Edmunds Maltings - EPR/BX2078IM","Food and Beverage products","Pollutant transfers (2024)
Waste transfers (2024)"
"Bury St Edmunds Sugar Factory EPR/BX2094IJ","Food and Beverage products","Pollutant releases (2024)
Waste transfers (2024)"
"Bury St Endmunds Household Waste Recycling Centre","Disposal of non-hazardous waste","Waste transfers (2019)"
"Bury Stw","Urban waste-water treatment","Pollutant releases (2024)
Waste transfers (2024)"
"Bury WTW Sludge Treatment Facility - EPR/SP3631LL","Disposal of non-hazardous waste","Waste transfers (2024)"
"Butlers Skip Hire","Disposal of non-hazardous waste","Waste transfers (2024)"
"Byker Reclamation Plant","Disposal of non-hazardous waste","Waste transfers (2024)"
"Byram Park Farm","Intensive livestock production","Pollutant releases (2020)"
"Bywaters (1986) Limited","Disposal of non-hazardous waste","Waste transfers (2024)"
"Bywaters Recycling And Recovery Centre","Disposal of non-hazardous waste","Waste transfers (2024)"
"C & J Blackburn","Disposal of non-hazardous waste","Waste transfers (2024)"
"C B Skips","Disposal of non-hazardous waste","Waste transfers (2024)"
"C F Booth Ltd","Disposal of non-hazardous waste","Waste transfers (2024)"
"C H Middleton Limited","Disposal of non-hazardous waste","Waste transfers (2024)"
"C J Metal Recycling","Disposal of non-hazardous waste","Waste transfers (2019)"
"C. F. Booth","Smelting of non-ferrous metals",""
"CANPACK UK","Surface treatment of metals and plastic materials","Waste transfers (2024)"
"CARLISLE WILLOWHOLME INDUSTRIAL ESTATE","Urban waste-water treatment","Pollutant releases (2024)
Waste transfers (2024)"
"CCR Energy Limited, Aberthaw Ash Disposal Site EPR/DP3432SW","Landfills",""
"CCR Energy Limited, Aberthaw Power Station EPR/RP3133LD","Thermal power plants and combustion installations (50MW or greater)",""
"CHILTON LIFESCIENCES EA/EPR/BJ8987IQ/V002","Basic pharmaceutical products","Waste transfers (2024)"
"CLE 3/8 Landfill Site EPR/RP3434HP","Landfills","Pollutant releases (2024)
Waste transfers (2024)"
"COLNBROOK LANDFILL","Landfills","Pollutant releases (2024)"
"COPART UK, Belleknowes Ind Est","Disposal of non-hazardous waste","Waste transfers (2024)"
"CORBY TUBEWORKS EA/EPR/BS8788IE/V003","Installations for the processing of ferrous metals","Waste transfers (2024)"
"CSG Aylesford Treatment Plant EPR/UP3033UX/V007","Hazardous Waste","Waste transfers (2024)"
"CSG Botley Treatment Plant EPR/PP3036MQ","Hazardous Waste","Waste transfers (2024)"
"CSG Bristol Treatment Plant EPR/AP3336SD","Hazardous Waste","Waste transfers (2024)"
"CSG Coventry Treatment Plant - EPR/HP3331SW","Hazardous Waste","Waste transfers (2024)"
"CSG Lanstar (Cadishead) EPR/BS1538IQ","Hazardous Waste","Waste transfers (2024)"
"CSG Sealand Treatment Plant EPR/AP3136MH","Hazardous Waste","Waste transfers (2024)"
"CTB Confectionery: Marlbrook","Milk - treatment and processing","Waste transfers (2022)"
"Cabot Lane Waste Water Treatment Works","Disposal of non-hazardous waste","Waste transfers (2022)"
"Cabot Norit (UK) Ltd, Glasgow","Gasification and Liquefaction","Pollutant transfers (2024)
Waste transfers (2024)"
"Caenby Cliff Farm - Danby Pig Unit EPR/NP3231JC","Intensive livestock production","Pollutant releases (2024)"
"Cairidh MCFF, Moll, Isle Of Skye","Aquaculture","Pollutant releases (2024)"
"Caister (Great Yarmouth) STW","Urban waste-water treatment","Pollutant releases (2024)"
"Caister H W R C","Disposal of non-hazardous waste","Waste transfers (2024)"
"Caistor Poultry Processors EPR/FP3233WY","Slaughterhouses",""
"Calcot Poultry Farm - EPR/LP3239HP","Intensive livestock production",""
"Calder Valley Skip Hire Ltd","Disposal of non-hazardous waste","Waste transfers (2024)"
"Caldervale Wwtw","Disposal of non-hazardous waste","Waste transfers (2024)"
"Caledonian Paper Mill, Shewalton, Irvine","Paper, board and other primary wood products","Pollutant releases (2024)
Pollutant transfers (2024)
Waste transfers (2024)"
"Calf Lane Quarry: Rye Common : Odiham: Rg29","Disposal of non-hazardous waste","Waste transfers (2022)"
"Call - A - Skip Ltd","Disposal of non-hazardous waste","Waste transfers (2021)"
"Callert MCFF, Loch Leven","Aquaculture","Pollutant releases (2024)"
"Callow Poultry Farm - EPR/UP3309BS","Intensive livestock production",""
"Calvert Landfill (Pits 4&5) - EPR/BS8605IQ","Landfills","Pollutant releases (2024)
Waste transfers (2024)"
"Calverton Household Waste Recycling Centre","Disposal of non-hazardous waste","Waste transfers (2024)"
"Camberley Treatment Plant","Hazardous Waste","Waste transfers (2018)"
"Cambridge Compressor Station EPR/DP3739LX","Thermal power plants and combustion installations (50MW or greater)","Waste transfers (2024)"
"Cambridge Sludge Treatment Centre","Disposal of non-hazardous waste",""
"Cambusview Poultry Unit, Cambus, Alloa","Poultry or pigs - intensive rearing (40,000 places for poultry)","Pollutant releases (2024)
Waste transfers (2024)"
"Cameronbridge Distillery, Windygates, Leven","Food and beverage products from vegetable raw materials","Pollutant releases (2024)
Waste transfers (2024)"
"Campact - EPR/BT0359IP","Basic Organic Chemicals","Waste transfers (2024)"
"Campbell Auto Salvage, Colinshiel Road","Disposal of non-hazardous waste","Waste transfers (2024)"
"Campground Household Waste Recycling Centre","Disposal of non-hazardous waste","Waste transfers (2024)"
"Campground Waste Transfer Station","Disposal of non-hazardous waste","Waste transfers (2024)"
"Campwood Landfill EPR/BS9989IJ","Landfills","Waste transfers (2024)"
"Camvac International Limited","Surface treatment with organic solvents","Waste transfers (2024)"
"Canal Road/ Valley Road","Disposal of non-hazardous waste","Waste transfers (2018)"
"Candles Landfill EPR/BU9084IJ","Landfills","Pollutant releases (2024)"
"Canford MBT Facility EPR/FP3393SB","Disposal of non-hazardous waste","Waste transfers (2024)"
"Canford Recycling Centre","Disposal of non-hazardous waste","Waste transfers (2024)"
"Cannington Creamery EPR/LP3738XP/V002","Milk - treatment and processing","Pollutant releases (2024)
Waste transfers (2024)"
"Cannock H W R C Lichfield Road Cannock Staffordshire WS11 8NQ","Disposal of non-hazardous waste","Waste transfers (2021)"
"Cannock Hazardous Waste Treatment Site - EPR/WP3638JR","Hazardous Waste","Waste transfers (2024)"
"Cantley Factory","Food and Beverage products","Pollutant releases (2024)
Waste transfers (2024)"
"Canwick Sludge Treatment Centre","Disposal of non-hazardous waste","Waste transfers (2024)"
"Canwick Waste Treatment Centre EPR/MP3135MD","Disposal of non-hazardous waste","Waste transfers (2024)"
"Caolas Loch Portain MCFF, Loch Maddy","Aquaculture","Pollutant releases (2024)"
"Caolas a Deas (East), Isle of Lewis","Aquaculture","Pollutant releases (2024)"
"Caolas a Deas (West), Isle of Lewis","Aquaculture","Pollutant releases (2024)"
"Capeston Farm","Poultry or pigs - intensive rearing (40,000 places for poultry)",""
"Capitol House","Disposal of non-hazardous waste","Waste transfers (2018)"
"Capstone Household Waste Recycling Centre","Disposal of non-hazardous waste","Waste transfers (2024)"
"Carbon Brake Facility: Coventry","Carbon (hardburnt coal) or electrographite","Waste transfers (2024)"
"Carcroft H W R C Site","Disposal of non-hazardous waste","Waste transfers (2024)"
"Carden Livestock, Mill of Carden, Inverurie","Poultry or pigs - intensive rearing (2,000 places for pigs)","Pollutant releases (2024)"
"Cardiff Waste Management Resource Centre EPR/SP3031SJ","Hazardous Waste","Waste transfers (2024)"
"Carlin Howe Farm Civic Amenity Site","Disposal of non-hazardous waste","Waste transfers (2024)"
"Carlisle Biscuit Factory - EPR/BO7830IF","Food and Beverage products","Waste transfers (2024)"
"Carlisle Feed Mill EPR/BW3303IV","Food and Beverage products","Waste transfers (2024)"
"Carlisle Street East","Disposal of non-hazardous waste","Waste transfers (2024)"
"Carlisle Wastewater Treatment Works","Disposal of non-hazardous waste","Waste transfers (2024)"
"Carlow Wood Farm - EPR/EP3536SM","Intensive livestock production",""
"Carlton Road Site","Disposal of non-hazardous waste","Waste transfers (2024)"
"Carnaby Baling Plant","Disposal of non-hazardous waste","Waste transfers (2024)"
"Carnaby Landfill Site EA/EPR/LP3530BX/V004","Landfills","Pollutant releases (2024)"
"Carnforth Household Waste Recycling Centre","Disposal of non-hazardous waste","Waste transfers (2024)"
"Carnforth/Nether Kellet Gas Compressor Station EPR/BU5631IR","Thermal power plants and combustion installations (50MW or greater)","Pollutant releases (2024)
Waste transfers (2024)"
"Carr Crofts Site","Disposal of non-hazardous waste","Waste transfers (2020)"
"Carr Hill Brass Foundry EPR/BM1091IW","Non-ferrous metals","Waste transfers (2024)"
"Carr Hill Household Waste Recycling Centre","Disposal of non-hazardous waste","Waste transfers (2024)"
"Carradale (South) MCFF, Carradale","Aquaculture","Pollutant releases (2024)"
"Carrington Oil Recovery Installation","Hazardous Waste","Waste transfers (2021)"
"Carrington Polyolefins Plant EPR/KP3536SH","Basic Organic Chemicals","Waste transfers (2024)"
"Carrington Works","Disposal of non-hazardous waste","Waste transfers (2016)"
"Carrwood Road Transfer Station","Disposal of non-hazardous waste","Waste transfers (2024)"
"Cartwrights Waste Disposal Services Ltd","Disposal of non-hazardous waste","Waste transfers (2024)"
"Casepak Material Recycling Facility","Disposal of non-hazardous waste","Waste transfers (2024)"
"Casey Ltd","Disposal of non-hazardous waste","Waste transfers (2024)"
"Cashmere Works","Fibres or textiles - pre-treatment or dyeing","Pollutant transfers (2024)
Waste transfers (2024)"
"Cassel Works EPR/BR7992IU","Basic Organic Chemicals","Waste transfers (2024)"
"Castill Laithe Abattoir - EPR/KP3538PF","Slaughterhouses","Pollutant releases (2024)
Waste transfers (2024)"
"Castle Bromwich IBA Facility EPR/ZP3932WU","Disposal of non-hazardous waste","Waste transfers (2024)"
"Castle Donnington RDF Facility EPR/FP3898SY/V005","Disposal of non-hazardous waste","Waste transfers (2024)"
"Castle Farm - EPR/HP3733UG","Intensive livestock production","Waste transfers (2024)"
"Castle House Farm Poultry Unit - EPR/NP3336UF","Intensive livestock production","Pollutant releases (2024)"
"Castlegreen Street Transfer Station,Dumbarton","Disposal of non-hazardous waste","Waste transfers (2024)"
"Catfoss Farm Poultry Unit - EPR/CP3137ZL","Intensive livestock production","Pollutant releases (2024)"
"Cauldon Cement Plant EPR/TP3334AW","Cement Clinker/Lime","Pollutant releases (2024)
Waste transfers (2024)"
"Causewayfold, Meikle Wartle, Inverurie","Disposal of non-hazardous waste","Waste transfers (2024)"
"Caw House EPR/UP3937FW","Food and Beverage products","Waste transfers (2024)"
"Cedar Maltings EPR/FP3132PH","Food and Beverage products","Waste transfers (2024)"
"Cemcor Limited","Cement Clinker production - rotary kilns","Pollutant releases (2024)
Waste transfers (2024)"
"Cemetery Road Household Waste Recycling Centre","Disposal of non-hazardous waste","Waste transfers (2024)"
"Cemetery Road Pizza and Pies WM EPR/BN8814IV/V003","Food and Beverage products","Pollutant transfers (2024)
Waste transfers (2024)"
"Cemex UK Materials Ltd, Halkyn Quarry","Opencast mining and quarrying","Waste transfers (2024)"
"Cemex UK Materials Ltd, Raynes Quarry","Opencast mining and quarrying","Waste transfers (2024)"
"Cemex Uk Cement Ltd: Kensworth Quarry","Opencast mining and quarrying","Waste transfers (2024)"
"Cenin Limited, The Research Centre","Hazardous Waste",""
"Centenary Works","Disposal of non-hazardous waste","Waste transfers (2024)"
"Central Bacton Gas Terminal EPR/PP3633LM","Mineral oil and gas refineries","Pollutant releases (2024)
Waste transfers (2024)"
"Central Demolition TS, Chatton Wks, Bonnybdge","Disposal of non-hazardous waste","Waste transfers (2024)"
"Central Oil Recovery Depot, Blackburn - EPR/BP3038MZ","Hazardous Waste","Waste transfers (2024)"
"Central Waste","Disposal of non-hazardous waste","Waste transfers (2024)"
"Centrica Barry Ltd, Barry Power Station","Thermal power plants and combustion installations (50MW or greater)",""
"Centurion Works, Balmuildy Rd, Bishopbriggs","Disposal of non-hazardous waste","Waste transfers (2024)"
"CeramTec UK Ltd","Basic inorganic chemical - non-metals, metal oxides or other inorganic compounds","Pollutant transfers (2024)
Waste transfers (2024)"
"Chadwell Heath Dairy EPR/HP3338RX","Milk - treatment and processing","Pollutant transfers (2018)
Waste transfers (2018)"
"Chainbridge Road, Blaydon","Disposal of non-hazardous waste","Waste transfers (2016)"
"Chalmers Hope MCFF, Bring Deeps","Aquaculture","Pollutant releases (2024)"
"Chalvey H W R C & Transfer Station","Disposal of non-hazardous waste","Waste transfers (2024)"
"Champion Technologies Limited","Basic Organic Chemicals","Pollutant releases (2024)
Pollutant transfers (2024)
Waste transfers (2024)"
"Chanters Civic Amenity Site","Disposal of non-hazardous waste","Waste transfers (2024)"
"Chapel Ascote Farm EPR/KP3133UJ","Intensive livestock production","Pollutant releases (2024)
Waste transfers (2024)"
"Chapel Farm Phase 2 Landfill Site - EPR/CP3035PF","Landfills","Pollutant releases (2024)"
"Chapel Farm Recycling And Transfer Station","Disposal of non-hazardous waste","Waste transfers (2016)"
"Chapels Park","Basic Organic Chemicals","Waste transfers (2024)"
"Chapterhouse Transfer Station - EPR/FP3235RD","Disposal of non-hazardous waste","Waste transfers (2024)"
"Chard Household Waste Recycling Centre","Disposal of non-hazardous waste","Waste transfers (2024)"
"Charles Muddle Limited","Disposal of non-hazardous waste","Waste transfers (2024)"
"Charlotte Bay MCFF, Firth of Lorn","Aquaculture","Pollutant releases (2024)"
"Charlton Lane Eco Park EPR/VP3997NK","Hazardous Waste","Waste transfers (2024)"
"Charnwood Michelmersh Brick Holding","Ceramic products manufacture",""
"Charterhall Airfield, Duns, Berwickshire","Disposal of non-hazardous waste","Waste transfers (2024)"
"Chartham Paper Mill - EPR/VP3803BB","Paper, board and other primary wood products","Waste transfers (2021)"
"Chase Farm Hospital","Disposal of non-hazardous waste",""
"Cheap As Skips","Disposal of non-hazardous waste",""
"Cheddleton Site EPR/HP3508BE","Animal carcasses and waste","Pollutant releases (2024)
Waste transfers (2024)"
"Chediston Hall Pig Farm EPR/TP3433ZA","Intensive livestock production","Pollutant releases (2024)"
"Chelmsford Transfer & Recycling Facility","Disposal of non-hazardous waste","Waste transfers (2024)"
"Chelmsford(Brookend) STW","Urban waste-water treatment","Pollutant releases (2024)
Waste transfers (2024)"
"Chelson Meadow Landfill","Disposal of non-hazardous waste",""
"Chelson Meadow Leachate Treatment Plant EPR/CP3731LZ","Disposal of non-hazardous waste","Waste transfers (2024)"
"Chelveston Renewable Energy Park - EPR/TP3438FK","Animal carcasses and waste","Waste transfers (2024)"
"Chemring Energetics UK Ltd, Ardeer,Stevenston","Explosives and pyrotechnic products","Waste transfers (2024)"
"Cherry Orchard H W R C","Disposal of non-hazardous waste","Waste transfers (2024)"
"Chesapeake Gravure Factory","Surface treatment with organic solvents",""
"Chesham Household Waste Recycling Centre","Disposal of non-hazardous waste","Waste transfers (2024)"
"Chesham Road: Wiggington","Disposal of non-hazardous waste","Waste transfers (2024)"
"Cheshire Brickmakers","Ceramic products manufacture",""
"Cheshire Dem & Ex Con Ltd","Disposal of non-hazardous waste","Waste transfers (2024)"
"Cheshire Power Station","Thermal power plants and combustion installations (50MW or greater)","Waste transfers (2018)"
"Cheshire Waste Management Centre - EPR/EP3933XF","Hazardous Waste","Waste transfers (2024)"
"Cheshunt Cemetery","Disposal of non-hazardous waste",""
"Chester West Employment Park EPR/BK9423IS","Non-ferrous metals","Waste transfers (2024)"
"Chesterfield Paper Mill - EPR/BP3734YG","Paper, board and other primary wood products","Waste transfers (2024)"
"Chesterfield Surface Treatment - EPR/BT5989ID","Surface treatment of metals and plastic materials","Waste transfers (2024)"
"Chickerell Generation Plant EPR/FP3230LM","Thermal power plants and combustion installations (50MW or greater)","Waste transfers (2024)"
"Chigwell Road Reuse And Recycling Centre","Disposal of non-hazardous waste","Waste transfers (2024)"
"Chilbolton Down Composting Facility","Disposal of non-hazardous waste","Waste transfers (2024)"
"Chilbridge Farm Pig Unit and Chilbridge Farm - EPR/QP3039UN","Intensive livestock production","Pollutant releases (2024)"
"Chilled Food Manufacturing Unit, Market Drayton - EPR/GP3130BW","Food and Beverage products","Waste transfers (2024)"
"Chillington Works","Disposal of non-hazardous waste",""
"Chilton Airfield","Disposal of non-hazardous waste","Waste transfers (2024)"
"Chilton BioMass Plant - EPR/LP3206SS","Incineration of non-hazardous waste","Waste transfers (2024)"
"Chilton Site EPR/TP3932PV","Food and Beverage products","Waste transfers (2024)"
"Chilton Transfer Station","Disposal of non-hazardous waste","Waste transfers (2024)"
"Chineham Transfer Station","Hazardous Waste","Waste transfers (2024)"
"Chirk Particleboard Facility EPR/BW9999IG","Paper, board and other primary wood products","Pollutant releases (2024)
Waste transfers (2024)"
"Chirnside Plant, Chirnside, Duns","Paper, board and other primary wood products","Waste transfers (2024)"
"Chorley Household Waste Recycling Centre","Disposal of non-hazardous waste","Waste transfers (2024)"
"Christian Salvesen Foods, Hull EPR/CP3438GV","Food and Beverage products","Waste transfers (2024)"
"Church Chemical Works EPR/DP3539ST","Basic Inorganic Chemicals","Pollutant transfers (2024)
Waste transfers (2024)"
"Church Farm EPR/RP3732NK","Intensive livestock production",""
"Church Marshes W T S & H W R C Gas Road Sittingbourne Kent ME10 2QD","Disposal of non-hazardous waste","Waste transfers (2024)"
"Cilgwyn Leachate Treatment Plant","Disposal of non-hazardous waste",""
"City Centre Commercials Ltd","Disposal of non-hazardous waste","Waste transfers (2024)"
"City Depot","Disposal of non-hazardous waste","Waste transfers (2024)"
"City Highways","Disposal of non-hazardous waste","Waste transfers (2024)"
"City Of Bradford Metropolitan District Council","Disposal of non-hazardous waste","Waste transfers (2024)"
"Cityworks - Newington Road","Disposal of non-hazardous waste","Waste transfers (2024)"
"Civic Amenity & Waste Recycling Centre","Disposal of non-hazardous waste","Waste transfers (2024)"
"Civic Way Recycling Centre","Disposal of non-hazardous waste","Waste transfers (2024)"
"Clapperton Poultry Complex,Broxburn,W.Lothian","Poultry or pigs - intensive rearing (40,000 places for poultry)","Pollutant releases (2024)
Waste transfers (2024)"
"Claremont Way Ind Est","Disposal of non-hazardous waste","Waste transfers (2018)"
"Clariant Production UK Ltd, Llantwit Fardre EPR/BL7396IZ","Basic Organic Chemicals",""
"Clariant Production UK Ltd, Llantwit Fardre EPR/BV4339IX","Basic Organic Chemicals",""
"Clarkeson Organic Recycling","Disposal of non-hazardous waste","Waste transfers (2024)"
"Clarks Hill Poultry Unit EPR/LP3631MY","Intensive livestock production","Pollutant releases (2024)"
"Clashburn Close, Bridgend Ind Est, Kinross","Disposal of non-hazardous waste","Waste transfers (2024)"
"Clay Flats Workington C A","Disposal of non-hazardous waste","Waste transfers (2024)"
"Clay Wheels Lane Waste Transfer Facility","Disposal of non-hazardous waste","Waste transfers (2024)"
"Claylands Avenue EPR/FP3890CZ","Hazardous Waste","Waste transfers (2024)"
"Claymills Chp Plant","Urban waste-water treatment","Pollutant releases (2024)"
"Clayton Hall Recycling Centre","Disposal of non-hazardous waste","Waste transfers (2024)"
"Clean Tech Europe","Disposal of non-hazardous waste","Waste transfers (2024)"
"Cleansing Depot, Souterford Rd, Inverurie","Aquaculture","Waste transfers (2024)"
"Clearwater DC 2001 Ltd, Glasgow","Hazardous Waste","Waste transfers (2024)"
"Cleckheaton wire production","Surface treatment of metals and plastic materials","Waste transfers (2018)"
"Clensey House Turkey Unit - EPR/RP3732YR","Intensive livestock production","Pollutant releases (2024)"
"Cliff Quay(Ipswich) STW","Urban waste-water treatment","Pollutant releases (2024)
Waste transfers (2024)"
"Clifton Hall Landfill EPR/BS7340IH","Landfills","Pollutant releases (2024)
Waste transfers (2024)"
"Clifton Marsh Composting Facility","Disposal of non-hazardous waste","Waste transfers (2024)"
"Clifton Marsh Landfill - Phase 4 EPR/BK2348IU","Landfills","Pollutant releases (2024)
Waste transfers (2024)"
"Clifton Poultry Farm, Clifton Road, Newbridge","Poultry or pigs - intensive rearing (40,000 places for poultry)","Waste transfers (2024)"
"Cliftongrade Metals Reclamation","Disposal of non-hazardous waste","Waste transfers (2024)"
"Clitheroe Catalyst Factory - EPR/BL8406IG","Basic Inorganic Chemicals","Pollutant releases (2024)
Pollutant transfers (2024)
Waste transfers (2024)"
"Clitheroe Household Waste Recycling Centre","Disposal of non-hazardous waste","Waste transfers (2024)"
"Clydach Nickel Refinery_BL4567IZ","Non-ferrous metals","Pollutant releases (2024)
Waste transfers (2024)"
"Clydesdale Place Transfer Station - EPR/BU5526IS","Hazardous Waste","Waste transfers (2024)"
"Coalville Waste Transfer Station","Disposal of non-hazardous waste","Waste transfers (2024)"
"Cobbswood Industrial Estate Brunswick Rd Ashford Kent TN23 1EN","Disposal of non-hazardous waste","Waste transfers (2024)"
"Cobden Street HWRC, TLS and MBT Facility - EPR/GB3907CW","Disposal of non-hazardous waste",""
"Coca Cola, 52 Milton Rd, East Kilbride","Food and beverage products from vegetable raw materials","Pollutant transfers (2024)
Waste transfers (2024)"
"Coca-Cola Europacific Partners Great Britain Ltd - EPR/BX4291IJ","Food and Beverage products","Waste transfers (2024)"
"Coca-Cola Europacific Partners Great Britain Ltd - EPR/BX5930IU","Food and Beverage products","Waste transfers (2024)"
"Coca-Cola Europacific Partners Great Britain Ltd - EPR/SP3439BU","Food and Beverage products","Pollutant transfers (2024)
Waste transfers (2024)"
"Cohart Asbestos Disposal Limited","Hazardous Waste","Waste transfers (2024)"
"Colchester Skip Hire Limited","Disposal of non-hazardous waste",""
"Coldstone Unit and A One Unit - EPR/NP3437MG","Intensive livestock production","Pollutant releases (2024)"
"Cole Green H W R C","Disposal of non-hazardous waste","Waste transfers (2019)"
"Coleshill Aluminium Limited","Smelting of non-ferrous metals",""
"Coleshill Quarry","Disposal of non-hazardous waste",""
"Coleshill Street Sweeping Plant","Disposal of non-hazardous waste","Waste transfers (2020)"
"Collafirth Ness MCFF, Swining Voe (Site 3)","Aquaculture","Pollutant releases (2024)"
"Collect - A - Way","Disposal of non-hazardous waste",""
"Colley Lane","Disposal of non-hazardous waste","Waste transfers (2021)"
"Collingsford (Thwaite) Farm - EPR/FP3036WQ","Intensive livestock production","Waste transfers (2024)"
"Colne Meat EPR/BQ1719IQ","Slaughterhouses","Pollutant releases (2024)
Pollutant transfers (2024)
Waste transfers (2024)"
"Colson Transport Limited","Disposal of non-hazardous waste","Waste transfers (2024)"
"Colsterworth Landfill Site - EPR/BV1437IB","Landfills","Pollutant releases (2024)
Waste transfers (2024)"
"Colwick Transfer Station","Disposal of non-hazardous waste","Waste transfers (2024)"
"Combellack Vehicle Recyclers Ltd","Hazardous Waste","Waste transfers (2024)"
"Comberton Poultry Farm EPR/FP3937MT","Intensive livestock production","Pollutant releases (2024)
Waste transfers (2024)"
"Combwell Farm Poultry Unit - EPR/EP3530UA","Intensive livestock production","Pollutant releases (2024)"
"Comelius Specialities Limited","Basic Organic Chemicals","Waste transfers (2024)"
"Comer Plating Limited","Surface treatment of metals and plastic materials","Waste transfers (2021)"
"Commercial Albumin Production Plant EPR/RP3137SF","Basic pharmaceutical products","Waste transfers (2024)"
"Commercial Recycling Ltd, Southwood Landfill Site","Landfills",""
"Common Farm Pig Unit - EPR/DP3630UR","Intensive livestock production",""
"Common Lane Site","Disposal of non-hazardous waste","Waste transfers (2024)"
"Compost Plant, Ecopark, EPR/QP3997NL","Disposal of non-hazardous waste","Waste transfers (2018)"
"Composting Facilities Services Ltd","Disposal of non-hazardous waste","Waste transfers (2024)"
"Conghurst Farm Green Waste Composting Site","Disposal of non-hazardous waste","Waste transfers (2016)"
"Conica Ltd","Disposal of non-hazardous waste","Waste transfers (2024)"
"Conisbrough H W R C","Disposal of non-hazardous waste","Waste transfers (2024)"
"Connah's Quay Power Station EPR/NP3037AF","Thermal power plants and combustion installations (50MW or greater)","Pollutant releases (2024)
Waste transfers (2024)"
"Connon Bridge Landfill","Landfills","Pollutant releases (2024)"
"Conroys Recycling Ltd","Disposal of non-hazardous waste","Waste transfers (2018)"
"Consett Anodising EPR/FP3237DH","Surface treatment of metals and plastic materials","Waste transfers (2024)"
"Consett EPR/SP3735VQ","Food and Beverage products","Pollutant releases (2022)
Waste transfers (2022)"
"Consolidated Stainless Recycling","Disposal of non-hazardous waste","Waste transfers (2019)"
"Constantia FFP Ltd","Surface treatment with organic solvents","Waste transfers (2024)"
"Conyers Trading Estate","Disposal of non-hazardous waste","Waste transfers (2016)"
"Conygre Farm - Hoveringham","Disposal of non-hazardous waste","Waste transfers (2020)"
"Cooked Meat Plant, Kings Lynn - EPR/BX2043IE","Food and Beverage products","Waste transfers (2024)"
"Cooks Birchwood Sidings T/S, Thornton, Fife","Disposal of non-hazardous waste","Waste transfers (2024)"
"Copley Lane Landfill","Landfills","Pollutant releases (2024)"
"Copley Sewage Sludge Treatment Plant - EPR/UP3634LF","Disposal of non-hazardous waste","Waste transfers (2024)"
"Copper Hill Industrial Estate","Disposal of non-hazardous waste",""
"Copthorne Yard","Disposal of non-hazardous waste","Waste transfers (2024)"
"Corbally Farm Ltd","Poultry or pigs - intensive rearing (2,000 places for pigs)",""
"Corby H W R C","Disposal of non-hazardous waste","Waste transfers (2024)"
"Corby Power Station EPR/LP3833LM","Thermal power plants and combustion installations (50MW or greater)","Waste transfers (2024)"
"Cordons Farm","Disposal of non-hazardous waste","Waste transfers (2024)"
"Coronet Flour Mill EPR/RP3332DN","Food and Beverage products","Waste transfers (2024)"
"Corsehill Waste Transfer Station, Annan","Disposal of non-hazardous waste","Waste transfers (2024)"
"Corsham Plating and Anodising Facility EA/EPR/BM9050IR/V002","Surface treatment of metals and plastic materials","Waste transfers (2024)"
"Coryton Power Station EPR/EP3833LY","Thermal power plants and combustion installations (50MW or greater)","Pollutant releases (2024)
Waste transfers (2024)"
"Costessey MRF Transfer Station","Disposal of non-hazardous waste","Waste transfers (2024)"
"Costessey Resource Recovery Park","Disposal of non-hazardous waste","Waste transfers (2024)"
"Cotesbach Landfill EPR/BK1449IK","Landfills","Pollutant releases (2024)
Pollutant transfers (2024)
Waste transfers (2024)"
"Cott Beverages - EPR/MP3735SN","Food and Beverage products","Waste transfers (2024)"
"Cott Beverages: Lindred Road EPR/CP3139GC/V002","Food and Beverage products","Waste transfers (2022)"
"Cottage Beck Transfer Station","Disposal of non-hazardous waste","Waste transfers (2024)"
"Cottam Ash Disposal Site","Disposal of non-hazardous waste","Pollutant releases (2019)"
"Cottam Development Centre Power Station","Thermal power plants and combustion installations (50MW or greater)","Pollutant releases (2024)
Waste transfers (2024)"
"Cottam Power Station EPR/SP3535LT","Thermal power plants and combustion installations (50MW or greater)","Pollutant releases (2019)
Waste transfers (2019)"
"Cottenham Oil Treatment Plant","Hazardous Waste","Waste transfers (2024)"
"Cottenham Skips Limited","Disposal of non-hazardous waste","Waste transfers (2024)"
"Cotton Abbotts Composting Acility","Disposal of non-hazardous waste","Waste transfers (2016)"
"Cotton Valley Sludge Treatment Centre","Disposal of non-hazardous waste",""
"Cotton Valley Waste Treatment Centre EPR/PP3434ML","Hazardous Waste","Waste transfers (2024)"
"Council Depot London Road East Amersham Buckinghamshire HP7 9DT","Disposal of non-hazardous waste","Waste transfers (2024)"
"Countrystyle Recycling EPR/XP3298HV","Disposal of non-hazardous waste","Waste transfers (2024)"
"Countrystyle Recycling Ltd","Disposal of non-hazardous waste","Waste transfers (2019)"
"County Skip Hire","Disposal of non-hazardous waste","Waste transfers (2024)"
"County Waste","Disposal of non-hazardous waste","Waste transfers (2021)"
"Court Farm Poultry Site - EPR/EP3935FY","Intensive livestock production","Pollutant releases (2024)"
"Court Lane Farm EPR/NP3937CG","Intensive livestock production",""
"Court Reclamation And Salvage Ltd","Disposal of non-hazardous waste","Waste transfers (2024)"
"Coventry Incinerator EPR/NP3739PD","Incineration of non-hazardous waste","Pollutant releases (2024)
Waste transfers (2024)"
"Coventry Non-Ferrous Metal Works EPR/BL4478IN","Non-ferrous metals","Waste transfers (2024)"
"Cowbit Farm Poultry Unit - EPR/KP3132YP","Intensive livestock production","Waste transfers (2024)"
"Cowdown Poultry Farm EPR/GP3636TT","Intensive livestock production",""
"Cowes Gas Turbine Power Station EPR/WP3835LR","Thermal power plants and combustion installations (50MW or greater)","Waste transfers (2024)"
"Cowfield Mill Transfer Station","Disposal of non-hazardous waste","Waste transfers (2024)"
"Cowley Hill Works","Glass manufacture (including glass fibre)",""
"Cowley Marsh Depot","Disposal of non-hazardous waste",""
"Cowpen Bewley Landfill Site EPR/RP3531DV","Landfills","Pollutant releases (2024)"
"Cowpen Bewley Open Windrow Composting Facility - EPR/EB3707CF","Disposal of non-hazardous waste","Waste transfers (2024)"
"Coxhoe Household Waste Recycling Centre","Disposal of non-hazardous waste","Waste transfers (2024)"
"Cradley Specialist Brick Ltd","Ceramic products manufacture",""
"Craigahulliar Landfill","Disposal of non-hazardous waste","Pollutant releases (2024)
Waste transfers (2024)"
"Cranbourne Road Ind Estate: Potters Bar","Disposal of non-hazardous waste","Waste transfers (2024)"
"Cranebrook Quarry Landfill","Disposal of non-hazardous waste","Waste transfers (2016)"
"Cranford Closed Landfill, Cranford Landfill and Cranford Valley Recovery Site EPR/PP3734SE","Landfills","Pollutant releases (2024)"
"Cranstone Bros - Beacon Hill Road","Disposal of non-hazardous waste","Waste transfers (2016)"
"Cranswick Convenience Foods - Sutton Fields EPR/KP3733AN","Food and Beverage products","Pollutant releases (2024)
Waste transfers (2024)"
"Cranswick Country Foods (Ballymena)","Slaughterhouses","Pollutant releases (2024)
Waste transfers (2024)"
"Cranswick Country Foods PLC (Norfolk) EPR/CP3507PJ","Slaughterhouses","Waste transfers (2024)"
"Cratfield Hall Farm EPR/VP3537NA","Intensive livestock production","Pollutant releases (2020)"
"Craven Arms Abattoir EPR/EP3233UA","Slaughterhouses","Waste transfers (2024)"
"Crawley Household Waste Recycling Site & Waste Transfer Station","Disposal of non-hazardous waste","Waste transfers (2024)"
"Crayfords Materials Recycliing Facility","Disposal of non-hazardous waste","Waste transfers (2024)"
"Creag an Sagairt (West), Arnisdale, Glenelg","Aquaculture","Pollutant releases (2024)"
"Crecy Farm","Intensive livestock production","Pollutant releases (2021)"
"Credential Environmental Ltd","Disposal of non-hazardous waste","Waste transfers (2024)"
"Cresswell Field: Worton Farm","Disposal of non-hazardous waste","Waste transfers (2024)"
"Crick Pet Food - EPR/BN3316IU","Food and Beverage products","Waste transfers (2024)"
"Cringle Dock Transfer Station","Disposal of non-hazardous waste","Waste transfers (2024)"
"Cripps Skips","Disposal of non-hazardous waste","Waste transfers (2020)"
"Crisp Maltings EPR/FP3037PA","Food and Beverage products","Waste transfers (2024)"
"Crittall Windows Limited","Surface treatment of metals and plastic materials",""
"Croda Europe Ltd - Barnfield Road - EPR/BT8155ID","Basic Organic Chemicals","Waste transfers (2024)"
"Crofty y Lloi Poultry Unit","Poultry or pigs - intensive rearing (40,000 places for poultry)",""
"Cromarty Campus, Rosyth, Fife","Disposal of non-hazardous waste","Waste transfers (2024)"
"Cronimet ( G B) Limited","Disposal of non-hazardous waste","Waste transfers (2024)"
"Crookford Hill Materials CHP Facility EPR/TP3098EU","Disposal of non-hazardous waste","Waste transfers (2024)"
"Crosby North Landfill EPR/CP3036AJ","Landfills","Pollutant releases (2018)"
"Cross Green Polymer Manufacturers - EPR/BP3139XM","Basic Organic Chemicals",""
"Cross and Beacon Farm","Intensive livestock production","Pollutant releases (2024)
Waste transfers (2024)"
"Crossgate Drive Clinical Waste Treatment Facility - EPR/UP3909SG","Hazardous Waste","Waste transfers (2024)"
"Crosshouse Hospital, Kilmarnock, Ayrshire","Disposal of non-hazardous waste","Waste transfers (2024)"
"Crossness Sewage Treatment Works","Urban waste-water treatment","Pollutant releases (2024)
Waste transfers (2024)"
"Crossways Farm","Disposal of non-hazardous waste","Waste transfers (2024)"
"Crossways Farm - EPR/FP3332MF/V006","Hazardous Waste","Waste transfers (2024)"
"Crowhillock Piggery, Kinneff","Poultry or pigs - intensive rearing (2,000 places for pigs)","Pollutant releases (2024)"
"Crown Farm","Slaughterhouses","Waste transfers (2020)"
"Crown Farm Way Dyeworks, Mansfield EPR/ BS1988IC","Fibres or textiles - pre-treatment or dyeing","Waste transfers (2024)"
"Crown Timber PLC","Preservation of wood",""
"Crows Hall AD Plant EPR/BB3931RA","Disposal of non-hazardous waste","Pollutant releases (2024)
Waste transfers (2024)"
"Crows Nest Farm","Disposal of non-hazardous waste","Waste transfers (2024)"
"Crows Nest Landfill Site, Aberdeen","Landfills","Waste transfers (2021)"
"Croydon Plant EPR/PP3236TH","Thermal power plants and combustion installations (50MW or greater)","Waste transfers (2024)"
"Crude Oil terminals Ltd, Tetney Oil Terminal","Mineral oil and gas refineries","Pollutant releases (2024)
Waste transfers (2024)"
"Cruden Bay Oil Reception Facility","Mineral oil and gas refineries","Waste transfers (2024)"
"Culham Materials Recycling Facility","Disposal of non-hazardous waste","Waste transfers (2024)"
"Cumbrian Storage Transhipment Facility EA/EPR/RP3730GY/V002","Hazardous Waste","Waste transfers (2022)"
"Cuxton H W R C","Disposal of non-hazardous waste","Waste transfers (2024)"
"Cwm Environmental Limited, Nantycaws Landfill Site","Landfills",""
"Cwmrhydyceirw Quarry Landfill","Disposal of non-hazardous waste",""
"D & E Roberts: Kingston Rd: Kt22","Disposal of non-hazardous waste","Waste transfers (2024)"
"D A C Steels Ltd","Disposal of non-hazardous waste","Waste transfers (2024)"
"D J B Recycling Limited","Disposal of non-hazardous waste","Waste transfers (2022)"
"D M E Tyres Ltd","Disposal of non-hazardous waste","Waste transfers (2024)"
"D M L Recycling Ltd","Disposal of non-hazardous waste","Waste transfers (2024)"
"D P Skip Hire Ltd","Disposal of non-hazardous waste","Waste transfers (2024)"
"D&J Whistance, The Paddocks Poultry Farm","Poultry or pigs - intensive rearing (40,000 places for poultry)",""
"DFDPM Production EPR/BU1008IN","Basic Organic Chemicals","Waste transfers (2024)"
"DH & EE & JP Williams, Merrystream Farm","Poultry or pigs - intensive rearing (40,000 places for poultry)",""
"DH & EE & JP Williams, Ty Newydd Farm","Poultry or pigs - intensive rearing (40,000 places for poultry)",""
"DSM @ Drakemyre Chemical Works, Dalry","Oxygen-containing hydrocarbons","Pollutant releases (2024)
Pollutant transfers (2024)
Waste transfers (2024)"
"Dainton Quarry","Disposal of non-hazardous waste","Waste transfers (2016)"
"Dairy House Farm Pig Unit - EPR/EP3634AK","Intensive livestock production","Pollutant releases (2024)"
"Daisyfield","Disposal of non-hazardous waste","Waste transfers (2024)"
"Dakota Poultry Unit - EPR/SP3234MS","Intensive livestock production",""
"Daldowie STW, Glasgow Rd, Uddingston","Urban waste-water treatment","Pollutant releases (2024)
Waste transfers (2024)"
"Dale Farm Ltd (Dromore)","Milk - treatment and processing","Waste transfers (2024)"
"Dale View Farm EPR/SP3331MJ","Intensive livestock production","Pollutant releases (2024)
Waste transfers (2024)"
"Dalehead Foods","Slaughterhouses","Waste transfers (2024)"
"Dalinlongart L/F & Compost, Sandbank, Dunoon","Landfills","Waste transfers (2024)"
"Dalkia Utilities Services Plc, Runcorn Beverage Packaging Plant","Food and Beverage products",""
"Dalmarnock STW, Cotton St, Dalmarnock,Glasgow","Urban waste-water treatment","Pollutant releases (2024)"
"Dalmeny Hound Point, South Queensferry","Mineral oil and gas refineries","Pollutant releases (2024)
Waste transfers (2024)"
"Dalmuir STW, Beardmore Street, Clydebank","Urban waste-water treatment","Pollutant releases (2024)
Waste transfers (2024)"
"Dalrannoch MFF, Loch Creran (Site B)","Aquaculture","Pollutant releases (2021)"
"Dalton Metal Recycling,15 Youngs Rd, Broxburn","Disposal of non-hazardous waste","Waste transfers (2024)"
"Dalton Pet Foods Manufacturer","Food and Beverage products","Waste transfers (2024)"
"Damhead Waste Management Centre, Peterhead","Hazardous Waste","Pollutant transfers (2024)
Waste transfers (2024)"
"Danes Moss Household Waste Site","Disposal of non-hazardous waste","Waste transfers (2024)"
"Danes Moss Landfill - EPR/UP3639LY","Landfills","Pollutant releases (2024)
Waste transfers (2024)"
"Danes Moss Landfill Site ( Waste Transfer Station)","Disposal of non-hazardous waste","Waste transfers (2019)"
"Daneshill Landfill Site EPR/NP3538MF","Landfills","Pollutant releases (2024)
Waste transfers (2024)"
"Danish Crown Bugle EPR/DP3631RA","Food and Beverage products","Waste transfers (2024)"
"Danny Morson Way","Disposal of non-hazardous waste","Waste transfers (2024)"
"Dansom Lane Fine Chemical Plant","Basic pharmaceutical products","Pollutant releases (2024)
Waste transfers (2024)"
"Darlington Timber Treatment Products EPR/QP3638SJ","Basic plant health products and of biocides","Waste transfers (2024)"
"Dartford Oil Management Unit EPR/TP3738MY","Hazardous Waste","Waste transfers (2024)"
"Darwen Recycling Facility","Disposal of non-hazardous waste","Waste transfers (2020)"
"Dave Skinner Groundworks Ltd","Disposal of non-hazardous waste",""
"David Cover and Son Limited","Preservation of wood","Waste transfers (2024)"
"Davidstow Creamery EPR/BN6137IK","Milk - treatment and processing","Pollutant releases (2024)
Waste transfers (2024)"
"Davies Skip Hire","Disposal of non-hazardous waste","Waste transfers (2024)"
"Davyfield Depot ( Blackburn Borough Council T S )","Disposal of non-hazardous waste","Waste transfers (2024)"
"Davyhulme Stw","Urban waste-water treatment","Pollutant releases (2024)
Waste transfers (2024)"
"Davyhulme Wastewater Treatment Works - Sludge Treatment Facility EPR/HP3931LJ","Disposal of non-hazardous waste","Waste transfers (2024)"
"Daw Mill Colliery","Underground mining",""
"Dawley Park EPR/KP3637PF","Surface treatment of metals and plastic materials","Pollutant releases (2024)
Waste transfers (2024)"
"Dawsholm Transfer Station & Recycling Centre","Disposal of non-hazardous waste","Waste transfers (2024)"
"Day Aggregates","Disposal of non-hazardous waste","Waste transfers (2024)"
"Ddole Farm Poultry Unit EPR/BV5220IH","Poultry or pigs - intensive rearing (40,000 places for poultry)",""
"Decoy Farm EPR/TP3538KE","Intensive livestock production","Pollutant releases (2024)"
"Deep Moor Civic And Amenity Composting Site","Disposal of non-hazardous waste","Waste transfers (2019)"
"Deep Moor Composting Facility - EPR/VP3402BE","Disposal of non-hazardous waste","Waste transfers (2024)"
"Deep Moor Landfill EPR/BV6994IV","Landfills","Pollutant releases (2024)"
"Deep Moor Landfill High Bullen St. Giles In The Wood Torrington Devon EX38 7JA","Disposal of non-hazardous waste","Waste transfers (2024)"
"Deepcar Recycling Centre","Disposal of non-hazardous waste","Waste transfers (2024)"
"Deeping Poultry Unit - EPR/JP3337UT","Intensive livestock production","Pollutant releases (2024)
Waste transfers (2024)"
"Deerplay Landfill Site - EPR/KP3734LL","Landfills","Pollutant releases (2024)
Waste transfers (2024)"
"Dem-Master, Pottishaw Place, Bathgate","Disposal of non-hazardous waste","Waste transfers (2024)"
"Denholm Seafoods Ltd, East Quay, Aberdeen","Food and beverage products from animal raw materials (other than milk)","Pollutant transfers (2024)"
"Deptford Recycling Centre","Disposal of non-hazardous waste","Waste transfers (2024)"
"Derby Alternative Energy Plant EPR/FP3739VA/V002","Incineration of non-hazardous waste","Waste transfers (2019)"
"Derby Sewage Treatment Works","Urban waste-water treatment","Pollutant releases (2024)"
"Derby Sinfin CHP Plant EPR/FP3739LK","Thermal power plants and combustion installations (50MW or greater)","Waste transfers (2021)"
"Derby Transfer Station","Disposal of non-hazardous waste","Waste transfers (2024)"
"Derbyshire Materials Recycling Facility","Disposal of non-hazardous waste","Waste transfers (2024)"
"Derriford Incinerator EPR/GP3236AX/T001","Hazardous Waste","Waste transfers (2024)"
"Derrings Lane Poultry Farm EPR/ZP3837ZV","Intensive livestock production","Pollutant releases (2024)"
"Derwent Recycling Services Ltd","Disposal of non-hazardous waste","Waste transfers (2024)"
"Devizes Household Recycling Centre","Disposal of non-hazardous waste","Waste transfers (2024)"
"Devonport Royal Dockyard N152 EPR/DP3933BC","Surface treatment of metals and plastic materials","Waste transfers (2024)"
"Dewsbury Moor Chemical Site EPR/DP3432RV","Basic Organic Chemicals","Waste transfers (2024)"
"Dial A Bin Limited","Disposal of non-hazardous waste","Waste transfers (2024)"
"Dick Lane Metals","Disposal of non-hazardous waste","Waste transfers (2021)"
"Dickinson Environmental Transfer Station","Disposal of non-hazardous waste","Waste transfers (2024)"
"Didcot B Power Station EPR/YP3930LZ","Thermal power plants and combustion installations (50MW or greater)","Pollutant releases (2024)
Waste transfers (2024)"
"Digbeth Platers 1 EPR/BN0171IA","Surface treatment of metals and plastic materials","Waste transfers (2024)"
"Diggle Green Farm Composting Facility EPR/QP3995VG","Disposal of non-hazardous waste","Waste transfers (2024)"
"Dimlington Gas Terminal EPR/PP3237CR","Mineral oil and gas refineries","Pollutant releases (2024)
Waste transfers (2024)"
"Dimmer Recovery Facility EPR/UP3805LN","Disposal of non-hazardous waste","Waste transfers (2024)"
"Dimmer Waste Disposal Site","Disposal of non-hazardous waste","Waste transfers (2016)"
"Dinscott Farm","Disposal of non-hazardous waste",""
"Direct Waste Management Ltd Damhead Peterhead","Hazardous Waste","Waste transfers (2024)"
"Direct Waste Management Ltd TS, Dales Ind Est","Hazardous Waste","Waste transfers (2024)"
"Disley Mill - EPR/PP3539TJ","Paper, board and other primary wood products","Waste transfers (2024)"
"Distington Hazardous Waste Transfer Station - EPR/QP3437SV","Hazardous Waste","Waste transfers (2024)"
"Distington Landfill Site - EPR/BV8725IT","Landfills","Pollutant releases (2024)"
"Distington Materials Recycling Facility","Disposal of non-hazardous waste","Waste transfers (2024)"
"Dix Pit H W R C","Disposal of non-hazardous waste","Waste transfers (2024)"
"Dix Pit Landfill EPR/BV7214IR","Landfills","Pollutant releases (2024)
Waste transfers (2024)"
"Dix Pit Transfer Station","Disposal of non-hazardous waste","Waste transfers (2024)"
"Dms Chromium Plating Ltd, D.M.S. Chromium Plating Ltd","Surface treatment of metals and plastic materials","Waste transfers (2016)"
"Dock Road South Transfer Station","Disposal of non-hazardous waste","Waste transfers (2024)"
"Dockerill ( Plant Hire ) Ltd","Disposal of non-hazardous waste","Waste transfers (2024)"
"Docklands Waste Recycling, Dock Road","Disposal of non-hazardous waste","Waste transfers (2016)"
"Docklands Wharf Transfer Station","Disposal of non-hazardous waste","Waste transfers (2024)"
"Doe Lea Inert & Excavation W T S","Disposal of non-hazardous waste",""
"Dogsthorpe Flour Mill EPR/WP3435LF","Food and Beverage products","Waste transfers (2022)"
"Dogsthorpe Landfill Site (composting)","Disposal of non-hazardous waste","Waste transfers (2024)"
"Dogsthorpe Landfill Site EPR/BV3740ID","Landfills","Pollutant releases (2024)"
"Dolau House Poultry Farm EPR/HP3036ME","Poultry or pigs - intensive rearing (40,000 places for poultry)",""
"Doles Ash Farm and Thorncombe Farm Pig Units - EPR/TP3233UT","Intensive livestock production","Pollutant releases (2024)"
"Dolidre Poultry Unit EPR/MP3130TW","Poultry or pigs - intensive rearing (40,000 places for poultry)",""
"Donald Ward Ltd","Disposal of non-hazardous waste","Waste transfers (2024)"
"Donarbon Ltd - Cambridge Recycling Centre","Disposal of non-hazardous waste","Waste transfers (2024)"
"Doncaster Wire Mill EPR/BK7382IS","Installations for the processing of ferrous metals","Pollutant releases (2024)
Waste transfers (2024)"
"Donoghue: Claremont Rd","Disposal of non-hazardous waste","Waste transfers (2024)"
"Dorisland WWTW","Urban waste-water treatment","Waste transfers (2020)"
"Dorket Head Landfill EPR/BV4444IQ","Landfills","Pollutant releases (2024)
Waste transfers (2024)"
"Douglas J Williamson, Moycroft MR, Elgin","Disposal of non-hazardous waste","Waste transfers (2024)"
"Dove Holes Quarry","Opencast mining and quarrying","Pollutant releases (2024)
Waste transfers (2024)"
"Dovecote Park Ltd","Slaughterhouses","Waste transfers (2024)"
"Dovercourt Civic Amenity Site","Disposal of non-hazardous waste","Waste transfers (2021)"
"Dow Waste TS, Lenziemill Road,Cumbernauld","Disposal of non-hazardous waste","Waste transfers (2024)"
"Dowley Gap Recycling Centre And Household Waste Site","Disposal of non-hazardous waste","Waste transfers (2024)"
"Down End Wood Transfer Facility","Disposal of non-hazardous waste","Waste transfers (2024)"
"Down To Earth Recycling","Disposal of non-hazardous waste","Waste transfers (2024)"
"Dragon LNG Ltd, Waterston","Gasification and Liquefaction","Pollutant releases (2024)
Waste transfers (2024)"
"Drakelands Mineral Procesing Facility","Metal ore roasting / sintering","Waste transfers (2017)"
"Drax Power Station EPR/VP3530LS","Thermal power plants and combustion installations (50MW or greater)","Pollutant releases (2024)
Waste transfers (2024)"
"Drayton Depot EPR/RP3338DS","Hazardous Waste","Waste transfers (2024)"
"Drayton W R R C","Disposal of non-hazardous waste","Waste transfers (2024)"
"Drinkfield Waste Transfer Station","Disposal of non-hazardous waste","Waste transfers (2024)"
"Droitwich Dairy EPR/EP3836NU/T001","Milk - treatment and processing","Waste transfers (2024)"
"Drome Farm","Disposal of non-hazardous waste","Waste transfers (2017)"
"Druimyeon Bay MCFF, Isle of Gigha","Aquaculture","Pollutant releases (2024)"
"Drummond Moor (No2) L/F, Rosewell, Midlothian","Landfills","Waste transfers (2024)"
"Duddery Hill Chemical Works","Hazardous Waste","Waste transfers (2024)"
"Dudley EfW EPR/HP3247QS","Incineration of non-hazardous waste","Pollutant releases (2024)
Waste transfers (2024)"
"Dudley Pharmaceutical Site - EPR/AP3234LG","Basic pharmaceutical products","Pollutant releases (2024)
Pollutant transfers (2024)
Waste transfers (2024)"
"Duisky Landfill Site, Fort William (Site 5)","Landfills","Pollutant releases (2024)
Waste transfers (2024)"
"Duke Street Pigment Manufacturer","Basic Inorganic Chemicals","Waste transfers (2024)"
"Dukes Quarry Transfer Station","Disposal of non-hazardous waste",""
"Dukinfield WwTw EPR/HP3831LD","Disposal of non-hazardous waste","Waste transfers (2018)"
"Dulcote Household Waste Recycling Centre","Disposal of non-hazardous waste","Waste transfers (2024)"
"Dumbles Poultry Farm EPR/HP3936MT","Poultry or pigs - intensive rearing (40,000 places for poultry)",""
"Dunbia (Cardington) EPR/BX2086IB","Slaughterhouses","Waste transfers (2024)"
"Dunbia (Carnaby) EPR/LP3830BC","Slaughterhouses","Pollutant transfers (2024)
Waste transfers (2024)"
"Dunbia (Cumbria) - EPR/PP3337FP","Slaughterhouses","Waste transfers (2024)"
"Dunbia (Preston) - EPR/WP3338UP","Slaughterhouses","Waste transfers (2024)"
"Dunbia (Treburley) EPR/LP3033WQ","Slaughterhouses","Waste transfers (2024)"
"Dunbia (UK), Teifi Park Abattoir And Meat Processing Plant","Slaughterhouses","Waste transfers (2024)"
"Dunbia West Devon EPR/RP3938EE","Slaughterhouses","Waste transfers (2024)"
"Dunbia, Cross Hands Meat Processing Plant_BU8002IT","Food and beverage products from animal raw materials (other than milk)","Waste transfers (2024)"
"Dunbrik Depot Civic Amenity Site","Disposal of non-hazardous waste","Waste transfers (2024)"
"Dundee CC, Baldovie Recycl Ctr CA/TS, Dundee","Disposal of non-hazardous waste","Waste transfers (2024)"
"Dunfermline STW, North Queensferry Road, Fife","Urban waste-water treatment","Pollutant releases (2024)
Waste transfers (2024)"
"Dungeness B Power Station EPR/BX6006IY","Thermal power plants and combustion installations (50MW or greater)","Waste transfers (2024)"
"Dunmow Skips Ltd","Disposal of non-hazardous waste","Waste transfers (2024)"
"Dunstable Waste Transfer & Recycling Facility","Disposal of non-hazardous waste","Waste transfers (2020)"
"Dupont Teijin Films Ltd, Dumfries","Basic plastic materials (polymers, synthetic fibres and cellulose-based fibres)","Waste transfers (2024)"
"Dusty Bin Skip Hire","Disposal of non-hazardous waste","Waste transfers (2024)"
"Duxford Installation EPR/BS0671IN","Basic Organic Chemicals","Pollutant releases (2024)
Waste transfers (2024)"
"Dwan Mill EPR/BX0806IG","Food and Beverage products","Waste transfers (2024)"
"Dwr Cymru Cyfyngedig, Cardiff East Wastewater Treatment Works FP3232KG","Disposal of non-hazardous waste","Waste transfers (2024)"
"Dyson Technical Ceramics","Ceramic products manufacture",""
"E A Barnes & Sons Ltd","Disposal of non-hazardous waste","Waste transfers (2024)"
"E B Whittal Williams & Partners, Upper Triley Farm","Poultry or pigs - intensive rearing (40,000 places for poultry)",""
"E G A P Recycling Limited","Disposal of non-hazardous waste","Waste transfers (2024)"
"E M R","Hazardous Waste","Waste transfers (2021)"
"E M R","Disposal of non-hazardous waste","Waste transfers (2021)"
"E M R","Hazardous Waste","Waste transfers (2021)"
"E M R - Bridge House","Disposal of non-hazardous waste","Waste transfers (2024)"
"E M R Blaydon - E L V","Hazardous Waste","Waste transfers (2024)"
"E M R Blaydon - Mixed M R S","Disposal of non-hazardous waste","Waste transfers (2024)"
"E M R Burnopfield","Disposal of non-hazardous waste","Waste transfers (2024)"
"E M R Darlaston Fridge Plant - EPR/GP3292FT","Hazardous Waste","Waste transfers (2024)"
"E M R Darlington","Disposal of non-hazardous waste","Waste transfers (2024)"
"E M R Lincoln","Disposal of non-hazardous waste","Waste transfers (2024)"
"E M R Salford","Hazardous Waste","Waste transfers (2024)"
"E M R Wolverhampton","Disposal of non-hazardous waste","Waste transfers (2016)"
"E Pearse & Co ( Plymouth )","Hazardous Waste","Waste transfers (2024)"
"E T M Recycling Ltd","Disposal of non-hazardous waste","Waste transfers (2024)"
"E W D Depot: Martell's Quarry","Disposal of non-hazardous waste","Waste transfers (2020)"
"EIS Waste Services, Gallowhill","Disposal of non-hazardous waste","Waste transfers (2024)"
"ELG Carrs Special Steels","Ferrous metal foundry",""
"EMR - Knowsthorpe Way - EPR/RP3594ZS","Hazardous Waste","Waste transfers (2024)"
"EMR Birmingham EPR/PP3232WU","Disposal of non-hazardous waste","Waste transfers (2024)"
"EMR East Tilbury - EPR-HP3547QK","Disposal of non-hazardous waste","Waste transfers (2024)"
"EMR Hartlepool - EPR/MP3090ZL","Disposal of non-hazardous waste",""
"EOS/Rotatives Derby","Surface treatment of metals and plastic materials","Pollutant releases (2024)
Waste transfers (2024)"
"EP Ballylumford Ltd","Thermal power plants and combustion installations (50MW or greater)","Pollutant releases (2024)
Waste transfers (2024)"
"EP Kilroot Ltd","Thermal power plants and combustion installations (50MW or greater)","Waste transfers (2024)"
"EP Kilroot Ltd","Disposal of non-hazardous waste","Waste transfers (2024)"
"EPR Scotland Ltd Westfield Biomass Plant Fife","Incineration of non-hazardous waste","Pollutant releases (2024)
Waste transfers (2024)"
"EVIOSYS","Surface treatment with organic solvents",""
"EXETER STW (Countess Wear)","Urban waste-water treatment","Pollutant releases (2024)"
"EXLABESA EXTRUSIONS","Surface treatment of metals and plastic materials","Waste transfers (2024)"
"Eagle Recovery And Transfer Hub","Disposal of non-hazardous waste","Waste transfers (2024)"
"Ealand Poultry Unit - EPR/HP3136UB","Intensive livestock production",""
"Earlstres Industrial Estate EPR/BU9050IF","Basic Organic Chemicals","Waste transfers (2024)"
"Earlswood Civic Recycling Centre","Disposal of non-hazardous waste","Waste transfers (2024)"
"Easington Gas Receiving Facility EPR/YP3835FE","Thermal power plants and combustion installations (50MW or greater)","Waste transfers (2024)"
"Easington Gas Terminal EPR/AP3833LW","Thermal power plants and combustion installations (50MW or greater)","Pollutant releases (2024)
Waste transfers (2024)"
"East Coast Hafreys Transfer Station","Disposal of non-hazardous waste","Waste transfers (2024)"
"East Coast Waste Limited","Disposal of non-hazardous waste","Waste transfers (2024)"
"East Coast Waste Ltd","Disposal of non-hazardous waste","Waste transfers (2024)"
"East Devon Materials Recycling Facility","Disposal of non-hazardous waste","Waste transfers (2024)"
"East Devon Waste Transfer Station","Disposal of non-hazardous waste","Waste transfers (2024)"
"East Down Farm Poultry Unit EPR/PP3439UY","Intensive livestock production","Pollutant releases (2020)"
"East Farm EPR/JP3830UU","Intensive livestock production","Pollutant releases (2024)"
"East Grinstead Household Waste Recycling Site & Waste Transfer Station","Disposal of non-hazardous waste","Waste transfers (2020)"
"East Hortonwood Abattoir EPR/QP3233NQ","Slaughterhouses","Pollutant transfers (2019)"
"East House Farm - EPR/HP3733ZC","Intensive livestock production","Pollutant releases (2024)"
"East Kent RDF Facility EPR/VP3130WU","Disposal of non-hazardous waste","Waste transfers (2024)"
"East Kent Waste Recovery Facility","Hazardous Waste","Waste transfers (2024)"
"East Leake Gypsum Works - EPR/RP3833KT","Thermal power plants and combustion installations (50MW or greater)","Waste transfers (2024)"
"East Northants RM Facility EPR/YP3138XB","Hazardous Waste","Waste transfers (2024)"
"East Northants Resource Management Facility - EPR/TP3430GW","Landfills","Pollutant releases (2024)
Waste transfers (2024)"
"East Of Papa Little MFF, Swarbacks Minn","Aquaculture",""
"East Shed","Disposal of non-hazardous waste","Waste transfers (2018)"
"East Tullos Refuse Treatment Plant, Aberdeen","Disposal of non-hazardous waste","Waste transfers (2024)"
"East Winch Pig Unit","Intensive livestock production","Pollutant releases (2022)"
"East of Langa MCFF, Bur Wick","Aquaculture","Pollutant releases (2024)"
"Eastcroft EFW Plant - EPR/EP3034SN","Incineration of non-hazardous waste","Pollutant releases (2024)
Waste transfers (2024)"
"Easter Deans Farm,Leadburn,W.Linton,Tweedale","Poultry or pigs - intensive rearing (40,000 places for poultry)","Pollutant releases (2024)"
"Easter Hatton Environment, Balmedie, Aberdeen","Landfills","Waste transfers (2024)"
"Easter Queenslie TS and RC","Disposal of non-hazardous waste","Waste transfers (2024)"
"Eastern Waste Disposal Ltd","Hazardous Waste","Waste transfers (2024)"
"Eastern Way Food Factory EPR/BW9255IU","Food and Beverage products","Pollutant releases (2024)
Pollutant transfers (2024)
Waste transfers (2024)"
"Eastfield Mills EPR/BR4705IR","Fibres or textiles - pre-treatment or dyeing","Pollutant transfers (2024)
Waste transfers (2024)"
"Eastham Refinery - EPR/BS5215IZ","Mineral oil and gas refineries",""
"Eastleigh Railway Sidings","Disposal of non-hazardous waste","Waste transfers (2021)"
"Eastmoor Pig Unit","Intensive livestock production","Pollutant releases (2021)"
"Easton Food Processors EPR/ZP3737YZ","Food and Beverage products","Waste transfers (2024)"
"Easton Lane (new) C A Site","Disposal of non-hazardous waste","Waste transfers (2020)"
"Easy Excavation Ltd","Disposal of non-hazardous waste","Waste transfers (2021)"
"Eaton Green Household Waste Recycling Centre","Disposal of non-hazardous waste","Waste transfers (2024)"
"Ebbsfleet Farm A D Facility","Disposal of non-hazardous waste",""
"Ebor Skip Hire","Disposal of non-hazardous waste",""
"Ecclesfield Industrial Waste Treatment Facility EPR/MP3631SM","Hazardous Waste","Pollutant transfers (2024)
Waste transfers (2024)"
"Eco Piddlehinton A D Facility","Disposal of non-hazardous waste","Waste transfers (2022)"
"Eco Waste And Recycling Ltd","Disposal of non-hazardous waste","Waste transfers (2024)"
"Eco-Centre, Damhead Way, Dales Ind Est Pthead","Disposal of non-hazardous waste","Waste transfers (2024)"
"Eco-Deco RDF Plant, Dumfries","Disposal of non-hazardous waste","Waste transfers (2024)"
"Ecobat Logistics - EPR/DB3704FG","Hazardous Waste","Waste transfers (2024)"
"Ecologic Yard","Disposal of non-hazardous waste","Waste transfers (2024)"
"Economic Skips Ltd: Mercury Way: Se14","Disposal of non-hazardous waste","Waste transfers (2024)"
"Eden Organics Composting Site","Disposal of non-hazardous waste","Waste transfers (2024)"
"Edenford, Poultry Unit - EPR/FP3934ML","Intensive livestock production",""
"Edgefield Landfill Site EPR/DP3439AZ","Landfills","Pollutant releases (2024)"
"Edinburgh Sewage Treatment Works, Leith","Urban waste-water treatment","Pollutant releases (2024)
Waste transfers (2024)"
"Edinburgh Transfer Station","Disposal of non-hazardous waste","Waste transfers (2024)"
"Edmonton ( Atlas) M R F","Disposal of non-hazardous waste","Waste transfers (2024)"
"Edmonton EfW Facility EPR/YP3033BE","Incineration of non-hazardous waste","Pollutant releases (2024)
Pollutant transfers (2024)
Waste transfers (2024)"
"Edmonton IBA Facility","Disposal of non-hazardous waste","Waste transfers (2021)"
"Edward Street AP EPR/YP3331UC","Surface treatment of metals and plastic materials","Waste transfers (2024)"
"Edwards Waste Recycling - Barking","Disposal of non-hazardous waste","Waste transfers (2024)"
"Edwin Richards Landfill Site EPR/BU0834IP","Landfills","Pollutant releases (2024)"
"Efford Landfill - Leachate Treatment Plant EPR/SP3538LE","Disposal of non-hazardous waste","Waste transfers (2024)"
"Eggborough Power Station","Thermal power plants and combustion installations (50MW or greater)","Pollutant releases (2018)
Waste transfers (2018)"
"Egger, Barony Rd, Ayr","Paper, board and other primary wood products","Pollutant releases (2024)"
"Egmere Mill EPR/NP3232SQ","Food and Beverage products","Waste transfers (2024)"
"Elanco AH UK Limited","Basic pharmaceutical products","Pollutant releases (2024)
Pollutant transfers (2024)
Waste transfers (2024)"
"Eldon Colliery Ltd","Manufacture of coal products and solid fuel",""
"Elean Power Station EPR/AP3130LY","Thermal power plants and combustion installations (50MW or greater)","Pollutant releases (2024)
Waste transfers (2024)"
"Electroplating Works EPR/BX5433IB","Surface treatment of metals and plastic materials","Waste transfers (2024)"
"Elgin-PUQ","Thermal power plants and combustion installations (50MW or greater)","Pollutant releases (2024)
Waste transfers (2024)"
"Elkingtons Poultry Unit EPR/YP3137UD","Intensive livestock production","Waste transfers (2024)"
"Ellesmere Port Incinerator - EPR/SP3409LC","Hazardous Waste","Pollutant releases (2024)
Waste transfers (2024)"
"Ellesmere Port Lead Alkyl - EPR/BM0508IG","Basic Organic Chemicals","Pollutant releases (2024)
Waste transfers (2024)"
"Ellesmere Port Stw","Urban waste-water treatment","Pollutant releases (2024)
Waste transfers (2024)"
"Ellesmere Port Transformer Oil Regeneration Plant EPR/ FP3334QR","Hazardous Waste","Waste transfers (2024)"
"Ellesmere Port Waste Water Treatment Works","Disposal of non-hazardous waste",""
"Ellington Road Composting Facility EPR/UP3494ZL","Disposal of non-hazardous waste",""
"Ellington Road Landfill","Landfills","Pollutant releases (2024)"
"Elliot Road","Disposal of non-hazardous waste","Waste transfers (2024)"
"Elliott Metals","Disposal of non-hazardous waste",""
"Elliott Road Recycling Facility","Disposal of non-hazardous waste","Waste transfers (2024)"
"Ellislands Farm","Intensive livestock production","Pollutant releases (2020)"
"Ellough Turkey Unit","Intensive livestock production",""
"Elsenham Landfill EPR/MP3435KP","Landfills","Waste transfers (2024)"
"Elstow M R F","Disposal of non-hazardous waste","Waste transfers (2021)"
"Elton Beverages EPR/UP3935LR","Food and Beverage products","Waste transfers (2024)"
"Ely Road Landfill Site - EPR/BK5037IQ","Landfills","Pollutant releases (2024)
Waste transfers (2024)"
"Emerald Biogas Energy Park EA/EPR/BP3133TC/A001","Disposal of non-hazardous waste","Waste transfers (2024)"
"Empire Treatment Works - EPR/XP3037SE","Hazardous Waste","Pollutant transfers (2024)
Waste transfers (2024)"
"Encirc Ltd","Glass manufacture (including glass fibre)","Pollutant releases (2024)
Waste transfers (2024)"
"Enderby Leachate Treatment Plant EPR/RP3738ZK","Disposal of non-hazardous waste","Waste transfers (2018)"
"Energen Biogas Ltd, Cumbernauld","Animal carcasses and waste","Pollutant releases (2024)
Waste transfers (2024)"
"Energybuild Group Limited, Nant-Y-Mynydd Occs","Opencast mining and quarrying",""
"Energybuild Limited, Aberpergwm Colliery","Underground mining","Pollutant releases (2024)"
"Enfield Community Recycling Centre","Disposal of non-hazardous waste","Waste transfers (2024)"
"Enfield Power Station EPR/NP3833RC","Thermal power plants and combustion installations (50MW or greater)","Pollutant releases (2024)
Waste transfers (2024)"
"Enfield Waste Management Facility","Disposal of non-hazardous waste",""
"Engine House","Disposal of non-hazardous waste","Waste transfers (2022)"
"Enstone Mill - EPR/UP3639BF","Food and Beverage products","Waste transfers (2024)"
"Enstone Poultry Unit","Intensive livestock production","Pollutant releases (2022)"
"Enva Colwick Recycling and Resource Recovery Facility EPR/JP3934WW","Disposal of non-hazardous waste","Waste transfers (2024)"
"Enva Ltd, Dunniflats Depot, Lugton","Hazardous Waste","Waste transfers (2024)"
"Enva Plastics Limited EPR/GP3697SV","Hazardous Waste","Waste transfers (2024)"
"Enva Scotland Limited, 60 Murray St Paisley","Hazardous Waste","Waste transfers (2024)"
"Enva Wesley Street Recycling And Resource Recovery Facility","Disposal of non-hazardous waste","Waste transfers (2024)"
"Enva Whetstone Recycling And Resource Facility","Disposal of non-hazardous waste","Waste transfers (2024)"
"Envar Composting Facility EPR/GP3930DF","Disposal of non-hazardous waste","Waste transfers (2024)"
"Envases (UK) Limited","Surface treatment with organic solvents",""
"Enviro Skip Hire","Disposal of non-hazardous waste","Waste transfers (2024)"
"Envirokleen Unit Kirkcaldy","Disposal of non-hazardous waste","Waste transfers (2024)"
"Environmental Contracts Limited","Disposal of non-hazardous waste","Waste transfers (2024)"
"Environmental Landfill Facilities Limited","Disposal of non-hazardous waste","Waste transfers (2024)"
"Environmental Services (Yorkshire) Waste Transfer and Treatment Facility - EPR/VP3137TV","Hazardous Waste","Waste transfers (2024)"
"Enviroparks Materials Recovery Facility EPR/WB3490HQ","Disposal of non-hazardous waste",""
"Envirosort","Disposal of non-hazardous waste","Waste transfers (2024)"
"Epsom Skip Hire","Disposal of non-hazardous waste","Waste transfers (2024)"
"Epsom Transfer Station And Community Recycling Centre","Disposal of non-hazardous waste","Waste transfers (2024)"
"Erin Landfill EPR/BW0991IX","Landfills","Pollutant releases (2024)
Waste transfers (2024)"
"Erith Oil Works EPR/QP3331PQ","Food and Beverage products","Waste transfers (2024)"
"Erskine STW, Old Mains Farm, Inchinnan","Urban waste-water treatment","Pollutant releases (2024)"
"Ervin Amasteel Limited EPR/VP3706LE","Disposal of non-hazardous waste","Waste transfers (2024)"
"Esh Construction Recycling Tursdale Ind Estate Durham County Durham DH6 5PG","Disposal of non-hazardous waste",""
"Esholt Waste Water Treatment Works EPR/DP3192ZP","Disposal of non-hazardous waste","Waste transfers (2022)"
"Eskdale Road Treatment Plant EPR/DP3433LC","Surface treatment of metals and plastic materials","Waste transfers (2021)"
"Esseco UK Ltd - EPR/GP3032PT","Basic Inorganic Chemicals",""
"Essex Reclamation","Disposal of non-hazardous waste","Waste transfers (2024)"
"Essex UK Limited (Hi Wire Limited from 3/1/20/12)","Surface treatment with organic solvents",""
"Essity UK Limited, Oakenholt Mill","Paper, board and other primary wood products","Waste transfers (2024)"
"Esso Refinery EPR/BR6996IC","Mineral oil and gas refineries","Pollutant releases (2024)
Waste transfers (2024)"
"Estate Road 2 Fish Processing Site","Food and Beverage products","Waste transfers (2024)"
"Etex Building Performance Limited","Thermal power plants and combustion installations (50MW or greater)","Pollutant releases (2024)
Waste transfers (2024)"
"Etive 6, Sailean Ruadh, Loch Etive","Poultry or pigs - intensive rearing (40,000 places for poultry)","Pollutant releases (2024)"
"Eton Hill Road EPR/BX2914IK","Surface treatment of metals and plastic materials","Waste transfers (2024)"
"Etteridge Farm Depot","Disposal of non-hazardous waste","Waste transfers (2019)"
"Ettington Materials Recycling Facility","Disposal of non-hazardous waste","Waste transfers (2021)"
"Etwall in Vessel Composting Facility - EPR/VP3632WR","Disposal of non-hazardous waste","Waste transfers (2024)"
"Eughlam North MCFF, East Loch Roag","Poultry or pigs - intensive rearing (40,000 places for poultry)","Pollutant releases (2024)"
"EuroAPI UK Limited - Haverhill Operations - EPR/BM6883IW","Basic pharmaceutical products","Waste transfers (2024)"
"Eurocell Recycle","Disposal of non-hazardous waste","Waste transfers (2024)"
"European Metal Recycling Limited - Gloucester","Disposal of non-hazardous waste","Waste transfers (2020)"
"European Metal Recycling Limited - Smethwick","Disposal of non-hazardous waste","Waste transfers (2024)"
"Evans Thornwood","Disposal of non-hazardous waste","Waste transfers (2024)"
"Evenjobb Poultry Farm EPR/CP3037MC","Poultry or pigs - intensive rearing (40,000 places for poultry)","Waste transfers (2024)"
"Evercreech Depot","Disposal of non-hazardous waste","Waste transfers (2024)"
"Everleigh Household Recycling Centre","Disposal of non-hazardous waste","Waste transfers (2017)"
"Evermore Renewable Energy","Incineration of non-hazardous waste","Pollutant releases (2024)
Waste transfers (2024)"
"Eversley Depot","Disposal of non-hazardous waste","Waste transfers (2024)"
"Eversley Haulage Park","Disposal of non-hazardous waste","Waste transfers (2024)"
"Evonik Chemicals Limited - EPR/BL9623IK","Basic Organic Chemicals","Waste transfers (2024)"
"Ewelme Hazardous Waste Transfer Station EA/EPR/WP3231SX/V002","Hazardous Waste","Waste transfers (2024)"
"Ex - Cpl Site","Disposal of non-hazardous waste","Waste transfers (2024)"
"Ex Coal Yard","Disposal of non-hazardous waste","Waste transfers (2024)"
"Exchange Works - EPR/HP3709MK","Hazardous Waste","Waste transfers (2024)"
"Exeter City Council M R F","Disposal of non-hazardous waste","Waste transfers (2024)"
"Exeter Energy From Waste Facility - EPR/HP3538CR","Incineration of non-hazardous waste","Pollutant releases (2024)
Waste transfers (2024)"
"Exeter Feed Mill EPR/AP3734SP","Food and Beverage products","Waste transfers (2024)"
"Exeter Plant EPR/PP3536TV","Thermal power plants and combustion installations (50MW or greater)","Waste transfers (2024)"
"Expoxidation EPR/BM0087IL","Basic Organic Chemicals","Pollutant transfers (2024)
Waste transfers (2024)"
"Express Park Facility - EPR/RP3430BH","Food and Beverage products","Waste transfers (2024)"
"Eye North Eastern Landfill - EPR/BP3537PP","Landfills","Pollutant releases (2024)
Waste transfers (2024)"
"Eye Power Station EPR/BP3635LA","Incineration of non-hazardous waste","Pollutant releases (2024)
Waste transfers (2024)"
"Eye Recycling Facility ( M R F)","Disposal of non-hazardous waste",""
"F & R Cawley Ltd - Haversham Bank Sidings","Disposal of non-hazardous waste","Waste transfers (2024)"
"F And J Exports Ltd","Disposal of non-hazardous waste","Waste transfers (2024)"
"F D O'dell & Sons Ltd","Disposal of non-hazardous waste","Waste transfers (2024)"
"F D S Waste Services","Disposal of non-hazardous waste","Waste transfers (2024)"
"F D Sims Ltd","Production of non-ferrous crude metal ore",""
"F2 Chemicals - Lea Lane - EPR/BU3485IS","Basic Organic Chemicals","Pollutant releases (2024)
Pollutant transfers (2024)
Waste transfers (2024)"
"FIRSTEEL LIMITED","Installations for the processing of ferrous metals","Waste transfers (2024)"
"FMC Agro Limited","Basic inorganic chemical - salts","Waste transfers (2024)"
"FMC Chemicals- Commercial Road EPR/BM0559IN","Basic Organic Chemicals","Waste transfers (2024)"
"Faccenda Westbury - EPR/JP3934SZ","Food and Beverage products","Waste transfers (2024)"
"Faccenda Willow EPR/LP3430BM","Slaughterhouses","Waste transfers (2024)"
"Factory Lane Special Waste Transfer Station","Disposal of non-hazardous waste","Waste transfers (2024)"
"Factory Services UK Limited trading as SugaRich","Food and Beverage products","Waste transfers (2024)"
"Fair Oak Landfill EPR/BK1244IA","Landfills","Pollutant releases (2019)"
"Fairways Industrial Estate Brookfield Farm Fairways Turnford Cheshunt Hertfordshire EN8 0NP","Disposal of non-hazardous waste","Waste transfers (2024)"
"Fal Valley Pit Area","Opencast mining and quarrying","Waste transfers (2018)"
"Falmouth Household Waste Recycling Centre","Disposal of non-hazardous waste","Waste transfers (2024)"
"Falmouth Oil - EPR/BP3132KB","Hazardous Waste","Waste transfers (2024)"
"Farmers Choice (Angelsey) Ltd","Slaughterhouses",""
"Farnborough H W R C","Disposal of non-hazardous waste","Waste transfers (2024)"
"Fauld Mine","Opencast mining and quarrying",""
"Faversham Household Waste Recycling Centre","Disposal of non-hazardous waste","Waste transfers (2024)"
"Fawley High Temperature Incinerator - EPR/FP3935KL","Hazardous Waste","Pollutant releases (2024)
Waste transfers (2024)"
"Fawley Organic Chemical Plant - EPR/SP3038FQ","Basic Organic Chemicals","Pollutant releases (2024)
Waste transfers (2024)"
"Fawley Refinery Installation - EPR/ZP3839MG","Basic Organic Chemicals","Pollutant releases (2024)
Waste transfers (2024)"
"Fazakerley Stw","Urban waste-water treatment","Pollutant releases (2024)
Waste transfers (2024)"
"Federation Road Materials Recycling Facility","Disposal of non-hazardous waste","Waste transfers (2024)"
"Felinfach Effluent Treatment Plant_BP3135EB","Disposal of non-hazardous waste","Waste transfers (2024)"
"Felingerrig Aluminium Works EPR/BL1126ID","Non-ferrous metals",""
"Felthorpe Poultry Unit - EPR/NP3132YL","Intensive livestock production","Pollutant releases (2024)
Waste transfers (2024)"
"Feltwell Landfill EPR/BW2838IN","Landfills","Pollutant releases (2024)
Waste transfers (2024)"
"Fen Road Poultry Unit EPR/XP3035TC","Intensive livestock production","Pollutant releases (2024)"
"Fenton Home Farm EPR/HP3731VM","Poultry or pigs - intensive rearing (40,000 places for poultry)",""
"Fenton Manor Farm Warboys Huntingdon Cambridgeshire PE28 2SN","Disposal of non-hazardous waste",""
"Ferndown Finishing - EPR/AP3833BG","Surface treatment of metals and plastic materials","Waste transfers (2024)"
"Fernhill H W R C: T L S And Green Waste Processing Facility","Disposal of non-hazardous waste","Waste transfers (2024)"
"Ferris Hill Farm","Disposal of non-hazardous waste","Waste transfers (2024)"
"Ferry Lane South WTF - EPR/BP3934MQ","Hazardous Waste","Waste transfers (2024)"
"Ferry Poultry Farm EA/EPR/EP3332TW/A001","Intensive livestock production","Waste transfers (2024)"
"Ferrybridge 1 - EPR/SP3239FU","Incineration of non-hazardous waste","Pollutant releases (2024)
Waste transfers (2024)"
"Ferrybridge C Power Station EPR/VP3337SR","Thermal power plants and combustion installations (50MW or greater)","Waste transfers (2020)"
"Fford Fawr Poultry Farm EPR/KP3336MP","Poultry or pigs - intensive rearing (40,000 places for poultry)",""
"Fibre Glass Wigan EPR/UP3836DF","Glass manufacture (including glass fibre)","Pollutant transfers (2024)
Waste transfers (2024)"
"Fiddlers Ferry Power Station EPR/BS8192IV","Thermal power plants and combustion installations (50MW or greater)","Pollutant releases (2022)
Waste transfers (2022)"
"Field Foot Poultry Farm - EPR/CP3737MS","Intensive livestock production",""
"Fife Council, Lochhead L/F, By Wellwood, Fife","Landfills","Pollutant releases (2024)
Waste transfers (2024)"
"Fife Council, Lower Melville Woods, Fife","Landfills","Pollutant releases (2024)
Waste transfers (2024)"
"Fife Council, Thornton T/S, Thornton","Disposal of non-hazardous waste","Waste transfers (2024)"
"Fife Ethylene Plant, Mossmorran","Thermal power plants and combustion installations (50MW or greater)","Pollutant releases (2024)
Waste transfers (2024)"
"Fife NGL Plant, Cowdenbeath","Mineral oil and gas refineries","Pollutant releases (2024)
Waste transfers (2024)"
"Fine Organics Seal Sands Facility EPR/PP3439GG","Basic Organic Chemicals","Waste transfers (2024)"
"Fine Tubes Ltd","Ferrous metal foundry",""
"Finham","Urban waste-water treatment","Pollutant releases (2024)"
"Finmere Quarry Landfill EPR/TP3436YQ","Landfills","Pollutant releases (2024)
Waste transfers (2024)"
"First Galvanizing Limited","Ferrous metals processing - protective fused metal coats",""
"First Milk, Haverfordwest Creamery_XP3830UR","Milk - treatment and processing",""
"Firth Rixson Metals Limited (Glossop Site)","Smelting of non-ferrous metals",""
"Firtree Farm EPR/FP3133UW","Intensive livestock production","Pollutant releases (2024)"
"Fish Farm, Scallastle Bay, Mull","Aquaculture","Pollutant releases (2024)"
"Fish Feed Mill, Inverbreakie Ind Est, Invergordon","Food and beverage products from animal raw materials (other than milk)","Waste transfers (2024)"
"Five Fords WWTW Gas to Grid Facility","Urban waste-water treatment","Waste transfers (2024)"
"Five Star Fish Limited","Food and Beverage products","Waste transfers (2017)"
"Flag Fen Sludge Treatment Centre","Disposal of non-hazardous waste","Waste transfers (2024)"
"Flat House Farm","Intensive livestock production","Pollutant releases (2021)"
"Fleet Fen Poultry Farm - EPR/NP3432YT","Intensive livestock production","Pollutant releases (2024)
Waste transfers (2024)"
"Fleetwood Household Waste Recycling Centre","Disposal of non-hazardous waste","Waste transfers (2024)"
"Fleetwood Wwtw","Urban waste-water treatment","Pollutant releases (2024)
Waste transfers (2024)"
"Flitrona Group Holdings Ltd","Surface treatment with organic solvents",""
"Flixton Park Quarry Flixton Bungay Suffolk NR35 1NN","Disposal of non-hazardous waste","Waste transfers (2022)"
"Flixton Poultry Processors EPR/TP3530BN","Slaughterhouses","Waste transfers (2024)"
"Flordon Poultry Unit","Intensive livestock production","Pollutant releases (2024)
Waste transfers (2024)"
"Flotta Terminal, Orkney","Mineral oil and gas refineries","Pollutant releases (2024)
Waste transfers (2024)"
"Flusco H W R C","Disposal of non-hazardous waste",""
"Flusco Pike Landfill EPR/BM5941IH","Landfills","Pollutant releases (2024)"
"Foam Mix Plant","Basic Organic Chemicals","Waste transfers (2022)"
"Fold Hill Foods","Food and Beverage products","Waste transfers (2024)"
"Food Factory Lynn Road Wisbech - EPR/JP3132AQ","Food and Beverage products","Pollutant transfers (2024)
Waste transfers (2024)"
"Food Processing Unit 2000 EPR/NP3537HM","Food and Beverage products","Waste transfers (2024)"
"Foots Cray Reuse & Recycling Centre","Disposal of non-hazardous waste","Waste transfers (2019)"
"ForFarmers UK Ltd- Mill Road, Bath EPR/QP3338SV","Food and Beverage products","Waste transfers (2024)"
"Ford (Bognor/Littlehampton) STW","Urban waste-water treatment","Pollutant releases (2024)
Waste transfers (2024)"
"Ford Hill Household Waste Site","Disposal of non-hazardous waste",""
"Ford Materials Recycling Facility","Disposal of non-hazardous waste","Waste transfers (2020)"
"Ford Motor Company Ltd., Bridgend Engine Works EPR/BL2548IF","Thermal power plants and combustion installations (50MW or greater)",""
"Fordhouses Surface Treatment EPR/KP3932PG","Surface treatment of metals and plastic materials","Waste transfers (2024)"
"Former C- Tyres Site","Disposal of non-hazardous waste","Waste transfers (2024)"
"Former Carlton Colliery Site","Disposal of non-hazardous waste",""
"Former Coal Stocking Yard","Disposal of non-hazardous waste","Waste transfers (2024)"
"Former Dogsthrope Brickworks","Disposal of non-hazardous waste","Waste transfers (2024)"
"Forres CA/TS, Waterford Road, Forres","Disposal of non-hazardous waste","Waste transfers (2024)"
"Forterra Building Products Limited - Claughton","Ceramic products manufacture","Waste transfers (2024)"
"Forward Drive C A Site: Harrow","Disposal of non-hazardous waste","Waste transfers (2024)"
"Fosca Services ( U K) Ltd","Disposal of non-hazardous waste","Waste transfers (2021)"
"Fosse Cross Civic Amenity Site","Disposal of non-hazardous waste","Waste transfers (2024)"
"Foster Street EPR/LP3032NC","Basic Organic Chemicals","Waste transfers (2024)"
"Foston Food Processor EPR/TP3638RP","Milk - treatment and processing","Waste transfers (2019)"
"Foston: Poultry Unit","Intensive livestock production","Waste transfers (2021)"
"Foulden Poultry Unit EPR/WP3836WK","Intensive livestock production","Waste transfers (2024)"
"Foulden Road/Romney/Dancehall Farms - EPR/BP3432VA","Intensive livestock production","Pollutant releases (2024)"
"Foulsham Farm Poultry Unit - EPR/VP3332YE","Intensive livestock production","Pollutant releases (2024)"
"Four Ashes Chemical Works EPR/BS4707IB","Basic Organic Chemicals","Pollutant transfers (2024)
Waste transfers (2024)"
"Four Ashes M R F","Disposal of non-hazardous waste","Waste transfers (2024)"
"Four Crosses Farm Poultry Unit EPR/BP3434NN","Poultry or pigs - intensive rearing (40,000 places for poultry)",""
"Four Lane Ends Waste Transfer Station","Disposal of non-hazardous waste","Waste transfers (2024)"
"Fowlchurch W T S & H W R C Fowlchurch Road Ball Haye Green Leek Staffordshire ST13 6BH","Disposal of non-hazardous waste","Waste transfers (2021)"
"Foxhall Household Waste Recycling Centre","Disposal of non-hazardous waste","Waste transfers (2024)"
"Foxhall Landfill Site - EPR/BW2943IG","Landfills","Pollutant releases (2024)"
"Foyle Omagh","Slaughterhouses","Waste transfers (2024)"
"Frampton Landfill EPR/BK3166IP","Landfills","Pollutant releases (2024)"
"Frank Barnes( Darwen) Ltd","Disposal of non-hazardous waste","Waste transfers (2024)"
"Frank Hand Ltd","Ferrous metals processing - protective fused metal coats",""
"Frank O' Gara & Sons Ltd","Disposal of non-hazardous waste","Waste transfers (2020)"
"Fraser Metals ( Bodmin )","Disposal of non-hazardous waste","Waste transfers (2024)"
"Freedom Farm","Hazardous Waste","Waste transfers (2018)"
"Freemans Farm Quarry","Opencast mining and quarrying","Waste transfers (2018)"
"Freemens Common Transfer Station","Disposal of non-hazardous waste","Waste transfers (2024)"
"Fresh Start Recycling Centre","Disposal of non-hazardous waste","Waste transfers (2024)"
"Freshfield Lane Brickworks","Ceramic products manufacture","Waste transfers (2024)"
"Friarton Waste Transfer Station, Perth","Disposal of non-hazardous waste","Waste transfers (2024)"
"Fridaythorpe Farm Pig Unit - EPR/JP3130UE","Intensive livestock production","Pollutant releases (2024)"
"Frizington C A","Disposal of non-hazardous waste","Waste transfers (2024)"
"Frog Island Waste Management Facility EPR/ZP3533BS","Disposal of non-hazardous waste","Waste transfers (2024)"
"Frome Household Waste Recycling Centre","Disposal of non-hazardous waste","Waste transfers (2024)"
"Froom & Co Essex Road","Disposal of non-hazardous waste","Waste transfers (2024)"
"Fryers Road Household Waste Site & Transfer Station","Disposal of non-hazardous waste","Waste transfers (2024)"
"Fuji Seal Europe Limited","Surface treatment with organic solvents","Waste transfers (2024)"
"Fujifilm Imaging Colour,Earls Rd,Grangemouth","Dyes and pigments","Waste transfers (2024)"
"Full Sutton Industrial Estate","Disposal of non-hazardous waste","Waste transfers (2024)"
"Fullerton Wastewater Treatment Works","Disposal of non-hazardous waste","Waste transfers (2024)"
"Furness Brick and Tile Co.","Ceramic products manufacture",""
"G & B Compressor Hire: Dock Road","Disposal of non-hazardous waste","Waste transfers (2020)"
"G B M Waste Management","Disposal of non-hazardous waste","Waste transfers (2024)"
"G B N Services","Disposal of non-hazardous waste","Waste transfers (2022)"
"G B N Services Ltd Oakleigh Road South Friern Barnet London N11 1HJ","Disposal of non-hazardous waste","Waste transfers (2022)"
"G B N Services Ltd: Canning Town Depot","Disposal of non-hazardous waste","Waste transfers (2024)"
"G D Golding Waste Transfer Station","Disposal of non-hazardous waste","Waste transfers (2024)"
"G Gervin & Sons Ltd","Disposal of non-hazardous waste","Waste transfers (2024)"
"G Haller Skip Hire","Disposal of non-hazardous waste",""
"G Moore ( Haulage) Ltd - Kempston Hardwick","Disposal of non-hazardous waste","Waste transfers (2024)"
"G O' Brien & Sons ( Nationwide Demolition Contractors) Limited, Unit U Thornley Industrial Estate","Disposal of non-hazardous waste","Waste transfers (2017)"
"G S H Waste Recycling Ltd","Disposal of non-hazardous waste","Waste transfers (2024)"
"GBS Recycling Centre","Disposal of non-hazardous waste","Waste transfers (2016)"
"GCC, Cathkin L/F, Cairnmuir Rd, East Kilbride","Landfills","Pollutant releases (2024)
Waste transfers (2024)"
"GKN Aerospace - Filton - EPR/MP3132XB","Surface treatment of metals and plastic materials","Pollutant transfers (2024)
Waste transfers (2024)"
"GKN AutoStructures Ltd","Surface treatment of metals and plastic materials",""
"GKN Wheels Ltd","Surface treatment of metals and plastic materials",""
"GRC Recycling ELV/MR","Disposal of non-hazardous waste","Waste transfers (2016)"
"GS Yuasa Battery Manufacturing UK Ltd, Rassau Battery Manufacturing Site","Production of non-ferrous crude metal ore","Pollutant transfers (2024)
Waste transfers (2024)"
"Gainsborough - Beckingham Oilfield EPR/RP3937YT","Mineral oil and gas refineries","Waste transfers (2024)"
"Gainsborough Food Factory Noble Foods Co EPR/BP3930RD","Slaughterhouses","Waste transfers (2024)"
"Gainsborough Landfill EPR/YP3030BT","Landfills","Pollutant releases (2024)
Waste transfers (2024)"
"Galashiels Waste TS and Com Recycling Point","Disposal of non-hazardous waste","Waste transfers (2024)"
"Gale Common Ash Disposal Site EPR/UP3033LY","Landfills","Pollutant releases (2024)"
"Galebest Ltd","Disposal of non-hazardous waste","Waste transfers (2016)"
"Galley Hill Farm Poultry Unit EPR/CP3433UD","Intensive livestock production","Waste transfers (2024)"
"Gallymoor Landfill - EPR/VP3230BH","Landfills","Pollutant releases (2024)
Waste transfers (2024)"
"Gardner Aerospace Burnley","Ferrous metals processing - protective fused metal coats",""
"Garman Road","Disposal of non-hazardous waste","Waste transfers (2024)"
"Garrat's Metals Ltd","Disposal of non-hazardous waste","Waste transfers (2024)"
"Garston Distillation Services EPR/FP3133GL","Hazardous Waste","Waste transfers (2024)"
"Gartbreck Landfill Site, Bowmore, Islay","Disposal of non-hazardous waste","Waste transfers (2024)"
"Garth Road Civic Amenity Site","Disposal of non-hazardous waste","Waste transfers (2024)"
"Garth Road Transfer Station","Disposal of non-hazardous waste","Waste transfers (2024)"
"Gatelawbridge Civic Amenity & Recycling Centr","Disposal of non-hazardous waste","Waste transfers (2024)"
"Gates Power Transmission, Heathhall, Dumfries","Surface treatment with organic solvents","Waste transfers (2024)"
"Gateshead Hot Rolling Mill","Installations for the processing of ferrous metals","Waste transfers (2024)"
"Gatewarth Community Recycling Centre","Disposal of non-hazardous waste","Waste transfers (2024)"
"Gearns Farm Pig Unit - EPR/ZP3731LC","Intensive livestock production","Pollutant releases (2024)"
"Gedney Hill Poultry Farm - EPR/WP3932YM","Intensive livestock production","Waste transfers (2024)"
"Gelliargwellt Farm Anaerobic Digestion Facility EPR/AB3092ZE","Disposal of non-hazardous waste",""
"Gellihirion Hazardous Waste Reclamation and Storage Facility EPR/NP3099FS","Halogenic hydrocarbons","Pollutant releases (2024)
Waste transfers (2024)"
"Geo E Richardson & Sons Ltd","Disposal of non-hazardous waste","Waste transfers (2024)"
"Geo Johnson ( Metals) Ltd","Disposal of non-hazardous waste","Waste transfers (2024)"
"George Street A T F & Fridge Storage Site","Disposal of non-hazardous waste","Waste transfers (2020)"
"George Street H W R C","Disposal of non-hazardous waste","Waste transfers (2024)"
"Gerrards Cross Landfill Site EA/EPR/ XP3636KW/T001","Landfills","Pollutant releases (2024)
Pollutant transfers (2024)"
"Ghyll Brow manufacturing facility EPR/BV9888IP","Surface treatment of metals and plastic materials","Waste transfers (2024)"
"Gibson Lane Site - EPR/BP3792LD","Disposal of non-hazardous waste",""
"Gilbey Road Transfer Station","Disposal of non-hazardous waste","Waste transfers (2016)"
"Gillette U.K. Ltd","Basic Organic Chemicals","Waste transfers (2024)"
"Gillmoss Materials Recovery Facility","Disposal of non-hazardous waste",""
"Giltbrook Household Waste Site","Disposal of non-hazardous waste","Waste transfers (2024)"
"Ginsters Callington - EPR/BO0649IR","Food and Beverage products","Pollutant releases (2024)
Waste transfers (2024)"
"Gipping Road Poultry Processors Great Blakenham EA/EPR/NP3930BV/V002","Slaughterhouses","Pollutant releases (2024)
Waste transfers (2024)"
"Girvan Distillery","Food and beverage products from vegetable raw materials","Pollutant releases (2024)
Waste transfers (2024)"
"Gl & Cl Poultry Ltd, Lower Pant Farm","Poultry or pigs - intensive rearing (40,000 places for poultry)",""
"Glanford Brigg Generating Station EPR/ZP3133LM","Thermal power plants and combustion installations (50MW or greater)","Waste transfers (2024)"
"Glanford Power Station","Thermal power plants and combustion installations (50MW or greater)","Pollutant releases (2024)
Waste transfers (2024)"
"Glascoed Munitions Factory EPR/LP3730SU","Gasification and Liquefaction",""
"Glasgow Recycling Centre, 211 Blochairn Rd","Disposal of non-hazardous waste","Waste transfers (2024)"
"GlaxoSmithKline plc, Montrose","Basic pharmaceutical products","Pollutant releases (2024)
Waste transfers (2024)"
"Glazewing - West Dereham","Disposal of non-hazardous waste","Waste transfers (2024)"
"Glen Dimplex UK Limited","Ceramic products manufacture","Waste transfers (2024)"
"Glensanda Quarry, Morvern, Argyll","Opencast mining and quarrying","Pollutant releases (2024)
Waste transfers (2024)"
"Global Metal Finishers Ltd EA/EPR/XP3335KT","Surface treatment of metals and plastic materials","Waste transfers (2020)"
"Glossop H W R C","Disposal of non-hazardous waste","Waste transfers (2024)"
"Glossop Transfer Station","Disposal of non-hazardous waste",""
"Glossop foam plant EPR/BS2976IK","Basic Organic Chemicals","Waste transfers (2024)"
"Gloucester Ice Cream Factory","Food and Beverage products","Waste transfers (2024)"
"Glynn Skips","Disposal of non-hazardous waste","Waste transfers (2024)"
"Go Waste U K Ltd","Disposal of non-hazardous waste","Waste transfers (2024)"
"Gob Na Hoe, Dunvegan Pier, Dunvegan","Aquaculture","Pollutant releases (2024)"
"Godmanchester Landfill EPR/FP3733BH","Landfills","Pollutant releases (2021)"
"Gogarbank Poultry, Corstorphine, Edinburgh","Poultry or pigs - intensive rearing (40,000 places for poultry)","Waste transfers (2024)"
"Gokewell Farm EPR/HP3633UU","Intensive livestock production","Waste transfers (2024)"
"Golden Hillock Road Chemicals EPR/VP3531XV","Basic Inorganic Chemicals","Waste transfers (2024)"
"Goldthorpe Household Waste Recycling Centre","Disposal of non-hazardous waste","Waste transfers (2024)"
"Gollachy CA/TS, Buckie","Disposal of non-hazardous waste","Waste transfers (2024)"
"Gometra MCFF, Loch Tuath, Isle of Mull","Aquaculture","Pollutant releases (2024)"
"Gonerby Hill Foot - EPR/DP3430GB","Food and Beverage products",""
"Goole Recycling Facility","Disposal of non-hazardous waste","Waste transfers (2024)"
"Goole Transfer Station","Disposal of non-hazardous waste","Waste transfers (2024)"
"Goosey Lodge EPR/NP3338SZ","Incineration of non-hazardous waste","Pollutant releases (2024)
Waste transfers (2024)"
"Goosey Lodge Treatment Plant EPR/DP3136LC","Animal carcasses and waste","Waste transfers (2022)"
"Gordon Harrison Ltd T/A William Blyth","Ceramic products manufacture",""
"Gordon Harrison/TA William Blyth Ltd","Ceramic products manufacture",""
"Gorsefield Farm Compost Facility","Disposal of non-hazardous waste","Waste transfers (2016)"
"Gorsey Lane Transfer Station","Disposal of non-hazardous waste","Waste transfers (2021)"
"Gosberton Farm Poultry Unit - EPR/VP3732YQ","Intensive livestock production","Waste transfers (2024)"
"Gosport Engine Cleaning Facility EPR/NP3930KB","Surface treatment of metals and plastic materials","Waste transfers (2024)"
"Govan Road Treatment Site - EPR/NP3432MY","Hazardous Waste","Waste transfers (2024)"
"Govan Transfer Station","Disposal of non-hazardous waste","Waste transfers (2024)"
"Gowy Landfill EPR/BV1844IM","Landfills","Pollutant releases (2024)
Waste transfers (2024)"
"Grace Brothers","Disposal of non-hazardous waste","Waste transfers (2022)"
"Grain LNG Site EPR/BV5572IB","Thermal power plants and combustion installations (50MW or greater)","Pollutant releases (2024)
Waste transfers (2024)"
"Grain Power Station EPR/EP3533RY","Thermal power plants and combustion installations (50MW or greater)","Pollutant releases (2024)
Waste transfers (2024)"
"Grange Farm & Widdington Grange Farm - EPR/GP3536TG","Intensive livestock production","Pollutant releases (2024)"
"Grange Farm EPR/YP3630UV","Intensive livestock production","Pollutant releases (2024)"
"Grange Farm Louth Poultry Unit","Intensive livestock production","Pollutant releases (2019)"
"Grange Farm Pig Unit - EPR/LP3705PG","Intensive livestock production","Pollutant releases (2024)"
"Grange Farm Poultry Unit","Intensive livestock production","Pollutant releases (2024)"
"Grange Fencing Ltd","Preservation of wood",""
"Grange Poultry Farm and Fairlawn Poultry Farm - EPR/XP3937ML","Intensive livestock production","Pollutant releases (2024)"
"Grange-De-Lings Farm EPR/QP3831CD","Intensive livestock production","Pollutant releases (2024)"
"Grangemouth CHP, Boness Road, Grangemouth","Thermal power plants and combustion installations (50MW or greater)","Pollutant releases (2024)
Waste transfers (2024)"
"Grangemouth Chemical Plant","Basic plant health products and of biocides","Pollutant releases (2024)
Waste transfers (2024)"
"Grangemouth Refinery","Mineral oil and gas refineries","Pollutant releases (2024)
Waste transfers (2024)"
"Granite Close South","Disposal of non-hazardous waste","Waste transfers (2024)"
"Granite House","Disposal of non-hazardous waste","Waste transfers (2017)"
"Granox Ltd (Trading as J.L.Thomas & Co)","Animal carcasses and waste",""
"Grantham Waste Transfer Station","Disposal of non-hazardous waste","Waste transfers (2024)"
"Granton Waste Management and Recycling Center","Disposal of non-hazardous waste","Waste transfers (2020)"
"Granville Transfer And Treatment Facility","Disposal of non-hazardous waste","Waste transfers (2016)"
"Granville/Woodhouse Landfill EPR/BU7103IC","Landfills",""
"Grays Recyc Serv TS,Nether Dallachy,Fochabers","Disposal of non-hazardous waste","Waste transfers (2024)"
"Greanamul MFF","Aquaculture",""
"Great Barr Platers 1 EPR/PP3635CQ","Surface treatment of metals and plastic materials",""
"Great Bear Distribution Ltd","Disposal of non-hazardous waste","Waste transfers (2019)"
"Great Friars Poultry Farm - EPR/HP3732QB","Intensive livestock production","Pollutant releases (2024)"
"Great Harwood Reclamation Centre Ltd","Disposal of non-hazardous waste","Waste transfers (2024)"
"Great Ness Farm EPR/KP3130HL","Intensive livestock production","Pollutant releases (2024)"
"Great Oakley Works - EPR/BR7607IP","Basic Organic Chemicals",""
"Great Waldingfield W T S","Disposal of non-hazardous waste","Waste transfers (2024)"
"Great Yarmouth","Disposal of non-hazardous waste","Waste transfers (2021)"
"Great Yarmouth Oil Reclamation Facility EPR/NP3038MB","Hazardous Waste","Waste transfers (2024)"
"Great Yarmouth Power Station EPR/KP3531US","Thermal power plants and combustion installations (50MW or greater)","Pollutant releases (2024)
Waste transfers (2024)"
"Great Yarmouth Technical Waste Management Centre - EPR/GP3630YS","Hazardous Waste","Waste transfers (2024)"
"Great Yarmouth WM Resource Centre EPR/ZP3637RM","Hazardous Waste","Waste transfers (2024)"
"Greatham Works EPR/TP3532PK","Basic Inorganic Chemicals","Pollutant releases (2024)
Waste transfers (2024)"
"Greatness Quarry Integrated Waste Management Facility - EPR/PP3139DJ","Landfills","Pollutant releases (2024)
Waste transfers (2024)"
"Greaves Lane Recycling Centre","Disposal of non-hazardous waste","Waste transfers (2024)"
"Green Lodge Farm AD Plant","Disposal of non-hazardous waste","Pollutant releases (2024)
Waste transfers (2024)"
"Green Street Depot Kidderminster","Disposal of non-hazardous waste","Waste transfers (2024)"
"Green Waste Transfer Facility","Disposal of non-hazardous waste","Waste transfers (2024)"
"Greenbank Waste Management Centre, Aberdeen","Hazardous Waste","Waste transfers (2024)"
"Greencore Cakes and Desserts","Food and Beverage products","Waste transfers (2019)"
"Greencore Food Northampton EPR/PP3730VH","Food and Beverage products","Waste transfers (2024)"
"Greencore Grocery Leeds EPR/PP3738WL","Food and Beverage products","Waste transfers (2024)"
"Greenergy Biofuels Teesside - EPR/EP3334AS","Basic Organic Chemicals","Waste transfers (2024)"
"Greengairs L/F, Meikle Drumgray Rd, Airdrie","Landfills","Pollutant releases (2024)
Waste transfers (2024)"
"Greengill Foot Poultry Farm - EPR/CP3907LS","Intensive livestock production","Pollutant releases (2024)
Waste transfers (2024)"
"Greenhags, Ayr Road, Newton Mearns, Glasgow","Disposal of non-hazardous waste","Waste transfers (2024)"
"Greenham Quarry","Disposal of non-hazardous waste","Waste transfers (2024)"
"Greenhill","Disposal of non-hazardous waste","Waste transfers (2018)"
"Greenland Sows - EPR/NP3637MF","Intensive livestock production","Pollutant releases (2024)"
"Greenoakhill LF Site, Mount Vernon","Landfills","Pollutant releases (2024)
Waste transfers (2024)"
"Greenway Envirnmental Ltd - EPR/GP3935KM","Hazardous Waste","Waste transfers (2024)"
"Greenway Farm EPR/AB3099ZU","Poultry or pigs - intensive rearing (40,000 places for poultry)",""
"Greenwich Integrated Waste Management Facility","Disposal of non-hazardous waste",""
"Greenwich Transfer Station","Disposal of non-hazardous waste","Waste transfers (2024)"
"Greenwood Pig Unit - EPR/YP3706LA","Intensive livestock production","Pollutant releases (2024)"
"Greenyard Frozen UK EPR/BN9241IS","Food and Beverage products","Waste transfers (2024)"
"Greggs Balliol Park Longbenton - EPR/GP3532PR","Food and Beverage products","Waste transfers (2024)"
"Gremista Landfill, Lerwick, Shetland","Landfills","Pollutant releases (2024)
Waste transfers (2024)"
"Gretton Road","Disposal of non-hazardous waste","Waste transfers (2016)"
"Greystone Quarry MRS","Disposal of non-hazardous waste","Waste transfers (2018)"
"Greystone Quarry Waste Facility - EPR/GP3732WX","Disposal of non-hazardous waste","Waste transfers (2024)"
"Griff Clara Centre","Disposal of non-hazardous waste","Waste transfers (2024)"
"Griffen Close","Disposal of non-hazardous waste",""
"Griffin Stringer Ltd","Disposal of non-hazardous waste","Waste transfers (2024)"
"Griffon Road","Disposal of non-hazardous waste","Waste transfers (2024)"
"Griffon Road (Fragmentiser Plant)","Disposal of non-hazardous waste","Waste transfers (2024)"
"Grimsby Acrylic Fibres Factory EPR/VP3335LK","Basic Organic Chemicals",""
"Grimsby Chemical Works - EPR/KP3639QV","Basic Organic Chemicals","Pollutant releases (2024)
Waste transfers (2024)"
"Grimsby Fibres Power Station EPR/AP3238ZU","Thermal power plants and combustion installations (50MW or greater)","Waste transfers (2021)"
"Grimsby Household Waste Amenity Site","Disposal of non-hazardous waste","Waste transfers (2024)"
"Grimsby Lyocell Fibers Factory - EPR/SP3936HE","Basic Organic Chemicals","Pollutant releases (2024)
Waste transfers (2024)"
"Groatay MCFF, Cheese Bay, Isle of North Uist","Aquaculture","Pollutant releases (2024)"
"Grove Pig Farm -EPR/XP3334UW","Intensive livestock production","Pollutant releases (2024)"
"Groveport Logistics Limited","Disposal of non-hazardous waste","Waste transfers (2024)"
"Grundon Waste Management Limited","Disposal of non-hazardous waste","Waste transfers (2024)"
"Gully Waste Recycling Facility - EPR/BX2213IV","Hazardous Waste","Waste transfers (2024)"
"H C C Civic Amenity Site Caxton Way Stevenage Hertfordshire SG1 2DF","Disposal of non-hazardous waste","Waste transfers (2024)"
"H G Matthews","Ceramic products manufacture",""
"H R Jasper Abattoir - South Petherwin - EPR/BO1637IE","Slaughterhouses","Waste transfers (2024)"
"H R Skip Hire","Disposal of non-hazardous waste","Waste transfers (2022)"
"H Ripley & Co - Apex Way - EPR/MP3637QN","Disposal of non-hazardous waste","Waste transfers (2024)"
"H Ripley & Co Hole Farm","Disposal of non-hazardous waste","Waste transfers (2024)"
"H S Jackson and Son (Fencing) Limited","Preservation of wood",""
"H W Martin Waste Ltd","Disposal of non-hazardous waste",""
"H W R C Manston Rd Margate Kent CT9 4LX","Disposal of non-hazardous waste","Waste transfers (2024)"
"H W R C Site Anchor Lane","Disposal of non-hazardous waste","Waste transfers (2024)"
"H W R C Site Shaw Road","Disposal of non-hazardous waste","Waste transfers (2024)"
"HC Achuvoldrach RC & TS ,Midtown, Tongue","Disposal of non-hazardous waste","Waste transfers (2024)"
"HC RC & TS, Strathain, Ullapool,Ross-shire","Disposal of non-hazardous waste","Waste transfers (2024)"
"HC RC & TS,Ardachu CAS, Brora, Sutherland","Disposal of non-hazardous waste","Waste transfers (2024)"
"HC Torbreck TS, Lochinver, Sutherland","Disposal of non-hazardous waste","Waste transfers (2024)"
"HES North Tyne - EPR/DP3304BQ","Hazardous Waste","Waste transfers (2022)"
"HJ Enthoven Limited BL5598IR","Non-ferrous metals","Pollutant releases (2024)
Waste transfers (2024)"
"HKS Dagenham Ltd","Disposal of non-hazardous waste","Waste transfers (2024)"
"HMK Pigs - EPR/GP3238VG","Intensive livestock production","Pollutant releases (2024)"
"Hacche Lane Waste Transfer Station","Disposal of non-hazardous waste","Waste transfers (2024)"
"Hagnaby Lane EPR/MP3637PZ","Intensive livestock production","Pollutant releases (2024)"
"Halebank Chemicals EPR/VP3435RV","Basic Organic Chemicals","Waste transfers (2024)"
"Halesfield Community Recycling Centre","Disposal of non-hazardous waste","Waste transfers (2024)"
"Halewood W W T W","Disposal of non-hazardous waste","Waste transfers (2024)"
"Halifax Transfer Station","Disposal of non-hazardous waste","Waste transfers (2024)"
"Hall Farm Pig Breeding EPR/KP3637MK","Intensive livestock production","Pollutant releases (2024)"
"Halton East Transfer Station","Disposal of non-hazardous waste","Waste transfers (2024)"
"Ham Hill Wastewater Treatment Works","Disposal of non-hazardous waste",""
"Ham Villa","Disposal of non-hazardous waste","Waste transfers (2024)"
"Hammerton Street Chicken Processors EPR/LP3733JP","Slaughterhouses","Pollutant releases (2019)"
"Hammond Poultry EPR/UP3031TB","Poultry or pigs - intensive rearing (40,000 places for poultry)",""
"Hammond Recycling","Disposal of non-hazardous waste","Waste transfers (2024)"
"Hamworthy Plating Unit EPR/NP3533BN","Surface treatment of metals and plastic materials","Waste transfers (2024)"
"Handale Banks Farm","Intensive livestock production","Pollutant releases (2021)"
"Hangar 20 Silloth Airfield","Disposal of non-hazardous waste","Waste transfers (2024)"
"Hangar 5","Disposal of non-hazardous waste","Waste transfers (2024)"
"Hangar/Shobdon EPR/NP3534JP","Intensive livestock production","Pollutant releases (2024)"
"Hanson Aggregates - North: Shap Beck Quarry","Opencast mining and quarrying","Waste transfers (2024)"
"Hanson Aggregates - South West: Chipping Sodbury","Opencast mining and quarrying",""
"Hanson Aggregates, Forest Wood Quarry","Opencast mining and quarrying",""
"Hanson Aggregates, Penmaenmawr Quarry","Opencast mining and quarrying",""
"Hanson Building Products Limited","Ceramic products manufacture",""
"Hanson Cement","Cement Clinker production - rotary kilns",""
"Hanson Quarry Products, Builth Wells","Opencast mining and quarrying",""
"Hardings Farm Pig Unit - EPR/WP3137MH","Intensive livestock production","Pollutant releases (2024)"
"Harecrag Water Treatment Plant EPR/TP3031LV","Disposal of non-hazardous waste","Waste transfers (2024)"
"Harewood Whin Composting Facility EPR/LP3990NK","Disposal of non-hazardous waste","Waste transfers (2020)"
"Harewood Whin Liquid Waste Treatment Plant EPR/WP3637JW","Hazardous Waste","Waste transfers (2024)"
"Harewood Whin Recycling Centre Facility","Disposal of non-hazardous waste","Waste transfers (2024)"
"Harfrey's Road Transfer Station","Disposal of non-hazardous waste","Waste transfers (2022)"
"Harlow Metal Recycling","Disposal of non-hazardous waste","Waste transfers (2020)"
"Harpers Home Mix EPR/ ZP3835HA","Food and Beverage products","Waste transfers (2024)"
"Harrimans Lane EPR/ZP3532WY","Disposal of non-hazardous waste","Waste transfers (2024)"
"Harrogate Stonefall H W R C","Disposal of non-hazardous waste","Waste transfers (2024)"
"Harrogate Transfer Station","Disposal of non-hazardous waste","Waste transfers (2024)"
"Harsco Metals Port Talbot EPR/BP3635MR","Surface treatment of metals and plastic materials","Waste transfers (2024)"
"Hartlepool Pipe Mill EPR/BS8664IL","Installations for the processing of ferrous metals","Waste transfers (2024)"
"Hartlepool Power Station EPR/BM4295IK","Thermal power plants and combustion installations (50MW or greater)","Waste transfers (2024)"
"Hartshill Rendering Plant - EPR/BS5959IE","Animal carcasses and waste","Waste transfers (2024)"
"Harvey Automobile Engineering","Disposal of non-hazardous waste","Waste transfers (2022)"
"Harwell Western Groundwater Plant","Hazardous Waste","Waste transfers (2019)"
"Harwich Refinery EPR/NP3139LM","Mineral oil and gas refineries","Pollutant releases (2024)
Waste transfers (2024)"
"Hassockrigg Clinical Waste Treatment Facility","Preservation of wood","Waste transfers (2022)"
"Hatfield Farm Poultry Unit - EPR/HP3736UZ","Intensive livestock production",""
"Hatton Compressor Station EPR/UP3333LL","Thermal power plants and combustion installations (50MW or greater)","Pollutant releases (2024)"
"Hatton STW, By Hatton Farm, Arbroath","Urban waste-water treatment","Pollutant releases (2024)
Waste transfers (2024)"
"Haulaway Limited","Disposal of non-hazardous waste","Waste transfers (2024)"
"Havant Household Waste Recycling Centre","Disposal of non-hazardous waste","Waste transfers (2024)"
"Haverhill Resins EPR/QP3931SN/V002","Basic Organic Chemicals","Waste transfers (2024)"
"Haveringland Poultry Unit - EPR/VP3232YZ","Intensive livestock production","Waste transfers (2024)"
"Haverton Hill Herbicide - EPR/UP3739BZ","Basic plant health products and of biocides","Waste transfers (2024)"
"Haverton Hill Road Billingham Stockton On Tees Cleveland TS23 1PY","Disposal of non-hazardous waste","Waste transfers (2024)"
"Hawes Skip Hire Ltd","Disposal of non-hazardous waste","Waste transfers (2024)"
"Hawick Waste TS and Com Recycling","Disposal of non-hazardous waste","Waste transfers (2024)"
"Hawkeswood Metal Recycling EPR/NP3530AG","Disposal of non-hazardous waste","Waste transfers (2024)"
"Hawthorn Timber Limited","Preservation of wood",""
"Haywold and Westwold Pig Units EPR/RP3535MT/V003","Intensive livestock production","Pollutant releases (2020)"
"Hazel Court Household Waste Recycling Centre","Disposal of non-hazardous waste","Waste transfers (2024)"
"Hazel Lane Quarry - EPR/BL4940IU","Landfills","Pollutant releases (2024)"
"Hazelhead EPR/LB3532AU","Disposal of non-hazardous waste","Waste transfers (2024)"
"Hazelmere","Disposal of non-hazardous waste","Waste transfers (2024)"
"Heanor B P I Recycled Products","Disposal of non-hazardous waste",""
"Heartlands Plant - EPR/QP3632TF","Thermal power plants and combustion installations (50MW or greater)","Waste transfers (2024)"
"Heasandford Surface Treatments - EPR/CP3034PT","Surface treatment of metals and plastic materials","Waste transfers (2024)"
"Heath Farm Pig Unit EPR/QP3532FR","Intensive livestock production",""
"Heath Road","Disposal of non-hazardous waste","Waste transfers (2024)"
"Heatherland Ltd: Stondon Massey","Disposal of non-hazardous waste","Waste transfers (2024)"
"Heathfield Abattoir, Old Farm Rd, Ayr","Slaughterhouses","Waste transfers (2024)"
"Heathfield Ca Site","Disposal of non-hazardous waste","Waste transfers (2024)"
"Heathfield Landfill EPR/BV7028IP","Landfills","Pollutant releases (2024)
Pollutant transfers (2024)
Waste transfers (2024)"
"Heidelberg materials, Abergele Quarry","Opencast mining and quarrying",""
"Heighington Lane Waste Transfer Station","Disposal of non-hazardous waste","Waste transfers (2024)"
"Hellisay, Sound of Hellisay, Isle of Barra","Aquaculture","Pollutant releases (2024)"
"Hempsted Landfill Site - EPR/NP3235SU","Landfills","Pollutant releases (2024)"
"Hempton Poultry Unit EPR/BM1156IB","Intensive livestock production","Pollutant releases (2024)"
"Hendon Dock Process Plant EPR/BV4673IM","Hazardous Waste","Pollutant transfers (2024)
Waste transfers (2024)"
"Hendon Sewage Treatment Works","Disposal of non-hazardous waste",""
"Hendon Waste Transfer Station","Disposal of non-hazardous waste","Waste transfers (2020)"
"Hendre Poultry Unit EPR/GP3130VZ","Poultry or pigs - intensive rearing (40,000 places for poultry)",""
"Hendre Stone Ltd, Ystrad Meurig Quarry","Opencast mining and quarrying",""
"Hengrave Farm EPR/TP3733AQ","Intensive livestock production","Pollutant releases (2022)"
"Henlade & Holway Poultry Farms EPR/PP3136MB","Intensive livestock production",""
"Henry Taroni Motor Spares","Hazardous Waste","Waste transfers (2024)"
"Henry Waste Mgmt TS,Coltswood Rd,Coatbridge","Disposal of non-hazardous waste","Waste transfers (2024)"
"Henry Woods Waste Management Ltd","Disposal of non-hazardous waste","Waste transfers (2024)"
"Hep Oils","Disposal of non-hazardous waste","Waste transfers (2024)"
"Hepwood Lodge Farm","Intensive livestock production","Pollutant releases (2019)"
"Hereford Galvanizers Ltd","Surface treatment of metals and plastic materials","Pollutant releases (2024)
Waste transfers (2024)"
"Hereford Poultry Processing Facility - EPR/HP3238JD","Slaughterhouses","Waste transfers (2024)"
"Hermitage Landfill EPR/BW0240IT","Landfills","Pollutant releases (2024)
Waste transfers (2024)"
"Herniss Farm Waste Transfer Station","Disposal of non-hazardous waste","Waste transfers (2022)"
"Herreschoff Calciner","Opencast mining and quarrying","Waste transfers (2024)"
"Hersden Waste Transfer Station","Disposal of non-hazardous waste","Waste transfers (2024)"
"Hespin Wood EPR/YP3393ZL","Disposal of non-hazardous waste","Waste transfers (2021)"
"Hespin Wood Landfill Site - EPR/BM6026IB","Landfills","Pollutant releases (2024)
Pollutant transfers (2024)"
"Hespin Wood Resource Park EPR/SP3133HW","Disposal of non-hazardous waste","Waste transfers (2024)"
"Hespin Woods M R F","Disposal of non-hazardous waste","Waste transfers (2024)"
"Heveningham Poultry Unit - EPR/PP3533UF","Intensive livestock production","Waste transfers (2024)"
"Hexham Transfer Station And H W R C","Disposal of non-hazardous waste","Waste transfers (2024)"
"Heysham 1 Power Station EPR/BM4252IJ","Thermal power plants and combustion installations (50MW or greater)","Waste transfers (2024)"
"Heysham 2 Power Station EPR/BM4279IN","Thermal power plants and combustion installations (50MW or greater)","Waste transfers (2024)"
"Hibaldstow Farm - EPR/HP3433UB","Intensive livestock production","Pollutant releases (2024)
Waste transfers (2024)"
"Hibernia Way - EPR/BL9640IM","Basic Organic Chemicals","Waste transfers (2024)"
"High Carr Recycling Centre","Disposal of non-hazardous waste","Waste transfers (2024)"
"High Heaven Household Waste Recycling Centre","Disposal of non-hazardous waste","Waste transfers (2024)"
"High Level Way Material Recycling Facility","Disposal of non-hazardous waste","Waste transfers (2024)"
"High March Waste Transfer Station","Disposal of non-hazardous waste","Waste transfers (2024)"
"High Rails Farm Recycling Centre","Disposal of non-hazardous waste","Waste transfers (2024)"
"Highbridge Household Waste Recycling Centre","Disposal of non-hazardous waste","Waste transfers (2024)"
"Highbury Heath Poultry Processing EPR/UP3237UA","Slaughterhouses","Waste transfers (2024)"
"Higher Brynn Wood Recycling Facility","Disposal of non-hazardous waste","Waste transfers (2024)"
"Higher Hall Farm EPR/HP3636KB","Poultry or pigs - intensive rearing (40,000 places for poultry)",""
"Higher Kings Mill - EPR/EP3431FL","Paper, board and other primary wood products","Pollutant releases (2024)
Waste transfers (2024)"
"Higher Stocklands Farm EPR/HP3438VC","Intensive livestock production","Pollutant releases (2022)"
"Highfield Grange - EPR/KP3439EP","Intensive livestock production","Pollutant releases (2024)"
"Highfields","Disposal of non-hazardous waste",""
"Highfields Leys Farm - EPR/HP3133ZP","Intensive livestock production","Pollutant releases (2024)"
"Highfields South Landfill Site EPR/NP3135SL","Landfills","Pollutant releases (2024)
Waste transfers (2024)"
"Highland Colour Coaters,Tower Rd,Cumbernauld","Surface treatment of metals and plastic materials","Waste transfers (2024)"
"Highland Coun,Granish L/F,Aviemore,Inverness","Landfills","Waste transfers (2024)"
"Highland Council,Seater L/F,Bower,Caithness","Landfills","Waste transfers (2024)"
"Highland Meats, Blakely Rd, Saltcoats","Slaughterhouses","Pollutant transfers (2024)
Waste transfers (2024)"
"Highland Metals Ltd, Pinefield Ind Est, Elgin","Surface treatment of metals and plastic materials","Waste transfers (2024)"
"Highways Depot","Disposal of non-hazardous waste","Waste transfers (2022)"
"Highways Depot","Disposal of non-hazardous waste","Waste transfers (2019)"
"Highways Depot: Stanton Way","Disposal of non-hazardous waste","Waste transfers (2021)"
"Hill & Moor Landfill Site","Disposal of non-hazardous waste","Waste transfers (2024)"
"Hill Barton Business Park - EPR/LP3939TS","Hazardous Waste","Waste transfers (2024)"
"Hill Farm EPR/HP3137MR","Intensive livestock production","Pollutant releases (2022)"
"Hill Farm Pig Unit - EPR/ZP3339ZH","Intensive livestock production","Pollutant releases (2024)
Waste transfers (2024)"
"Hill Farm Poultry Unit EPR/ZP3731MZ","Intensive livestock production","Pollutant releases (2024)"
"Hill and Moor Landfill - EPR/ZP3933LD","Landfills","Pollutant releases (2024)
Pollutant transfers (2024)
Waste transfers (2024)"
"Hillhouse International- Victrex Manufacturing Limited EPR/BU5640IA","Basic Organic Chemicals","Pollutant releases (2024)
Pollutant transfers (2024)
Waste transfers (2024)"
"Hillhouse Quarry, Troon","Opencast mining and quarrying","Waste transfers (2024)"
"Hillhouse WwTW EPR/EP3234HG","Disposal of non-hazardous waste","Waste transfers (2024)"
"Hillingdon Clinical Waste Incinerator - EPR/LP3037UU","Hazardous Waste","Waste transfers (2024)"
"Hills Waste Solutions Limited, Parkgate Farm Waste Management Facility","Landfills",""
"Hillside Poultry Farm","Intensive livestock production","Pollutant releases (2019)"
"Himley Quarry Landfill EPR/BV7265IS","Landfills","Pollutant releases (2024)
Waste transfers (2024)"
"Hinckley & Bosworth Borough Council","Hazardous Waste","Waste transfers (2024)"
"Hinckley Hazardous Waste Transfer Station EPR/SP3832VR","Hazardous Waste","Waste transfers (2024)"
"Hinckley Site","Disposal of non-hazardous waste","Waste transfers (2024)"
"Hindlow Quarry Lime Works EPR/UP3632DQ","Cement Clinker/Lime",""
"Hines Pitt","Disposal of non-hazardous waste","Waste transfers (2024)"
"Hints Quarry","Opencast mining and quarrying",""
"Hoath Way Household Waste Recycling Centre","Disposal of non-hazardous waste","Waste transfers (2024)"
"Hogan Aggregates Ltd","Opencast mining and quarrying",""
"Hogsbrook Farm","Disposal of non-hazardous waste","Waste transfers (2016)"
"Holbeach Biogas Limited - EPR/MB3239AN","Disposal of non-hazardous waste",""
"Holbeach St Johns Poultry Farm - EPR/RP3332YF","Intensive livestock production","Waste transfers (2024)"
"Holborn Waste 2015 Limited","Disposal of non-hazardous waste","Waste transfers (2024)"
"Holden Close Waste Management Facility - EPR/MP3434CN","Hazardous Waste","Waste transfers (2024)"
"Holdenhurst STW","Urban waste-water treatment","Pollutant releases (2024)"
"Holford Brinefield","Underground mining","Pollutant releases (2021)"
"Holford Brinefield Landfill Site EPR/XP3934SL","Landfills","Pollutant releases (2021)"
"Hollingdean M R F & W T S Facility","Disposal of non-hazardous waste",""
"Holloway Lane M R F Holloway Lane Sipson West Drayton Middlesex UB7 0AE","Disposal of non-hazardous waste","Waste transfers (2024)"
"Holly Bank EPR/SP3531ZE","Slaughterhouses","Waste transfers (2024)"
"Holly Tree Farm","Disposal of non-hazardous waste","Waste transfers (2024)"
"Hollybush Farm - EPR/DB3601HB","Disposal of non-hazardous waste",""
"Hollybush Industrial Park","Hazardous Waste","Waste transfers (2024)"
"Hollybush Lane Waste Transfer Station & Recycling Facility","Disposal of non-hazardous waste","Waste transfers (2024)"
"Hollywell Waste Oil Treatment Facility EPR/CB3906FN","Disposal of non-hazardous waste","Waste transfers (2024)"
"Hollywood Farm Poultry Unit - EPR/VP3836UU","Intensive livestock production","Pollutant releases (2024)"
"Holmer Nickel Alloy Works EPR/BK4766IZ","Surface treatment of metals and plastic materials","Pollutant releases (2024)
Pollutant transfers (2024)
Waste transfers (2024)"
"Holsworthy Biogas Plant - EPR/NP3036TM","Animal carcasses and waste","Waste transfers (2024)"
"Holton Poultry Processing - EPR/CP3831DG","Slaughterhouses","Waste transfers (2024)"
"Holybourne Rail Terminal","Mineral oil and gas refineries",""
"Holywell Chemical Works","Basic Organic Chemicals",""
"Holywell Farm","Intensive livestock production","Pollutant releases (2019)"
"Homeleaze Farm Pig Unit - EPR/QP3939UK","Intensive livestock production",""
"Honeyball Household Recycling Centre: Compton Bassett","Disposal of non-hazardous waste","Waste transfers (2024)"
"Honiton Waste Oil Treatment Site EPR/YP3835DZ","Disposal of non-hazardous waste","Waste transfers (2024)"
"Hook 2 Sisters Limited, Awel Deg","Poultry or pigs - intensive rearing (40,000 places for poultry)",""
"Hook 2 Sisters Limited, Awelon","Poultry or pigs - intensive rearing (40,000 places for poultry)",""
"Hook 2 Sisters Limited, Bron Afon","Poultry or pigs - intensive rearing (40,000 places for poultry)",""
"Hook 2 Sisters Limited, Bryn Golau","Poultry or pigs - intensive rearing (40,000 places for poultry)",""
"Hook 2 Sisters Limited, Brynford","Poultry or pigs - intensive rearing (40,000 places for poultry)",""
"Hook 2 Sisters Limited, Gernant","Poultry or pigs - intensive rearing (40,000 places for poultry)",""
"Hook 2 Sisters Limited, Glan Dwr","Poultry or pigs - intensive rearing (40,000 places for poultry)",""
"Hook 2 Sisters Limited, Gwynt Y Mor","Poultry or pigs - intensive rearing (40,000 places for poultry)",""
"Hook 2 Sisters Limited, Lixwm","Poultry or pigs - intensive rearing (40,000 places for poultry)",""
"Hook 2 Sisters Limited, Llyn Helyg","Poultry or pigs - intensive rearing (40,000 places for poultry)",""
"Hook 2 Sisters Limited, Merllyn Bach","Poultry or pigs - intensive rearing (40,000 places for poultry)",""
"Hook 2 Sisters Limited, Morlais","Poultry or pigs - intensive rearing (40,000 places for poultry)",""
"Hook 2 Sisters Limited, Mynydd Llan","Poultry or pigs - intensive rearing (40,000 places for poultry)",""
"Hook 2 Sisters Limited, Pen-Y-Ffrith","Poultry or pigs - intensive rearing (40,000 places for poultry)",""
"Hook 2 Sisters Limited, Racecourse Poultry Unit","Poultry or pigs - intensive rearing (40,000 places for poultry)",""
"Hook 2 Sisters Limited, Swn Y Don","Poultry or pigs - intensive rearing (40,000 places for poultry)",""
"Hook 2 Sisters Limited, Swn Y Gwynt","Poultry or pigs - intensive rearing (40,000 places for poultry)",""
"Hook2Sisters Ltd, Little Butterwick","Intensive livestock production",""
"Hooks Drove Poultry Farm - EPR/CP3234FL","Intensive livestock production","Pollutant releases (2024)
Waste transfers (2024)"
"Hooper Street Depot","Disposal of non-hazardous waste","Waste transfers (2024)"
"Hope Cement Works - EPR/BP3731VJ","Cement Clinker/Lime","Pollutant releases (2024)
Waste transfers (2024)"
"Hoppings Softwood Products Ltd","Preservation of wood","Waste transfers (2024)"
"Horbury Waste Traders","Disposal of non-hazardous waste","Waste transfers (2019)"
"Horden Household Waste Recycling Centre","Disposal of non-hazardous waste","Waste transfers (2024)"
"Horndean B, C and X Well Sites","Mineral oil and gas refineries","Waste transfers (2024)"
"Hornsey Street Re-use & Recycling Centre","Disposal of non-hazardous waste","Waste transfers (2024)"
"Horsham Civic Amenity Site","Disposal of non-hazardous waste","Waste transfers (2020)"
"Horton Closed Landfill Site EPR/BV9900IS","Landfills","Pollutant releases (2024)
Waste transfers (2024)"
"Horton Quarry","Opencast mining and quarrying","Waste transfers (2024)"
"Horwich Recycling","Disposal of non-hazardous waste","Waste transfers (2018)"
"Hosegood Flour Mill - EPR/BM8916ID","Food and Beverage products","Waste transfers (2024)"
"Hoseley Farms Ltd, Hoseley Bank Farm","Poultry or pigs - intensive rearing (40,000 places for poultry)",""
"Houghton le Spring - EPR/BU8045IR","Landfills","Pollutant releases (2024)
Waste transfers (2024)"
"Houghton-le-Spring EPR/BT2831IA","Manufacture of coal products and solid fuel","Waste transfers (2024)"
"Household Waste Recycling Centre Eastman Way Hemel Hempstead Hertfordshire HP2 7DU","Disposal of non-hazardous waste","Waste transfers (2024)"
"Household Waste Recycling Centre Northbridge Road Berkhamsted Hertfordshire HP4 1TL","Disposal of non-hazardous waste","Waste transfers (2024)"
"Household Waste Recycling Centre Pindar Road Hoddesdon Hertfordshire EN11 0BZ","Disposal of non-hazardous waste","Waste transfers (2021)"
"Houston & Sons Ltd","Disposal of non-hazardous waste","Waste transfers (2024)"
"Hove H W S & Transfer Station","Disposal of non-hazardous waste","Waste transfers (2024)"
"Howdendyke Fertiliser Plant - EPR/DP3135JK","Phosphorous-, nitrogen- or potassium-based fertilizers","Waste transfers (2024)"
"Howdon Sewage Treatment Works","Urban waste-water treatment","Pollutant releases (2024)"
"Howdon Sewage Treatment Works","Disposal of non-hazardous waste","Waste transfers (2024)"
"Howley Park Brickworks","Ceramic products manufacture","Waste transfers (2024)"
"Howsham Farm - EPR/HP3533UL","Intensive livestock production","Waste transfers (2024)"
"Hoyle Mill, Mill Road, Railway and Willow Tree Poultry Farms EPR/DP3231ZA","Intensive livestock production","Pollutant releases (2024)
Waste transfers (2024)"
"Huckers Yard","Disposal of non-hazardous waste","Waste transfers (2024)"
"Hucknall Household Waste Recycling Centre","Disposal of non-hazardous waste","Waste transfers (2024)"
"Huddersfield Chemical Industry - EPR/UP3138LT","Basic plant health products and of biocides","Pollutant releases (2024)
Pollutant transfers (2024)
Waste transfers (2024)"
"Huddersfield Chemical Industry EPR/XP3533WY","Basic Inorganic Chemicals","Waste transfers (2024)"
"Huddersfield Energy and Recycling Facility EPR/VP3639PS","Disposal of non-hazardous waste","Waste transfers (2024)"
"Huddersfield Manufacturing Centre - EPR/AP3733LE","Basic Organic Chemicals","Waste transfers (2024)"
"Hudsons Of Dudley M R S","Disposal of non-hazardous waste",""
"Hull Vegetable Oil Plant - EPR/BM9998IT","Food and Beverage products","Waste transfers (2024)"
"Hull Waste Trasnfer And Recycling Facility","Disposal of non-hazardous waste","Waste transfers (2024)"
"Hull WwTW Combustion Plant","Urban waste-water treatment","Pollutant releases (2024)"
"Humber Refinery EPR/UP3230LR","Gasification and Liquefaction","Pollutant releases (2024)
Waste transfers (2024)"
"Humberstone Road - EPR/BQ1972IR","Food and Beverage products","Waste transfers (2024)"
"Humbly Grove Oilfield EPR/TP3638CT","Mineral oil and gas refineries","Waste transfers (2024)"
"Hump & Dump ( Dorset ) Ltd","Disposal of non-hazardous waste","Waste transfers (2024)"
"Huncoat Polyurethane Works EPR/BU5569IC","Basic Organic Chemicals","Waste transfers (2024)"
"Hunterston B Power Station, W Kilbride","Thermal power plants and combustion installations (50MW or greater)","Waste transfers (2024)"
"Hurdsfield CHP & Energy Centre EPR/BK0647IG","Thermal power plants and combustion installations (50MW or greater)","Waste transfers (2021)"
"Hutton Grange Farm and Birkby Gate Farm Pig Unit - EPR/SP3736ZU","Intensive livestock production","Pollutant releases (2024)"
"Huws Gray Llangefni Industrial Estate","Preservation of wood",""
"Huyton H W R C","Disposal of non-hazardous waste","Waste transfers (2024)"
"Huyton Waste Transfer Station","Disposal of non-hazardous waste","Waste transfers (2024)"
"Huyton WwTW EPR/HP3531LN","Disposal of non-hazardous waste","Waste transfers (2024)"
"Hybris Materials Recycling Facility","Disposal of non-hazardous waste","Waste transfers (2024)"
"Hydro Aluminium UK Ltd, Bedwas Plant EPR/BX9455IF","Surface treatment of metals and plastic materials",""
"Hydro Extrusion UK Limited - EPR/LP3937VP/V003","Non-ferrous metals","Waste transfers (2024)"
"Hyndburn Stw","Urban waste-water treatment","Pollutant releases (2024)
Waste transfers (2024)"
"Hyndburn WwTW EPR/VP3234HP","Disposal of non-hazardous waste","Waste transfers (2024)"
"Hythe Power Station EPR/CP3139QJ","Thermal power plants and combustion installations (50MW or greater)","Waste transfers (2024)"
"ICI No 2 (Teesport) Landfill Site - EPR/RP3631DA","Landfills","Pollutant releases (2024)
Waste transfers (2024)"
"IES - Oldbury EPR/GP3739VR","Incineration of non-hazardous waste","Waste transfers (2024)"
"INEOS Chemicals Grangemouth Ltd, Grangemouth","Simple hydrocarbons","Pollutant releases (2024)
Waste transfers (2024)"
"INEOS FPS Ltd, Kinneil Terminal, Grangemouth","Mineral oil and gas refineries","Pollutant releases (2024)
Pollutant transfers (2024)
Waste transfers (2024)"
"INOVYN Newton Aycliffe Site EPR/FP3833NP","Basic Organic Chemicals","Pollutant releases (2024)
Pollutant transfers (2024)
Waste transfers (2024)"
"IQE Silicon Compounds Limited, St Mellons EPR/BJ6968IY","Basic inorganic chemical - non-metals, metal oxides or other inorganic compounds","Waste transfers (2024)"
"Ibstock Brick Limited - Chailey Factory","Ceramic products manufacture",""
"Ibstock Brick Limited - Swanage Factory","Ceramic products manufacture",""
"Ibstock Brick Limited - West Hoathly Factory","Ceramic products manufacture",""
"Id & Rv Williams, Ty Castle","Poultry or pigs - intensive rearing (40,000 places for poultry)",""
"Ideal Heating","Smelting of non-ferrous metals",""
"Ideal Skip Hire","Disposal of non-hazardous waste",""
"Ifor Williams Trailers Ltd","Ferrous metals processing - protective fused metal coats",""
"Ilkeston Waste Treatment and Transfer Facility EPR/AP3337SJ","Hazardous Waste","Waste transfers (2024)"
"Ilketshall Hall Farm Poultry Unit - EPR/QP3331MD","Intensive livestock production","Pollutant releases (2024)
Waste transfers (2024)"
"Imerys Aluminates Limited","Mineral substances and fibres - melting and production","Waste transfers (2024)"
"Immingham Briquetting Works EPR/DP3134LK","Manufacture of coal products and solid fuel","Pollutant releases (2024)"
"Immingham CHP Power Plant EPR/BJ8022IZ","Thermal power plants and combustion installations (50MW or greater)","Pollutant releases (2024)
Waste transfers (2024)"
"Immingham East Terminal EPR/LP3024XB","Hazardous Waste","Waste transfers (2024)"
"Immingham Landfill Site EPR/PP3830BV","Landfills","Pollutant releases (2024)
Waste transfers (2024)"
"Immingham Materials Recycling Facility - EPR/CP3294LE","Hazardous Waste","Pollutant transfers (2024)
Waste transfers (2024)"
"Immingham Oil Storage","Disposal of non-hazardous waste","Waste transfers (2024)"
"Immingham Plasterboard Manufacturer EPR/JP3531PD","Thermal power plants and combustion installations (50MW or greater)","Waste transfers (2024)"
"Impala, Milford Haven Terminal_AP3830XQ","Mineral oil and gas refineries","Pollutant releases (2024)
Waste transfers (2024)"
"Ince Fertiliser Manufacturing Site EPR/JP3837KT","Phosphorous-, nitrogen- or potassium-based fertilizers","Waste transfers (2024)"
"Indian Queens Peak Power Facility EPR/SP3833LF","Thermal power plants and combustion installations (50MW or greater)","Waste transfers (2024)"
"Industrial Effluent Treatment Works","Disposal of non-hazardous waste","Pollutant releases (2024)
Waste transfers (2024)"
"Ingleborough poultry Farm EPR/XP3233UZ","Intensive livestock production",""
"Inglemere Metals Ltd","Hazardous Waste",""
"Ingleton Quarry","Opencast mining and quarrying",""
"Innisfree Estate Waste Transfer Station","Disposal of non-hazardous waste","Waste transfers (2024)"
"Innovia Films Limited EPR/BM4392IM","Thermal power plants and combustion installations (50MW or greater)","Pollutant releases (2024)
Waste transfers (2024)"
"Integra North Energy Recovery Facility - EPR/BJ7786IV","Incineration of non-hazardous waste","Pollutant releases (2024)
Waste transfers (2024)"
"Integra South East Energy Recovery Facility EPR/BJ7107IJ","Incineration of non-hazardous waste","Pollutant releases (2024)
Waste transfers (2024)"
"Intera South West Energy Recovery Facility - EPR/BJ7093IY","Incineration of non-hazardous waste","Pollutant releases (2024)
Waste transfers (2024)"
"Interconnector Bacton Terminal EPR/GP3538SH","Thermal power plants and combustion installations (50MW or greater)","Pollutant releases (2024)
Waste transfers (2024)"
"Interfish Ltd","Animal carcasses and waste",""
"Interfloor Ltd","Surface treatment with organic solvents",""
"International Greetings UK LTD","Surface treatment with organic solvents",""
"International Rectifier Swansea EPR/TP3035SG/V002","Surface treatment of metals and plastic materials","Waste transfers (2016)"
"Interserve Site Services","Disposal of non-hazardous waste","Waste transfers (2022)"
"Invasion Bay MCFF, Loch Sunart","Aquaculture","Pollutant releases (2024)"
"Ipswich Household Waste Recycling Centre","Disposal of non-hazardous waste","Waste transfers (2024)"
"Ipswich Waste to Energy Facility EPR/EP3530XY","Hazardous Waste","Waste transfers (2024)"
"Irlam - Material Resource Centre","Disposal of non-hazardous waste","Waste transfers (2024)"
"Irlam Works - EPR/BM0290IA","Basic Organic Chemicals","Waste transfers (2024)"
"Iron Brothers Lead Casting EPR/BT0111IP","Non-ferrous metals","Waste transfers (2024)"
"Ironchurch Road","Disposal of non-hazardous waste","Waste transfers (2024)"
"Isfield Composting Site EPR/EP3595HY","Disposal of non-hazardous waste","Waste transfers (2024)"
"Isle Of Wight Waste Recovery Park EPR/QP3337AD","Incineration of non-hazardous waste","Waste transfers (2024)"
"Iver Recycling Ltd","Hazardous Waste","Waste transfers (2024)"
"Ivy House Farm Poultry Unit - EPR/BT5873IU","Intensive livestock production","Pollutant releases (2024)"
"Ivy Pig Farm EPR/BP3337FH","Intensive livestock production","Pollutant releases (2018)"
"J & G Transfer Station EPR/RP3931SE","Hazardous Waste","Waste transfers (2024)"
"J And A Young ( Leicester ) Ltd","Disposal of non-hazardous waste","Waste transfers (2024)"
"J And A Young ( Leicester) Ltd","Disposal of non-hazardous waste","Waste transfers (2024)"
"J And A Young ( Leicester) Ltd","Disposal of non-hazardous waste","Waste transfers (2024)"
"J And A Young Leicester Ltd","Disposal of non-hazardous waste","Waste transfers (2024)"
"J B Schofield & Sons Ltd","Disposal of non-hazardous waste","Waste transfers (2024)"
"J B Services ( Derby) Ltd Aggregate Recycling Facility","Disposal of non-hazardous waste","Waste transfers (2019)"
"J C Recycling Limited","Disposal of non-hazardous waste","Waste transfers (2024)"
"J C Thomas & Sons Ltd","Disposal of non-hazardous waste","Waste transfers (2024)"
"J F Bishop & Son","Disposal of non-hazardous waste","Waste transfers (2024)"
"J P P Whittingham & Son, Great Tyrmynach","Poultry or pigs - intensive rearing (40,000 places for poultry)",""
"J Ryan","Disposal of non-hazardous waste","Waste transfers (2020)"
"J Smith Metals Ltd","Disposal of non-hazardous waste","Waste transfers (2024)"
"J W Ransome & Sons","Disposal of non-hazardous waste","Waste transfers (2024)"
"J W Ransome & Sons","Disposal of non-hazardous waste","Waste transfers (2024)"
"J&M Kennie Ltd, Unit 4, Greendykes Ind Est","Disposal of non-hazardous waste","Waste transfers (2024)"
"J&S Waste Management,21B Meadow Rd,Motherwell","Disposal of non-hazardous waste","Waste transfers (2024)"
"J. And A. Young ( Leicester) Ltd","Disposal of non-hazardous waste","Waste transfers (2024)"
"JD Norman Lydney Ltd.","Ferrous metal foundry",""
"JLA , Palleg Landfill Phase II_BT1908IX","Landfills","Waste transfers (2024)"
"JM Murdoch, East Capellie Farm L/F, Neilston","Landfills","Waste transfers (2024)"
"JMW (Aughnacloy)","Poultry or pigs - intensive rearing (2,000 places for pigs)","Pollutant releases (2024)"
"JMW Tonnagh Farm","Intensive livestock production","Pollutant releases (2024)"
"JOINT STOCKS LANDFILL PHASE 2","Landfills","Pollutant releases (2020)"
"JPF API Laminates UK Limited","Surface treatment with organic solvents",""
"JVM Castings (Worcester) Limited - EPR/WP3538SS","Non-ferrous metals","Waste transfers (2024)"
"Jack Crawford House Waste Transfer Station","Disposal of non-hazardous waste","Waste transfers (2024)"
"Jackson Farm Poultry Unit - EPR/JP3136UL","Intensive livestock production",""
"Jacobs Bakery EPR/DP3033AW","Food and Beverage products","Waste transfers (2024)"
"James Durrans & Sons Bilston","Coal rolling mills (1 tonne/hr)",""
"James Durrans & Sons Ltd","Manufacture of coal products and solid fuel",""
"James E Smith (Timber) Ltd","Preservation of wood",""
"James E Smith (Timber) Ltd","Preservation of wood",""
"Jameson Road Landfill - Phase 2 EPR/BL9518IE","Landfills","Waste transfers (2021)"
"Jarrow Chemical Works Tyneside Works","Basic plant health products and of biocides","Waste transfers (2017)"
"Jeffery - Swinholm Farm Lagoon","Disposal of non-hazardous waste","Waste transfers (2020)"
"Jeld-Wen UK Ltd","Preservation of wood",""
"Jenkins Lane Waste Management Facility EPR/WP3433BY","Disposal of non-hazardous waste","Waste transfers (2024)"
"Jenkinson Woodwaste, Carriden Ind Est, Boness","Aquaculture","Waste transfers (2024)"
"Jewson Exeter","Preservation of wood",""
"John Huntley ( Petersfield ) Ltd","Disposal of non-hazardous waste","Waste transfers (2024)"
"John Kerr Metals","Disposal of non-hazardous waste","Waste transfers (2024)"
"John Knight ABP Limited","Animal carcasses and waste",""
"John Knights ABP Ltd","Animal carcasses and waste",""
"John Lawrie Metals Ltd, East Tullos, Aberdeen","Disposal of non-hazardous waste","Waste transfers (2024)"
"John Orchard And Company","Disposal of non-hazardous waste","Waste transfers (2024)"
"John Robson ( Metals ) Ltd","Disposal of non-hazardous waste","Waste transfers (2024)"
"John Smiths Brewery Tadcaster EPR/BT2815IP","Food and Beverage products","Waste transfers (2024)"
"John Street Galvanising Ltd.","Surface treatment of metals and plastic materials",""
"John Warren ABP","Animal carcasses and waste",""
"Johnson Scrap Metal Ltd","Disposal of non-hazardous waste","Waste transfers (2024)"
"Johnsons Lane H W R C","Disposal of non-hazardous waste","Waste transfers (2024)"
"Jones Waste Services Ltd","Disposal of non-hazardous waste","Waste transfers (2021)"
"Joseph Ash Galvanizing Ltd","Ferrous metals processing - protective fused metal coats","Pollutant releases (2024)
Waste transfers (2024)"
"Juel Waste Management Limited","Disposal of non-hazardous waste","Waste transfers (2024)"
"Juliette Way Materials Recycling & WEEE ATF","Disposal of non-hazardous waste","Waste transfers (2024)"
"Jute Lane: Brimsdown","Disposal of non-hazardous waste","Waste transfers (2024)"
"K J Bell Scrapmetal Merchants","Disposal of non-hazardous waste","Waste transfers (2024)"
"K M R Skips","Disposal of non-hazardous waste","Waste transfers (2024)"
"KILSBY PHASE VII LANDFILL SITE","Landfills","Pollutant releases (2024)"
"KP1 & KP2 Poultry Unit EPR/TP3036ML","Intensive livestock production","Pollutant releases (2024)"
"Kaiam Europe Ltd","Basic inorganic chemical - non-metals, metal oxides or other inorganic compounds","Waste transfers (2018)"
"Karen House","Disposal of non-hazardous waste","Waste transfers (2022)"
"Karslake Mining Region","Opencast mining and quarrying","Waste transfers (2018)"
"Keadby Power Station EPR/YP3133LL","Thermal power plants and combustion installations (50MW or greater)","Pollutant releases (2024)
Waste transfers (2024)"
"Kebwood Farm - EPR/HP3933UF","Intensive livestock production","Waste transfers (2024)"
"Keddington Oil Well","Mineral oil and gas refineries","Waste transfers (2024)"
"Keighley T L S","Disposal of non-hazardous waste","Waste transfers (2024)"
"Keily Bros Ltd","Disposal of non-hazardous waste","Waste transfers (2024)"
"Kelda Organic Energy (Cardiff) Limited, Lamby Way Open Windrow Composting EPR/AB3096CP","Disposal of non-hazardous waste",""
"Kemet Electronics Ltd","Surface treatment with organic solvents",""
"Kemira Chemicals (UK) Limited EPR/TP3135PX","Basic Inorganic Chemicals","Waste transfers (2024)"
"Kemira Teesport EPR/UP3035JQ","Basic Organic Chemicals","Waste transfers (2024)"
"Kemp Waste Management Ltd","Disposal of non-hazardous waste","Waste transfers (2024)"
"Kemsley Paper Mill CHP Plant EPR/BJ7395IG","Thermal power plants and combustion installations (50MW or greater)","Pollutant releases (2024)"
"Kemsley Paper Mill EPR/BJ7468IC","Paper, board and other primary wood products","Pollutant releases (2024)
Waste transfers (2024)"
"Ken Allen Autowreckers","Disposal of non-hazardous waste","Waste transfers (2024)"
"Ken Thomas Site Clearance Ltd","Disposal of non-hazardous waste","Waste transfers (2024)"
"Kenbury Wood Landfill Site","Disposal of non-hazardous waste","Waste transfers (2024)"
"Kenilworth Abattoir - EPR/ZP3030BH","Slaughterhouses","Waste transfers (2024)"
"Kenninghall Feed Mill EPR/BW9654IF","Food and Beverage products","Waste transfers (2024)"
"Kenny Waste Management Ltd","Disposal of non-hazardous waste","Waste transfers (2024)"
"Kent Soils And Composts Limited","Disposal of non-hazardous waste","Waste transfers (2020)"
"Kenwick Landfill EPR/PP3630BC","Landfills","Waste transfers (2024)"
"Kepak Group Limited, Dowlais Slaughterhouse","Slaughterhouses","Waste transfers (2024)"
"Kershire Recyling","Disposal of non-hazardous waste","Waste transfers (2019)"
"Kerville Properties Ltd","Disposal of non-hazardous waste","Waste transfers (2022)"
"Kettering H W R C","Disposal of non-hazardous waste","Waste transfers (2024)"
"Kettering Site EPR/MP3031WD","Food and Beverage products","Waste transfers (2024)"
"Kettleby Farm - EPR/TP3733UR","Intensive livestock production","Waste transfers (2024)"
"Ketton Works","Cement Clinker/Lime","Pollutant releases (2024)
Waste transfers (2024)"
"Kewland Hall Farm Piggery EPR/BP3136ZP","Intensive livestock production","Pollutant releases (2021)"
"Keymer Tiles Ltd","Ceramic products manufacture",""
"Keynsham Depot Transfer Station","Disposal of non-hazardous waste","Waste transfers (2022)"
"Keynsham Sewage Treatment Works","Disposal of non-hazardous waste","Waste transfers (2022)"
"Keysoe Road","Disposal of non-hazardous waste","Waste transfers (2024)"
"Kibworth Composting Facility","Disposal of non-hazardous waste","Waste transfers (2021)"
"Kidderminster Adhesive Plant EPR/XP3939ZD","Basic Organic Chemicals","Waste transfers (2024)"
"Kidderminster Rockets EPR/BK2437IM","Explosives and pyrotechnic products","Waste transfers (2024)"
"Kidderminster STW","Urban waste-water treatment","Pollutant releases (2024)"
"Kierby Perry Yard EPR/EP3430UV","Hazardous Waste","Waste transfers (2024)"
"Kilgarth L/F Site, Gartgill Rd, Coatbridge","Landfills","Pollutant releases (2024)"
"Killingholme Farm","Intensive livestock production","Waste transfers (2022)"
"Killingholme Farm EPR/NP3030UW","Intensive livestock production","Waste transfers (2024)"
"Killingworth Solvent Recovery EPR/WP3434LT","Hazardous Waste","Pollutant releases (2024)
Waste transfers (2024)"
"Kilnbridge Construction Services Ltd","Disposal of non-hazardous waste","Waste transfers (2024)"
"Kimmeridge Wellsite EPR/ZP3230CE","Mineral oil and gas refineries","Pollutant releases (2024)"
"King George V Dock EPR/DP3396SU","Hazardous Waste","Waste transfers (2021)"
"King's Lynn Chemical Plant","Basic plant health products and of biocides","Waste transfers (2021)"
"King's Lynn Resource Management Centre","Disposal of non-hazardous waste","Waste transfers (2024)"
"King's Lynn Sludge Treatment Centre","Disposal of non-hazardous waste",""
"Kinglassie Rearing Farms, By Kinglassie, Fife","Poultry or pigs - intensive rearing (40,000 places for poultry)","Pollutant releases (2024)
Waste transfers (2024)"
"Kingpin Tyres","Disposal of non-hazardous waste","Waste transfers (2022)"
"Kings Dyke Works EPR/GP3435WX","Ceramic products manufacture","Pollutant releases (2024)
Waste transfers (2024)"
"Kings Lynn Compressor Station EPR/BS8028IR","Thermal power plants and combustion installations (50MW or greater)","Pollutant releases (2024)
Waste transfers (2024)"
"Kings Lynn Export Terminal","Disposal of non-hazardous waste","Waste transfers (2024)"
"Kings Lynn Household Waste Recycling Centre","Disposal of non-hazardous waste","Waste transfers (2024)"
"Kings Road Recycling Centre","Hazardous Waste","Waste transfers (2024)"
"Kingsbury Landfill EPR/NP3635SZ","Landfills","Pollutant releases (2024)"
"Kingsilver Refinery - EPR/DP3236TJ","Non-ferrous metals","Waste transfers (2024)"
"Kingsnorth Oil TP EPR/QP3138AA","Hazardous Waste","Waste transfers (2024)"
"Kingston Civic Amenity Site","Disposal of non-hazardous waste","Waste transfers (2024)"
"Kingwegar Recycling Centre & WTS,Wallyford","Disposal of non-hazardous waste","Waste transfers (2024)"
"Kinnegar Sludge Treatment Facility","Urban waste-water treatment","Waste transfers (2024)"
"Kinswood Eggs Limited","Intensive livestock production","Pollutant releases (2022)"
"Kirby-in-Ashfield AST Facility EPR/HP3832WT","Surface treatment of metals and plastic materials","Waste transfers (2024)"
"Kirk Sandall Thermal Treatment Plant EA/EPR/MP3030BY/V002","Hazardous Waste","Waste transfers (2024)"
"Kirkabister MCFF, Basta Voe","Aquaculture","Pollutant releases (2017)"
"Kirkbridge Farm EPR/GP3135FG","Intensive livestock production","Pollutant releases (2024)"
"Kirkby Creamery - EPR/VP3234NX","Food and Beverage products","Waste transfers (2024)"
"Kirkby H W C","Disposal of non-hazardous waste","Waste transfers (2024)"
"Kirkby Household Waste Recycling Centre","Disposal of non-hazardous waste","Waste transfers (2024)"
"Kirkby On Bain Civic Amenity Site","Disposal of non-hazardous waste","Waste transfers (2021)"
"Kirkby Zinc Plating Works - EPR/CP3532PE","Surface treatment of metals and plastic materials","Waste transfers (2024)"
"Kirkby on Bain Landfill site EPR/PP3430BK","Landfills","Waste transfers (2024)"
"Kirkham Food Processing Facility - EPR/BX0865IF","Food and Beverage products","Waste transfers (2024)"
"Kirkhaw Site","Disposal of non-hazardous waste","Waste transfers (2024)"
"Kirklees EfW EPR/BJ6178IX","Incineration of non-hazardous waste","Pollutant releases (2024)
Waste transfers (2024)"
"Kirkless Materials Recycling Facility -EPR/DB3601GP","Disposal of non-hazardous waste","Waste transfers (2024)"
"Kishorn Island MFF, Loch Kishorn (Site 3)","Aquaculture",""
"Kishorn Outer MFF","Aquaculture",""
"Kitsmead Recycling Centre","Disposal of non-hazardous waste","Waste transfers (2022)"
"Kitt Green Manufacturing Site EPR/BL8392IX","Food and Beverage products","Waste transfers (2024)"
"Kitts Green Aluminium Melting Furnace EPR/BJ9720IP","Non-ferrous metals","Waste transfers (2024)"
"Kiveton Park Steel Limited EPR/QP3336DY","Surface treatment of metals and plastic materials","Waste transfers (2024)"
"Knapton Quarry","Disposal of non-hazardous waste",""
"Kniveton ( U K) Ltd","Disposal of non-hazardous waste","Waste transfers (2024)"
"Knostrop Sewage Treatment Works","Urban waste-water treatment","Pollutant releases (2024)"
"Knostrop Waste Treatment Facility EPR/MP3231SD","Hazardous Waste","Pollutant transfers (2024)
Waste transfers (2024)"
"Knostrop WwTW EPR/RP3199SY","Disposal of non-hazardous waste","Waste transfers (2016)"
"Knottingley Process Plant","Hazardous Waste","Waste transfers (2024)"
"Knowes Farm IV Landfill Site, Beith","Landfills","Waste transfers (2024)"
"Knowsley Contract Chemicals","Basic Organic Chemicals","Pollutant transfers (2019)
Waste transfers (2019)"
"Knowsley Industrial Park North Kirkby Bank Road Liverpool Merseyside L33 7SY","Disposal of non-hazardous waste","Waste transfers (2024)"
"Knowsley Waste Facility EPR/ZP3439RM","Hazardous Waste","Waste transfers (2024)"
"Knoxbridge/Tolehurst Poultry - EPR/KP3333US","Intensive livestock production","Pollutant releases (2024)"
"Kommerling UK Ltd (Preston Site) - EPR/MP3634RT","Basic Organic Chemicals","Waste transfers (2024)"
"L & J Lonsdale Metal Merchants ( Walsall ) Limited","Disposal of non-hazardous waste","Waste transfers (2024)"
"L & S Waste Management Limited","Disposal of non-hazardous waste","Waste transfers (2024)"
"L A S Metals Recycling Facility","Disposal of non-hazardous waste","Waste transfers (2024)"
"L K A B Minerals Richmond Limited","Disposal of non-hazardous waste","Waste transfers (2024)"
"L S S Waste Management Ltd Knowsthorpe Lane Cross Green Ind Est Leeds West Yorkshire LS9 0PF","Disposal of non-hazardous waste","Waste transfers (2021)"
"L W Skip Hire","Disposal of non-hazardous waste","Waste transfers (2024)"
"LHT Anodisers Ltd EPR/QP3734NF","Surface treatment of metals and plastic materials",""
"La Forey Road Fish Processing Plant EPR/ZP3436LV","Food and Beverage products","Waste transfers (2024)"
"LacPatrick Dairies (NI) Ltd","Milk - treatment and processing","Waste transfers (2024)"
"Lady Wath Farm/ Monksthorpe Farm","Intensive livestock production","Pollutant releases (2024)
Waste transfers (2024)"
"Lag Farm Dairy EPR/NP3532SU","Milk - treatment and processing","Pollutant releases (2024)
Waste transfers (2024)"
"Lagoon 5 (aka Saham Lagoon): Saham Toney: Thetford","Disposal of non-hazardous waste","Waste transfers (2020)"
"Lagoons 1-4","Disposal of non-hazardous waste","Waste transfers (2020)"
"Laisterdyke Transfer Station","Disposal of non-hazardous waste","Waste transfers (2024)"
"Lake Farm EPR/ZP3838WE","Poultry or pigs - intensive rearing (40,000 places for poultry)",""
"Lakenheath Recycling Facility","Disposal of non-hazardous waste","Waste transfers (2024)"
"Lakeside Clinical Waste Incinerator EPR/BT2866IG","Hazardous Waste","Waste transfers (2024)"
"Lakeside EfW Facility EPR/BT7116IW","Incineration of non-hazardous waste","Pollutant releases (2024)
Waste transfers (2024)"
"Lancashire Waste Recycling Ltd","Disposal of non-hazardous waste","Waste transfers (2024)"
"Lancaster (North) Paper Mill EPR/UP3237ES","Paper, board and other primary wood products","Waste transfers (2024)"
"Lancaster (South) Paper Mill EPR/LP3232ZM","Paper, board and other primary wood products","Waste transfers (2024)"
"Lancaster Feed Mill - EPR/UP3630LL","Food and Beverage products","Waste transfers (2024)"
"Lancaster Household Waste Recycling Centre","Disposal of non-hazardous waste","Waste transfers (2024)"
"Lancing Combustion Plant EPR/XP3030XX","Incineration of non-hazardous waste","Pollutant releases (2024)"
"Land / Premises","Disposal of non-hazardous waste","Waste transfers (2024)"
"Land / Premises At Riverside Drive Rickmansworth Hertfordshire WD3 1FS","Disposal of non-hazardous waste","Waste transfers (2024)"
"Land Adj To Millhouse Garage","Disposal of non-hazardous waste",""
"Land Adj To The A51","Disposal of non-hazardous waste","Waste transfers (2016)"
"Land Adj To The Cottage","Disposal of non-hazardous waste","Waste transfers (2018)"
"Land Adjoining Otter Street And Baker Street","Disposal of non-hazardous waste","Waste transfers (2024)"
"Land At 1 Coronel Avenue","Disposal of non-hazardous waste","Waste transfers (2024)"
"Land At Birchwood Lane","Hazardous Waste","Waste transfers (2024)"
"Land At Brighton Solid Waste Transfer And Recycling Centre","Disposal of non-hazardous waste","Waste transfers (2020)"
"Land At Four Winds","Disposal of non-hazardous waste","Waste transfers (2024)"
"Land At Lydstep","Disposal of non-hazardous waste","Waste transfers (2024)"
"Land At Neasden Goods Yard","Disposal of non-hazardous waste","Waste transfers (2024)"
"Land At Shawell Quarry","Disposal of non-hazardous waste",""
"Land At Shurdington Road","Disposal of non-hazardous waste","Waste transfers (2024)"
"Land Off Sandy Lane","Disposal of non-hazardous waste","Waste transfers (2024)"
"Land Off Sparrowhawk Road","Disposal of non-hazardous waste","Waste transfers (2016)"
"Land To Rear Of","Disposal of non-hazardous waste","Waste transfers (2018)"
"Land adjacent to Whitsome Village Hall, Duns","Disposal of non-hazardous waste","Waste transfers (2024)"
"Land at Blenheim Road EPR/RP3792FX","Disposal of non-hazardous waste","Waste transfers (2019)"
"Land at Brunner-Mond Works","Basic Inorganic Chemicals","Waste transfers (2022)"
"Land/ Premises At Bridge Street","Disposal of non-hazardous waste","Waste transfers (2016)"
"Land/ Premises At Honeywood Road Whitfield Dover Kent CT16 3EH","Disposal of non-hazardous waste","Waste transfers (2024)"
"Land/ Premises At Southwall Road Deal Kent CT14 9XH","Disposal of non-hazardous waste","Waste transfers (2024)"
"Land/premises At Brunswick Industrial Estate Wideopen Newcastle Upon Tyne Tyne & Wear NE13 7BA","Disposal of non-hazardous waste","Waste transfers (2024)"
"Land/premises At Stoney Stanton Road Coventry West Midlands CV6 5DL","Disposal of non-hazardous waste","Waste transfers (2024)"
"Landau Way Transfer Station","Disposal of non-hazardous waste",""
"Landor Street IRRC EPR/FP3335RJ","Disposal of non-hazardous waste",""
"Landshire Poultry Unit EPR/FP3939UY","Intensive livestock production","Pollutant releases (2024)"
"Langage Farm","Disposal of non-hazardous waste","Waste transfers (2024)"
"Langage Power Station","Thermal power plants and combustion installations (50MW or greater)","Pollutant releases (2024)"
"Langham Poultry Unit - EPR/AP3632YP","Intensive livestock production","Pollutant releases (2024)"
"Langley Burrell Farm - EPR/KP3837MC","Intensive livestock production",""
"Langley Household Waste Recycling Centre","Disposal of non-hazardous waste","Waste transfers (2024)"
"Langley Point STW","Urban waste-water treatment","Pollutant releases (2024)
Waste transfers (2024)"
"Langriville Poultry Unit EPR/CP3636MJ","Intensive livestock production","Waste transfers (2024)"
"Langstone Poultry Farm","Poultry or pigs - intensive rearing (40,000 places for poultry)",""
"Langton Road Farm - EPR/BT4176ID","Intensive livestock production","Pollutant releases (2024)"
"Langwathby Meat Processing Site EPR/BV3529IK","Slaughterhouses","Waste transfers (2024)"
"Lanxess Solutions UK - EPR/BM0273IJ","Basic Organic Chemicals","Pollutant transfers (2024)
Waste transfers (2024)"
"Larkfield Clinical Waste Facility - EPR/FP3930XX","Hazardous Waste","Waste transfers (2024)"
"Larkshall Mill M R F","Disposal of non-hazardous waste","Waste transfers (2022)"
"Larling Farm Poultry Unit - EPR/WP3106BA","Intensive livestock production","Pollutant releases (2024)"
"Latchford Locks Works EPR/BL6802IU","Non-ferrous metals","Waste transfers (2024)"
"Latex, Lithene and Dispersions plant, Stallingborough EPR/XP3438LA","Basic Organic Chemicals","Waste transfers (2024)"
"Latham Recycling Centre Ltd","Disposal of non-hazardous waste","Waste transfers (2024)"
"Launceston H W R C And R T S","Disposal of non-hazardous waste","Waste transfers (2024)"
"Laurens Patisseries - EPR/KP3332GH","Food and Beverage products","Pollutant transfers (2024)
Waste transfers (2024)"
"Lawrence Works","Disposal of non-hazardous waste","Waste transfers (2024)"
"Lea Hall Farm Anaerobic Digester","Disposal of non-hazardous waste","Waste transfers (2024)"
"Leadenham Landfill & Household Waste Site - EPR/XP3798NK","Landfills","Pollutant releases (2024)
Waste transfers (2024)"
"Leading Solvent Supplies","Hazardous Waste","Waste transfers (2024)"
"Lean M R F","Disposal of non-hazardous waste","Waste transfers (2020)"
"Lean Quarry Landfill Site - EPR/BV2204IZ","Landfills","Pollutant releases (2024)
Waste transfers (2024)"
"Leatherhead Community Recycling Centre","Disposal of non-hazardous waste","Waste transfers (2024)"
"Leaze Poultry Farm - EPR/JP3036DK","Intensive livestock production",""
"Lebronze Alloys UK Ltd","Non-ferrous metals",""
"Ledbury Cider Mill EPR/LP3031VA","Disposal of non-hazardous waste","Waste transfers (2024)"
"Leeds Galvanising & Powder Coating Ltd","Smelting of non-ferrous metals","Pollutant releases (2024)
Pollutant transfers (2024)"
"Leeds Generating Station Complex - EPR/GP3438DW","Thermal power plants and combustion installations (50MW or greater)","Waste transfers (2024)"
"Leekbrook Chemical Works EPR/BT8163IW","Basic Organic Chemicals","Pollutant transfers (2024)
Waste transfers (2024)"
"Leeming Bar Ice Cream Factory EPR/BP4062IB/V011","Food and Beverage products","Pollutant transfers (2024)
Waste transfers (2024)"
"Legbourne Grange Farm","Intensive livestock production","Pollutant releases (2021)"
"Legrand Electric Limited","Ferrous metals processing - protective fused metal coats","Waste transfers (2024)"
"Leicester Tissue Mill","Paper, board and other primary wood products","Waste transfers (2024)"
"Leicester Transfer And Treatment","Disposal of non-hazardous waste","Waste transfers (2019)"
"Leicestershire C C - Barwell Household Waste Site","Disposal of non-hazardous waste","Waste transfers (2024)"
"Leigh Marsh Civic Amenity Site","Disposal of non-hazardous waste","Waste transfers (2024)"
"Leigh Skips Transfer Station","Disposal of non-hazardous waste","Waste transfers (2024)"
"Leighton Buzzard H W R C","Disposal of non-hazardous waste","Waste transfers (2024)"
"Leinish Bay MFF","Aquaculture","Pollutant releases (2020)"
"Leman 49-27a","Thermal power plants and combustion installations (50MW or greater)","Pollutant releases (2021)
Waste transfers (2021)"
"Leman Alpha","Thermal power plants and combustion installations (50MW or greater)","Pollutant releases (2024)
Waste transfers (2024)"
"Lemonroyd Sludge Treatment Facility - EPR/KP3036LW","Disposal of non-hazardous waste",""
"Lenwade Recycling Facility","Disposal of non-hazardous waste","Waste transfers (2024)"
"Leominster Household Waste Site & Transfer Station","Disposal of non-hazardous waste","Waste transfers (2024)"
"Leonardo MW Limited - EPR/DP3139YG","Surface treatment of metals and plastic materials","Waste transfers (2024)"
"Leonardo Southampton Site EPR/ZP3637VK","Basic Inorganic Chemicals","Waste transfers (2024)"
"Leprino Foods Limited, Llangefni","Milk - treatment and processing","Pollutant transfers (2024)
Waste transfers (2024)"
"Lerwick Energy Recovery Plant, Shetland","Incineration of non-hazardous waste","Waste transfers (2024)"
"Lerwick Power Station, Shetland","Thermal power plants and combustion installations (50MW or greater)","Pollutant releases (2024)
Waste transfers (2024)"
"Letchworth C A Site Blackhorse Road Letchworth Hertfordshire SG6 1HB","Disposal of non-hazardous waste","Waste transfers (2024)"
"Levenmouth STW,Elm Park,Methilhaven Rd,Methil","Urban waste-water treatment","Pollutant releases (2024)
Waste transfers (2024)"
"Levenseat Waste Management Site, Lanarkshire","Landfills","Waste transfers (2024)"
"Lewisham Recycling & Waste Reception Centre: Landmann Way","Disposal of non-hazardous waste","Waste transfers (2024)"
"Leycroft Road Transfer Transfer","Disposal of non-hazardous waste","Waste transfers (2024)"
"Leyden Road HW TS EPR/SP3130RY","Hazardous Waste",""
"Leyland Food Factory - EPR/FP3538GY","Food and Beverage products","Pollutant transfers (2024)
Waste transfers (2024)"
"Leyland Waste Treatment Facility - EPR/EP3397EA","Disposal of non-hazardous waste","Waste transfers (2024)"
"Leys Poultry Farm - EPR/QP3231MA","Intensive livestock production","Pollutant releases (2024)
Waste transfers (2024)"
"Liberty Aluminium Technologies Ltd","Smelting of non-ferrous metals",""
"Liberty Lochaber Aluminium, Lochaber Smelter","Production of non-ferrous crude metal ore","Pollutant releases (2024)
Waste transfers (2024)"
"Lichfield H W R C Trent Valley Road Lichfield Staffordshire WS13 6EU","Disposal of non-hazardous waste","Waste transfers (2021)"
"Lidget Lane Household Waste Recycling Centre","Disposal of non-hazardous waste","Waste transfers (2024)"
"Lidget Lane Ind Est","Disposal of non-hazardous waste","Waste transfers (2018)"
"Lidsey Landfill Site EPR/CP3735SM","Landfills",""
"Life Technologies, Inchinnan","Simple hydrocarbons","Pollutant releases (2024)
Waste transfers (2024)"
"Lifford Lane Waste Transfer Station And H R C","Disposal of non-hazardous waste","Waste transfers (2024)"
"Lillyhall Stage 3 Landfill Site EPR/GP3037SJ","Landfills","Pollutant releases (2024)"
"Lillyhall Waste Management Centre - EPR/HP3031LM","Hazardous Waste","Waste transfers (2024)"
"Lime Kiln Hill Transfer Station","Disposal of non-hazardous waste",""
"Lime Kiln Poultry Farm EPR/VP3830UW","Intensive livestock production","Waste transfers (2020)"
"Lincoln Central Depot","Disposal of non-hazardous waste","Waste transfers (2024)"
"Lincoln Road Transfer Station","Disposal of non-hazardous waste","Waste transfers (2024)"
"Lincoln Waste Management","Disposal of non-hazardous waste","Waste transfers (2024)"
"Lincolnshire EfW Facility - EPR/FP3739FS","Incineration of non-hazardous waste","Pollutant releases (2024)
Waste transfers (2024)"
"Lincolnshire Processed Scrap Metal","Disposal of non-hazardous waste","Waste transfers (2024)"
"Lindum Waste Recycling","Disposal of non-hazardous waste","Waste transfers (2024)"
"Linergy Ltd - Ulster Farm By-Products","Animal carcasses and waste","Waste transfers (2024)"
"Ling Hall Landfill EPR/BU2381IE","Landfills","Pollutant releases (2024)
Pollutant transfers (2024)
Waste transfers (2024)"
"Lingfield Way Recycling and Treatment Centre EPR/NP3330CU","Hazardous Waste","Waste transfers (2024)"
"Lingham Lane Pig Unit EPR/LP3637MT","Intensive livestock production","Pollutant releases (2024)"
"Linthwaite Chemical Industry","Basic Organic Chemicals","Waste transfers (2018)"
"Lintz Hall Layer Unit - EPR/CP3337MA","Intensive livestock production","Pollutant releases (2024)"
"Linwood Moss Landfill Site","Landfills",""
"Lithographic Substrate Plant","Surface treatment of metals and plastic materials","Pollutant transfers (2020)
Waste transfers (2020)"
"Little Barford Power Station EPR/AP3630LG","Thermal power plants and combustion installations (50MW or greater)","Pollutant releases (2024)
Waste transfers (2024)"
"Little Bushy Warren Composting Facility EPR/JP3795HX","Disposal of non-hazardous waste","Waste transfers (2024)"
"Little Oxenbold Farm","Intensive livestock production","Pollutant releases (2018)"
"Little Wratting Pork Processing EPR/AP3333HL","Slaughterhouses","Waste transfers (2024)"
"Littlehampton Household Waste Recycling Site","Disposal of non-hazardous waste","Waste transfers (2020)"
"Liverpool Wastewater Treatment Works Sludge Treatment Installation","Disposal of non-hazardous waste","Waste transfers (2024)"
"Livingston Alloys","Disposal of non-hazardous waste","Waste transfers (2020)"
"Llanelli Tin Recovery Works","Production of non-ferrous crude metal ore",""
"Llanfechain Farm Poultry Unit EPR/VP3031MR","Poultry or pigs - intensive rearing (40,000 places for poultry)",""
"Llansantffraid Mill","Food and beverage products from vegetable raw materials","Waste transfers (2024)"
"Llanwern Hydrogen Plant EPR/BL2459IC","Gasification and Liquefaction","Waste transfers (2024)"
"Llynclys Quarry","Opencast mining and quarrying","Waste transfers (2020)"
"Loanhead Poultry Farm,Saline,Perth & Kinross","Poultry or pigs - intensive rearing (40,000 places for poultry)","Waste transfers (2024)"
"Lobnitz Dock","Disposal of non-hazardous waste","Waste transfers (2019)"
"Locher Works, Kilbarchan Rd, Bridge of Weir","Tanning of hides and skins","Pollutant transfers (2024)
Waste transfers (2024)"
"Lockhurst Lane Alginate Works EPR/PP3838LA","Basic Organic Chemicals","Waste transfers (2021)"
"Lodge Farm Poultry Unit EA/EPR/WP3538TL/A001","Intensive livestock production","Waste transfers (2024)"
"Lodgewood Farm EPR/BB3907UX","Disposal of non-hazardous waste",""
"London & Kent Metals","Disposal of non-hazardous waste","Waste transfers (2024)"
"London Road Heat Station","Thermal power plants and combustion installations (50MW or greater)","Waste transfers (2024)"
"Long Lane Transfer Station And H W R C","Disposal of non-hazardous waste","Waste transfers (2024)"
"Long Marston Metal Recycling Centre","Hazardous Waste","Waste transfers (2024)"
"Long Products Scunthorpe","Surface treatment with organic solvents",""
"Longbelt Farm - EPR/YP3432MK","Intensive livestock production","Pollutant releases (2024)"
"Longfield Farm","Hazardous Waste","Waste transfers (2024)"
"Longfield Grange Farm and New Moor Farm Pig Units - EPR/LP3439UW","Intensive livestock production","Pollutant releases (2024)"
"Longhill Landform EPR/BW2145IR","Landfills","Pollutant releases (2018)"
"Longleys Meat Plant, Bridge of allan","Slaughterhouses","Pollutant transfers (2024)"
"Lords St Helens Landfill Site - EPR/BV1372IW","Landfills","Pollutant releases (2024)"
"Lostock Sodium Carbonate Manufacturing Site - EPR/BS5576IL","Basic Inorganic Chemicals","Pollutant releases (2024)
Waste transfers (2024)"
"Lostock Sodium Carbonate Manufacturing Site EPR/SP3430BF","Basic Inorganic Chemicals","Pollutant releases (2024)
Waste transfers (2024)"
"Lotus Lightweight Structures Anodising","Surface treatment of metals and plastic materials",""
"Loughborough Chemicals Manufacture - EPR/BT1223IK","Basic Organic Chemicals","Waste transfers (2024)"
"Loughborough R H W S","Disposal of non-hazardous waste","Waste transfers (2024)"
"Lount Composting Facility EPR/XP3032WT","Disposal of non-hazardous waste","Waste transfers (2024)"
"Lount Recycling And Household Waste Site","Disposal of non-hazardous waste",""
"Louth Non-hazardous & Hazardous Household Waste Amenity Site","Disposal of non-hazardous waste","Waste transfers (2024)"
"Louth Waste Transfer Station","Disposal of non-hazardous waste","Waste transfers (2024)"
"Low Foulshaw Poultry Farm - EPR/CP3830UJ","Intensive livestock production","Pollutant releases (2024)"
"Low March Speciality Chemicals - EPR/BS9687IC","Basic Organic Chemicals","Waste transfers (2024)"
"Low Road Farm - EPR/ZP3530UE","Intensive livestock production","Waste transfers (2024)"
"Lower Bank View Waste Management Facility - EPR/KP3734DR","Hazardous Waste","Waste transfers (2024)"
"Lower Bellamore","Intensive livestock production",""
"Lower Compton Landfill EPR/BU5801ID","Landfills","Pollutant releases (2024)"
"Lower Compton Waste Recovery Facility","Disposal of non-hazardous waste","Waste transfers (2024)"
"Lower Farm and Chicory Farm","Intensive livestock production","Pollutant releases (2022)"
"Lower Heath Farm Poultry Unit EPR/UP3632NT/V002","Intensive livestock production","Pollutant releases (2024)"
"Lower Hill Farm Pig Unit - EPR/BP3933RS","Intensive livestock production","Pollutant releases (2024)"
"Lower House Farm H W R C","Disposal of non-hazardous waste","Waste transfers (2024)"
"Lowestoft","Disposal of non-hazardous waste","Waste transfers (2024)"
"Lowmac Alloys, Unit 22, Oldhall West, Irvine","Disposal of non-hazardous waste","Waste transfers (2024)"
"Ludlow Skip Hire Ltd","Disposal of non-hazardous waste","Waste transfers (2024)"
"Lunar Freezing , East Quay, The Harbour","Food and beverage products from animal raw materials (other than milk)","Waste transfers (2024)"
"Lunn Lane","Disposal of non-hazardous waste","Waste transfers (2016)"
"Luton Transfer Station","Disposal of non-hazardous waste","Waste transfers (2024)"
"Luttongate Farm Poultry Unit - EPR/RP3532YE","Intensive livestock production","Waste transfers (2024)"
"Lydford Road","Disposal of non-hazardous waste","Waste transfers (2024)"
"Lydney Paper Mill EPR/BP3236LC","Paper, board and other primary wood products","Waste transfers (2024)"
"Lydney Skip Hire","Disposal of non-hazardous waste","Waste transfers (2021)"
"Lydney Waste Transfer Station","Disposal of non-hazardous waste","Waste transfers (2024)"
"Lyme and Wood Pits Integrated Waste Management Facility - EPR/BX7886IJ","Landfills","Pollutant releases (2024)"
"Lymington Transfer Station","Disposal of non-hazardous waste","Waste transfers (2024)"
"Lynchford Lane Materials Recycling Facility","Disposal of non-hazardous waste","Waste transfers (2024)"
"Lyne Moor Poultry Farm EPR/YP3933UM","Intensive livestock production","Pollutant releases (2024)"
"Lynemouth Power Station EPR/FP3137CG","Thermal power plants and combustion installations (50MW or greater)","Pollutant releases (2024)
Waste transfers (2024)"
"Lyng Poultry Unit EPR/RP3232YT","Intensive livestock production","Pollutant releases (2024)"
"Lynnbottom Composting Facility EPR/AP3992HR","Disposal of non-hazardous waste","Waste transfers (2024)"
"Lytham Household Waste Recycling Centre","Disposal of non-hazardous waste","Waste transfers (2024)"
"M & J Burns Ltd","Disposal of non-hazardous waste","Waste transfers (2021)"
"M & M Services","Disposal of non-hazardous waste","Waste transfers (2024)"
"M & M Timber","Preservation of wood",""
"M & M Waste Recycling Transfer Station","Disposal of non-hazardous waste","Waste transfers (2024)"
"M A C Skip Hire Limited","Disposal of non-hazardous waste","Waste transfers (2024)"
"M E S - Stoke On Trent Household Waste & Recycling Centre","Disposal of non-hazardous waste","Waste transfers (2019)"
"M R W Ltd","Disposal of non-hazardous waste","Waste transfers (2024)"
"M W White Limited","Disposal of non-hazardous waste","Waste transfers (2024)"
"MAHLE Engine Systems Ltd","Production of non-ferrous crude metal ore","Waste transfers (2024)"
"MAHLE Filter Systems UK Ltd","Smelting of non-ferrous metals",""
"MPS Portsmouth","Surface treatment with organic solvents",""
"MTB (MIdlands) - Cradley Heath - EPR/EP3136MN","Hazardous Waste","Waste transfers (2024)"
"MVV Baldovie Incinerator, Dundee","Incineration of non-hazardous waste","Pollutant releases (2024)
Waste transfers (2024)"
"MacDermid Autotype Ltd.","Surface treatment with organic solvents","Waste transfers (2024)"
"MacFarlan Smith Ltd, Wheatfield Rd, Edinburgh","Basic pharmaceutical products","Waste transfers (2024)"
"Macclesfield WwTW EPR/SP3435ZY","Disposal of non-hazardous waste","Waste transfers (2024)"
"Macleans Nose MCFF, Loch Sunart","Aquaculture","Pollutant releases (2024)"
"Maesmawr Hall Poultry Unit EPR/BP3739UZ","Poultry or pigs - intensive rearing (40,000 places for poultry)",""
"Magheraglass Landfill Site","Landfills","Pollutant releases (2024)"
"Magilla Household Waste Recycling Centre","Disposal of non-hazardous waste","Waste transfers (2024)"
"Magna Park - EPR/XP3637ZH","Food and Beverage products","Pollutant transfers (2024)"
"Magnaghi UK","Ferrous metal foundry","Waste transfers (2024)"
"Magnesium Elektron Ltd EPR/LP3536GQ","Non-ferrous metals","Pollutant releases (2024)
Waste transfers (2024)"
"Magnox Ltd, Trawsfynydd Decommissioning Site","Thermal power plants and combustion installations (50MW or greater)","Waste transfers (2021)"
"Magor Brewery EPR/BX7282IS","Food and Beverage products","Waste transfers (2024)"
"Maids Moreton Compost Site","Disposal of non-hazardous waste","Waste transfers (2019)"
"Maidstone Diagnostics Intermediates Manufacturing","Basic Organic Chemicals","Waste transfers (2024)"
"Mains Motors Ltd","Disposal of non-hazardous waste","Waste transfers (2024)"
"Majestic Polymers Limited EPR/WP3930LF","Basic Organic Chemicals","Waste transfers (2024)"
"Major Build Solutions Challow 0664","Preservation of wood",""
"Maltby Farm EPR/QP3533UC","Intensive livestock production","Waste transfers (2024)"
"Malton Bacon Factory EPR/BO7236IF","Slaughterhouses","Pollutant releases (2024)
Waste transfers (2024)"
"Malton H W R C","Disposal of non-hazardous waste","Waste transfers (2024)"
"Manchester Cereals & Biscuits EPR/BS3140IS","Food and Beverage products","Pollutant releases (2024)
Waste transfers (2024)"
"Mangotsfield Transfer Station And H W R C","Disposal of non-hazardous waste","Waste transfers (2024)"
"Manning's Heath Transfer Station","Disposal of non-hazardous waste","Waste transfers (2024)"
"Manns Waste Management Ltd","Disposal of non-hazardous waste",""
"Manor Farm - Milton EPR/QP3431JR","Intensive livestock production","Pollutant releases (2024)"
"Manor Farm EPR/LP3539UR","Intensive livestock production","Pollutant releases (2024)"
"Manor Farm Landfill Site: Treatment And Transfer Facility","Disposal of non-hazardous waste","Waste transfers (2024)"
"Manor Farm Poultry Unit - EPR/ZP3532LH","Intensive livestock production",""
"Manor Farm: Felton Butler: poultry unit","Intensive livestock production","Pollutant releases (2021)"
"Manor Road EPR/WP3232WC","Disposal of non-hazardous waste",""
"Manor Skips Limited","Disposal of non-hazardous waste","Waste transfers (2019)"
"Mansfield D C Transfer Station","Disposal of non-hazardous waste","Waste transfers (2024)"
"Manton Lane Installation EPR/BW1602IA","Disposal of non-hazardous waste","Waste transfers (2024)"
"Manton Wood Limited - EPR/ZP3336QR","Food and Beverage products","Waste transfers (2024)"
"Manton Wood Sandwiches EPR/BP3133WE","Food and Beverage products","Waste transfers (2024)"
"Maol Ban East MCFF, Caol Mor, Isle of Skye","Aquaculture","Pollutant releases (2024)"
"Mapleton Farm EA/EPR/KP3735KM/A001","Intensive livestock production","Waste transfers (2018)"
"March Household Recycling Centre","Disposal of non-hazardous waste","Waste transfers (2024)"
"March Landfill Site EPR/BV4592IS","Landfills","Pollutant releases (2024)"
"March Street Site - EPR/GP3536VT","Basic Inorganic Chemicals","Waste transfers (2024)"
"Marchwood H W R C","Disposal of non-hazardous waste","Waste transfers (2024)"
"Marchwood Power Station EPR/BL6217IM","Thermal power plants and combustion installations (50MW or greater)","Pollutant releases (2024)
Waste transfers (2024)"
"Marchwood Transfer Station","Disposal of non-hazardous waste","Waste transfers (2024)"
"Marchwood Treatment Works - EPR/NP3833UE","Hazardous Waste","Waste transfers (2024)"
"Maresfield Camp Waste Transfer Station","Disposal of non-hazardous waste",""
"Marfield Quarry","Opencast mining and quarrying","Waste transfers (2022)"
"Margam Green Energy Plant_DP3137EG","Incineration of non-hazardous waste","Pollutant releases (2024)
Waste transfers (2024)"
"Marley LTD","Ceramic products manufacture","Pollutant releases (2024)
Waste transfers (2024)"
"Marple Skip Service","Disposal of non-hazardous waste","Waste transfers (2024)"
"Marr Grange Farm Pig Unit - EPR/CP3839UV","Intensive livestock production","Pollutant releases (2024)"
"Mars Petcare UK EA/EPR/CP3939GM/T001","Food and Beverage products","Pollutant transfers (2024)
Waste transfers (2024)"
"Marsham Composting Facility EPR/QP3834RW","Disposal of non-hazardous waste","Waste transfers (2018)"
"Marstons Brewery Burton - EPR/QP3435SC","Food and Beverage products","Pollutant transfers (2024)
Waste transfers (2024)"
"Martells Quarry","Hazardous Waste","Waste transfers (2024)"
"Martins Farm","Intensive livestock production","Pollutant releases (2022)"
"Martyrs Lane Civic Amenity Site","Disposal of non-hazardous waste","Waste transfers (2024)"
"Marulaig Bay MCFF, Loch Boisdale, South Uist","Aquaculture","Pollutant releases (2024)"
"Maryland Farm EPR/BP3232SF","Milk - treatment and processing","Waste transfers (2024)"
"Masons Landfill - EPR/BV4517IM","Landfills","Pollutant releases (2024)
Pollutant transfers (2024)
Waste transfers (2024)"
"Masons Landfill Site","Disposal of non-hazardous waste","Waste transfers (2021)"
"Masons Material Reclamation Facility","Disposal of non-hazardous waste","Waste transfers (2024)"
"Material Recovery Facility","Disposal of non-hazardous waste","Waste transfers (2024)"
"Material Recycling Facility","Disposal of non-hazardous waste","Waste transfers (2024)"
"Materials Recycling Facility","Disposal of non-hazardous waste","Waste transfers (2024)"
"Materials Recycling Facility","Disposal of non-hazardous waste","Waste transfers (2024)"
"Matrix-Direct-Recycle EPR/QP3034KA","Hazardous Waste","Waste transfers (2024)"
"Maund Court Poultry Site","Intensive livestock production","Pollutant releases (2020)"
"Maw Green Landfill -EPR/BS7722ID","Landfills","Pollutant releases (2024)
Waste transfers (2024)"
"Maxi Skips Ltd","Disposal of non-hazardous waste","Waste transfers (2024)"
"Maxibrite Ltd, Mwyndy Llantrisant Installation","Manufacture of coal products and solid fuel",""
"Mayer Parry - Snailwell","Disposal of non-hazardous waste","Waste transfers (2021)"
"Mayer Parry: Bidder Street","Disposal of non-hazardous waste","Waste transfers (2021)"
"Mayer Parry: Brentford","Hazardous Waste","Waste transfers (2021)"
"Mayton Wood Civic Amenity Site","Disposal of non-hazardous waste",""
"Mc Carthy Marland Bristol Ltd","Disposal of non-hazardous waste","Waste transfers (2016)"
"Mc Grath Bros ( Waste Control ) Ltd","Disposal of non-hazardous waste","Waste transfers (2019)"
"Mc Grath Bros ( Waste Control) Ltd","Disposal of non-hazardous waste","Waste transfers (2024)"
"McArthur Group Ltd. Galvanizing.","Ferrous metals processing - protective fused metal coats",""
"McCain Scarborough Manufacturing Site","Food and Beverage products","Pollutant releases (2024)
Pollutant transfers (2024)
Waste transfers (2024)"
"McIntyre Group Ltd - EPR/PP3536KG","Basic Organic Chemicals","Waste transfers (2024)"
"McVitie's, Levenshulme EPR/TP3438PA","Milk - treatment and processing",""
"Meadow Farm Pig Unit EPR/PP3137YE","Intensive livestock production","Pollutant releases (2024)"
"Meadow and Scothern Poultry Units - EPR/FP3634MY","Intensive livestock production",""
"Meadowbank Poultry Farm","Poultry or pigs - intensive rearing (40,000 places for poultry)",""
"Meadowhead Sewage Treatment Works, Irvine","Urban waste-water treatment","Pollutant releases (2024)
Waste transfers (2024)"
"Meads Poultry Unit - EPR/HP3734MB","Intensive livestock production",""
"Meall Mhor MCFF, Loch Fyne","Aquaculture","Pollutant releases (2024)"
"Mearns Quay Storage Facilty, Aberdeen","Hazardous Waste","Waste transfers (2024)"
"Measham Brickworks","Ceramic products manufacture","Waste transfers (2024)"
"Meat Processing Plant, Hyde - EPR/BO5357IE","Food and Beverage products","Waste transfers (2024)"
"Medical Manufacturing Plant Hull EPR/CP3338LR","Basic Organic Chemicals","Waste transfers (2024)"
"Medway M R F & W T S","Disposal of non-hazardous waste","Waste transfers (2024)"
"Medway Power Station EPR/HP3939LN","Thermal power plants and combustion installations (50MW or greater)","Pollutant releases (2024)
Waste transfers (2024)"
"Meece 1 Landfill EPR/BV4967IW","Landfills","Pollutant releases (2024)
Waste transfers (2024)"
"Mekatek Ltd, Amex Park_YP3937SH","Disposal of non-hazardous waste","Pollutant releases (2024)
Waste transfers (2024)"
"Melksham H R C","Disposal of non-hazardous waste","Waste transfers (2024)"
"Melrose Farm EPR/WP3939NG","Intensive livestock production","Pollutant releases (2024)"
"Meltham H W R C","Disposal of non-hazardous waste","Waste transfers (2024)"
"Melton Ross Lime Works EPR/BL8805IZ","Cement Clinker/Lime","Pollutant releases (2024)
Waste transfers (2024)"
"Membury Solvent Recovery Plant EPR/TP3637KE","Hazardous Waste","Waste transfers (2024)"
"Menzies Poultry Unit - EPR/UP3435TW","Intensive livestock production","Pollutant releases (2024)"
"Mepal Soil and Waste Treatment Centre EPR/EP3492SP","Hazardous Waste","Waste transfers (2024)"
"Mercian Recycling Ltd","Disposal of non-hazardous waste","Waste transfers (2024)"
"Mere Pigs Pig Unit EPR/TP3633UW","Intensive livestock production","Pollutant releases (2024)"
"Mersen Scotland 11 Woodside, Eurocentral","Gasification and Liquefaction","Pollutant transfers (2024)
Waste transfers (2024)"
"Mersey Valley PC EPR/BS5541IN","Incineration of non-hazardous waste","Pollutant transfers (2018)
Waste transfers (2018)"
"Merseyside Works","Hazardous Waste","Waste transfers (2021)"
"Messrs JM, Womblehill, Kintore, Inverurie","Poultry or pigs - intensive rearing (2,000 places for pigs)","Pollutant releases (2024)"
"Metabrasive Ltd (NE)","Pig iron or steel",""
"Metal & Waste Recycling Ltd - Park Road","Disposal of non-hazardous waste","Waste transfers (2020)"
"Metal And Waste Recycling Ltd","Disposal of non-hazardous waste","Waste transfers (2016)"
"Metal Finishing Dept EPR/BW1688IN","Surface treatment of metals and plastic materials","Waste transfers (2024)"
"Metal Merchants & Skip Hire","Disposal of non-hazardous waste",""
"Metal Processing Ltd","Disposal of non-hazardous waste","Waste transfers (2021)"
"Metallurgical Coatings - EPR/KP3630TB","Surface treatment of metals and plastic materials","Waste transfers (2024)"
"Metallurgical Coatings - Poole EPR/RP3830BA","Surface treatment of metals and plastic materials","Waste transfers (2024)"
"Metals Division","Disposal of non-hazardous waste","Waste transfers (2024)"
"Metalysis Ltd","Non-ferrous metals","Waste transfers (2021)"
"Metcalfe Plant Hire Ltd","Disposal of non-hazardous waste","Waste transfers (2024)"
"Methil Recycling Centre, Steelworks Brae, Met","Disposal of non-hazardous waste","Waste transfers (2024)"
"Methrose Metal Recycling Site","Hazardous Waste","Waste transfers (2024)"
"Methwold Farm Pig Unit - EPR/XP3632QE","Intensive livestock production","Pollutant releases (2024)"
"Metro Metals ( Burnley ) Ltd","Disposal of non-hazardous waste",""
"Mettalis Recycling Plant EPR/BB3307LT","Disposal of non-hazardous waste","Waste transfers (2024)"
"Mettis - Windsor Road - EPR/BV9446IK","Surface treatment of metals and plastic materials","Waste transfers (2024)"
"Michelmersh Brick Holdings PLC Blockleys Site","Ceramic products manufacture",""
"Michelmersh Brick UK Limited Carlton site","Ceramic products manufacture",""
"Mick Denton Metal Recycling & Skip Hire Ltd","Disposal of non-hazardous waste","Waste transfers (2024)"
"Mickleholme Farm Poultry Unit - EPR/DP3633UB","Intensive livestock production","Waste transfers (2024)"
"Mid Surrey Farm","Disposal of non-hazardous waste","Waste transfers (2024)"
"Middle Caves Farm EPR/LP3931ML","Intensive livestock production","Pollutant releases (2024)"
"Middle Farm & Saw Pit Farm - EPR/FP3432QW","Intensive livestock production","Pollutant releases (2024)"
"Middle Flat Farm - EPR/NP3633NM","Intensive livestock production",""
"Middlemarsh Landfill EPR/BV4410IC","Landfills","Waste transfers (2024)"
"Middlesbrough Container Sorting Line","Disposal of non-hazardous waste",""
"Middleton Household Waste Recycling Centre","Disposal of non-hazardous waste","Waste transfers (2024)"
"Middleton Quarry Depot TS,Lochlibo Rd,Lugton","Disposal of non-hazardous waste","Waste transfers (2024)"
"Middleton Waste Transfer Station","Disposal of non-hazardous waste","Waste transfers (2024)"
"Midgeham Cliff End Quary","Disposal of non-hazardous waste","Waste transfers (2024)"
"Midland Lead Manufacturers - EPR/UP3138ZQ","Non-ferrous metals","Waste transfers (2024)"
"Midland Oil Refinery EPR/GP3135SD","Hazardous Waste","Waste transfers (2024)"
"Midland Pig Producers Ltd","Intensive livestock production",""
"Midland Skip Hire Ltd","Disposal of non-hazardous waste","Waste transfers (2024)"
"Midland Tyre Control Ltd","Disposal of non-hazardous waste","Waste transfers (2024)"
"Midlands Distribution Centre EPR/QP3934YS","Hazardous Waste","Waste transfers (2024)"
"Midlothian Skip Hire Ltd, Loanhead","Disposal of non-hazardous waste","Waste transfers (2024)"
"Mike Wakefield Tippers Ltd","Disposal of non-hazardous waste","Waste transfers (2024)"
"Mile Cross","Disposal of non-hazardous waste","Waste transfers (2021)"
"Mile Road Plant EPR/JP3236UU","Food and Beverage products",""
"Milegate Extension Landfill Site","Landfills","Pollutant releases (2024)"
"Milford Haven Ceramics EPR/BW0886IZ","Basic inorganic chemical - non-metals, metal oxides or other inorganic compounds","Waste transfers (2024)"
"Milk Processing Facility, Chester","Milk - treatment and processing","Waste transfers (2024)"
"Mill Farm, Caythorpe Heath EPR/XP3733WB","Intensive livestock production","Pollutant releases (2024)"
"Mill Lane Poultry Unit","Intensive livestock production","Waste transfers (2022)"
"Millenium Farm, Cowieslinn, Peebles","Poultry or pigs - intensive rearing (40,000 places for poultry)","Pollutant releases (2024)"
"Millfields Yard","Disposal of non-hazardous waste","Waste transfers (2024)"
"Millhams Community Recycling Centre","Disposal of non-hazardous waste","Waste transfers (2024)"
"Milliken Industrials-Wellington Plant EPR/BS8770IJ","Fibres or textiles - pre-treatment or dyeing","Pollutant transfers (2024)
Waste transfers (2024)"
"Milners Road Site","Disposal of non-hazardous waste","Waste transfers (2024)"
"Milton H W R C","Disposal of non-hazardous waste","Waste transfers (2018)"
"Milton Keynes M R F","Disposal of non-hazardous waste","Waste transfers (2020)"
"Milton Keynes Semiconductor Manufacturer","Basic Organic Chemicals","Pollutant transfers (2020)"
"Milton Landfill EPR/BV4584IU","Landfills","Pollutant releases (2024)"
"Minafon","Poultry or pigs - intensive rearing (40,000 places for poultry)",""
"Mineral Quay","Disposal of non-hazardous waste","Waste transfers (2024)"
"Minerals Resource Management EPR/CP3690LE","Hazardous Waste","Waste transfers (2018)"
"Minffordd Poultry Farm EPR/MP3939UM","Poultry or pigs - intensive rearing (40,000 places for poultry)",""
"Mini - Skips ( Southern) Ltd","Disposal of non-hazardous waste","Waste transfers (2024)"
"Minster Surfacing Ltd","Hazardous Waste","Waste transfers (2024)"
"Minsterley Dairy","Food and Beverage products","Waste transfers (2024)"
"Minworth Final ASP Effluent","Urban waste-water treatment","Pollutant releases (2024)
Waste transfers (2024)"
"Mirfield Pharmaceutical Plant EA/EPR/YP3231XZ/V004","Basic pharmaceutical products","Waste transfers (2024)"
"Mitcham Polyester Resin EPR/YP3530LU","Basic Organic Chemicals","Waste transfers (2024)"
"Mitcham Waste Treatment Centre EPR/JB3737WE","Disposal of non-hazardous waste","Waste transfers (2024)"
"Mitchell Laithes WwTW CHP Plant","Urban waste-water treatment","Pollutant releases (2024)"
"Mitchell Laithes WwTW EPR/NP3131AB","Disposal of non-hazardous waste","Waste transfers (2024)"
"Mitchell Thomson, Robslee Drive, Giffnock","Hazardous Waste","Waste transfers (2024)"
"Mitchell's Enterprise Park","Disposal of non-hazardous waste","Waste transfers (2018)"
"Mobberley Works - EPR/BV3413IW","Basic Inorganic Chemicals","Waste transfers (2024)"
"Model Poultry Farm and Ossington Poultry Farm - EPR/TP3533UE","Intensive livestock production",""
"Modern Skips","Disposal of non-hazardous waste","Waste transfers (2020)"
"Mohawk Wharf Recycling Facility EPR/FP3092LH","Hazardous Waste",""
"Moleigh L/F Site, Ariogan, By Oban, Argyll","Landfills","Waste transfers (2024)"
"Mona Anaerobic Digestion Plant EPR/AP3033HY","Animal carcasses and waste",""
"Monkcastle Pig Farm EPR/UP3533UV","Intensive livestock production","Pollutant releases (2024)"
"Monkton Mains Farm & Leyton Lees Farm","Intensive livestock production","Pollutant releases (2024)"
"Monster Skips Ltd","Disposal of non-hazardous waste","Waste transfers (2024)"
"Moons Hill Quarry","Disposal of non-hazardous waste","Waste transfers (2017)"
"Moorhey Street Depot","Disposal of non-hazardous waste","Waste transfers (2024)"
"Moray Council,Kirkhill L/F,Calcots Rd,Elgin","Landfills","Pollutant releases (2024)"
"Morden Transfer Station","Disposal of non-hazardous waste","Waste transfers (2024)"
"Morecambe Metals","Disposal of non-hazardous waste","Waste transfers (2024)"
"Moreton Valence Waste Processing Centre","Disposal of non-hazardous waste","Waste transfers (2024)"
"Morfa Non-Hazardous Landfill EPR/BV7311IE","Landfills",""
"Morpeth Household Waste Recovery Centre","Disposal of non-hazardous waste","Waste transfers (2024)"
"Morpeth Pharmaceuticals EPR/BT0499IX","Basic pharmaceutical products","Waste transfers (2024)"
"Morton Grange Pigs EPR/XP3334FS","Intensive livestock production","Pollutant releases (2024)"
"Morton Mill EPR/PP3536SE","Food and Beverage products","Waste transfers (2024)"
"Moss Bank Road - EPR/FP3032RH","Basic Inorganic Chemicals","Pollutant transfers (2024)
Waste transfers (2024)"
"Mosspark Waste Transfer Station, Dumfries","Disposal of non-hazardous waste","Waste transfers (2024)"
"Mount Farm EPR/CP3536MD","Intensive livestock production","Waste transfers (2024)"
"Mount Pleasant Farm Pigs & Poultry - EPR/KP3938FT","Intensive livestock production","Pollutant releases (2024)"
"Mountfield Household Waste Site","Disposal of non-hazardous waste","Waste transfers (2024)"
"Mountfield Road New Romney Kent TN28 8JH","Disposal of non-hazardous waste","Waste transfers (2024)"
"Mountsorrel Recycling & Household Waste Site","Disposal of non-hazardous waste","Waste transfers (2024)"
"Mountstar Metals","Disposal of non-hazardous waste","Waste transfers (2019)"
"Moveero Ltd","Surface treatment of metals and plastic materials","Waste transfers (2024)"
"Moy Park Ltd - Ballymena","Slaughterhouses","Pollutant releases (2024)
Waste transfers (2024)"
"Moy Park Ltd - Craigavon","Food and beverage products from animal raw materials (other than milk)","Waste transfers (2024)"
"Moy Park Ltd - Dungannon","Slaughterhouses","Pollutant releases (2024)
Pollutant transfers (2024)
Waste transfers (2024)"
"Moy Park- Anwick EPR/NP3832ZA","Slaughterhouses","Waste transfers (2024)"
"Moycroft Civic Amenity & TS, Elgin","Disposal of non-hazardous waste","Waste transfers (2024)"
"Muck MCFF, Isle of Muck","Aquaculture","Pollutant releases (2024)"
"Mucking Generation Plant EPR/TP3538UB","Thermal power plants and combustion installations (50MW or greater)","Waste transfers (2024)"
"Mucking Landfill - EPR/QP3730DW","Landfills","Pollutant releases (2024)"
"Mulberry Waste Limited,Balydon Transfer Station","Hazardous Waste","Waste transfers (2017)"
"Muller Milk & Ingredients, Bellshill","Milk - treatment and processing","Waste transfers (2024)"
"Muller UK & Ireland Group LLP YP3633WP","Milk - treatment and processing","Waste transfers (2024)"
"Multi-Color Cwmbran UK Ltd","Fibres or textiles - pre-treatment or dyeing","Waste transfers (2024)"
"Mundford Poultry Farm","Intensive livestock production","Pollutant releases (2024)
Waste transfers (2024)"
"Murdock Road Oil Treatment Plant EPR/AP3930UJ","Hazardous Waste","Waste transfers (2024)"
"Murfitts Industries Limited","Disposal of non-hazardous waste","Waste transfers (2019)"
"Murfitts Industries Limited","Disposal of non-hazardous waste","Waste transfers (2019)"
"Murphy's Wharf EPR/DP3490EU","Disposal of non-hazardous waste","Waste transfers (2024)"
"Muskham & Knapthorpe Poultry Units EPR/BS9202IH","Intensive livestock production","Pollutant releases (2024)"
"Myrtle Garage Scrap Metal Yard","Hazardous Waste","Waste transfers (2019)"
"N R S Aggregates Ltd, Saredon Hill Quarry","Disposal of non-hazardous waste","Waste transfers (2017)"
"N W H Waste Services - Cowen Road","Disposal of non-hazardous waste","Waste transfers (2024)"
"NGG Felindre, Gas Compressor Station_RP3232LD","Thermal power plants and combustion installations (50MW or greater)","Pollutant releases (2024)
Waste transfers (2024)"
"NORMAN & UNDERWOOD LIMITED","Production of non-ferrous crude metal ore",""
"NOV ED, Aberdeen","Hazardous Waste","Waste transfers (2024)"
"NRC Environmental Services (UK) Ltd","Hazardous Waste","Waste transfers (2020)"
"NWH Mayfield Recycling Yard, Mayfield","Disposal of non-hazardous waste","Waste transfers (2024)"
"NWH, Leith Recycling Yard, Leith, Edinburgh","Disposal of non-hazardous waste","Waste transfers (2024)"
"NWP Ltd Keady Composting Facility","Disposal of non-hazardous waste","Waste transfers (2024)"
"Nant Coed Farm Poultry Unit","Poultry or pigs - intensive rearing (40,000 places for poultry)",""
"Nant-Y-Corddi Poultry Farm EPR/NP3931UZ","Poultry or pigs - intensive rearing (40,000 places for poultry)",""
"Nantycaws Landfill Site (Phase 1 Effluent Treatment Plant)_PP3338CQ","Disposal of non-hazardous waste",""
"Napier Street Pigments & Oxide Works - EPR/BU1458IL","Basic Inorganic Chemicals","Waste transfers (2024)"
"National Grid Electricity Distribution (South Wales) Limited, Ty Coch Depot EPR/AB3091FW","Hazardous Waste","Waste transfers (2024)"
"National Grid, N.Sea Gas Terminal, Peterhead","Thermal power plants and combustion installations (50MW or greater)","Pollutant releases (2024)
Waste transfers (2024)"
"Nationwide Metal Recycling Ltd","Disposal of non-hazardous waste","Waste transfers (2024)"
"Neachells Lane Transfer Station","Disposal of non-hazardous waste","Waste transfers (2024)"
"Neath Port Talbot County Borough Council , Crymlyn Burrows Materials Recycling And Energy Ctr","Disposal of non-hazardous waste",""
"Nechells Paper Mill EPR/ZP3437GZ","Paper, board and other primary wood products","Pollutant releases (2024)
Pollutant transfers (2024)
Waste transfers (2024)"
"Neilson Road Depot","Disposal of non-hazardous waste","Waste transfers (2024)"
"Nelipak Elsham Ltd","Surface treatment with organic solvents",""
"Nelson Plant Hire Ltd","Disposal of non-hazardous waste","Waste transfers (2024)"
"Ness of Copister MCFF, Yell Sound","Aquaculture","Pollutant releases (2024)"
"Nest Road Waste Treatment, Recovery and Transfer Facility - EPR/PP3633TC","Hazardous Waste","Waste transfers (2024)"
"Nestle U K Ltd","Disposal of non-hazardous waste",""
"Nestle UK - Dalston - EPR/BO9310IB","Milk - treatment and processing","Waste transfers (2024)"
"Nether Dallachy Landfill Site, Spey Bay","Landfills","Pollutant releases (2024)
Waste transfers (2024)"
"Netheridge Sewerage Treatment Plant (STW)","Urban waste-water treatment","Pollutant releases (2024)"
"Neuadd Isaf Poultry Farm EPR/HP3836MG","Poultry or pigs - intensive rearing (40,000 places for poultry)",""
"Nevada Lane Waste Transfer Station","Disposal of non-hazardous waste","Waste transfers (2024)"
"New Albion Landfill EPR/BJ6003IF","Landfills","Pollutant releases (2024)"
"New Bradwell H W R C","Disposal of non-hazardous waste","Waste transfers (2024)"
"New Crosby LF EPR/BU9947IA","Landfills",""
"New Duston Oil & Solvent Reclamation Works - EPR/XP3237MZ","Hazardous Waste","Waste transfers (2024)"
"New Haden Metals Ltd","Disposal of non-hazardous waste","Waste transfers (2024)"
"New House Farm EA/EPR/GP3537TT/V002","Intensive livestock production","Pollutant releases (2020)
Waste transfers (2020)"
"New House Pig Farm - EPR/XP3539XH","Intensive livestock production","Pollutant releases (2024)"
"New Wintles Farm Eynsham Oxfordshire OX29 4EG","Disposal of non-hazardous waste",""
"New Years Green Lane Civic Amenity Site","Disposal of non-hazardous waste","Waste transfers (2024)"
"Newark H W R C","Disposal of non-hazardous waste","Waste transfers (2024)"
"Newark Sugar Factory EPR/BK9385IH","Food and Beverage products","Pollutant releases (2024)
Waste transfers (2024)"
"Newbery Metals Limited","Disposal of non-hazardous waste","Waste transfers (2024)"
"Newbourne Farm Composting Facility EPR/QP3090VL","Disposal of non-hazardous waste","Waste transfers (2016)"
"Newbridge Resource Management Centre","Incineration of non-hazardous waste","Waste transfers (2024)"
"Newcastle H W R C Leycett Lane Newcastle Under Lyme Staffordshire ST5 6AD","Disposal of non-hazardous waste","Waste transfers (2021)"
"Newcastle-Under-Lyme Animal Feed Mill EPR/GP3134SA","Food and Beverage products","Waste transfers (2024)"
"Newhaven Energy Recovery Facility - EPR/BV8067IL","Incineration of non-hazardous waste","Pollutant releases (2024)
Waste transfers (2024)"
"Newhaven Household Waste Site","Disposal of non-hazardous waste","Waste transfers (2024)"
"Newhouse Farm - EPR/CP3434CM","Intensive livestock production","Pollutant releases (2024)"
"Newhouse Glass Recycling Facility, Newhouse","Disposal of non-hazardous waste","Waste transfers (2024)"
"Newly created but not approved","Surface treatment with organic solvents",""
"Newport Chemical Complex EPR/BR9715IB","Basic Organic Chemicals","Pollutant releases (2024)
Waste transfers (2024)"
"Newport Metals Site EPR/CP3795FY","Disposal of non-hazardous waste","Waste transfers (2024)"
"Newport Oil Treatment Plant EPR/ZP3334AQ","Hazardous Waste","Pollutant releases (2024)
Waste transfers (2024)"
"Newport Recycling Facility EPR/YP3135TE","Hazardous Waste","Waste transfers (2024)"
"Newport Refrigerator Plant EPR/KP3195FW","Hazardous Waste","Pollutant releases (2024)
Waste transfers (2024)"
"Newport Semiconductor Plant EPR/BV7460ID","Surface treatment with organic solvents","Pollutant transfers (2024)
Waste transfers (2024)"
"Newstead Materials Recycling Facility","Disposal of non-hazardous waste",""
"Newton Le Willows H W R C","Disposal of non-hazardous waste","Waste transfers (2024)"
"Newtown Road H W R C","Disposal of non-hazardous waste","Waste transfers (2024)"
"Nexam St Andrews Limited, Cupar","Basic Organic Chemicals","Waste transfers (2024)"
"Nexperia Stockport Plant EPR/BP3137MZ","Disposal of non-hazardous waste","Pollutant releases (2024)
Pollutant transfers (2024)
Waste transfers (2024)"
"Nigg Oil Terminal, Tain","Mineral oil and gas refineries","Waste transfers (2024)"
"Nigg WWTW, Aberdeen","Urban waste-water treatment","Pollutant releases (2024)
Waste transfers (2024)"
"Niramax Transfer Station EPR/GP3399LG","Disposal of non-hazardous waste","Waste transfers (2024)"
"Nitration Plant Carterton - EPR/BP3134SZ","Basic Inorganic Chemicals","Waste transfers (2024)"
"No 3 Arrol Square, Deans Ind Est, Livingston","Disposal of non-hazardous waste","Waste transfers (2024)"
"Nobel Road, Wester Gourdie Ind Est, Dundee","Disposal of non-hazardous waste","Waste transfers (2024)"
"Noble Foods Ltd, St. Pierre Farm","Poultry or pigs - intensive rearing (40,000 places for poultry)",""
"Nocton AD Plant EPR/AB3406MT","Disposal of non-hazardous waste","Waste transfers (2024)"
"Norbord Ltd, Morayhill, Inverness","Paper, board and other primary wood products","Pollutant releases (2024)
Waste transfers (2024)"
"Norman Wenn Skip Hire","Disposal of non-hazardous waste","Waste transfers (2024)"
"Norpol Recycling Limited","Disposal of non-hazardous waste","Waste transfers (2024)"
"North Barn Farm Composting","Disposal of non-hazardous waste","Waste transfers (2024)"
"North British Dist, Wheatfield Rd, Edinburgh","Food and beverage products from vegetable raw materials","Pollutant releases (2024)
Pollutant transfers (2024)
Waste transfers (2024)"
"North Cave FAME Plant EPR/JP3931SG","Basic Organic Chemicals","Waste transfers (2024)"
"North Cave Quarry","Disposal of non-hazardous waste",""
"North Coast WWTWs Sludge Treatment Centre","Urban waste-water treatment","Waste transfers (2024)"
"North Crawley Road","Disposal of non-hazardous waste","Waste transfers (2024)"
"North Devon Council","Disposal of non-hazardous waste","Waste transfers (2024)"
"North Fairlee Farm Transfer Station","Disposal of non-hazardous waste","Waste transfers (2024)"
"North Farm Transfer Station","Disposal of non-hazardous waste","Waste transfers (2024)"
"North Herts Landfill - EPR/BW1807IK","Landfills",""
"North Hykeham Landfill Site","Landfills","Pollutant releases (2024)
Waste transfers (2024)"
"North Manchester MBT","Disposal of non-hazardous waste","Waste transfers (2024)"
"North Moor Farm Pig Unit - EPR/NP3636FS","Intensive livestock production","Pollutant releases (2024)"
"North Sandwick MCFF, Bluemull Sound","Aquaculture","Pollutant releases (2024)"
"North Scarle Farm EPR/DP3233UW","Intensive livestock production","Waste transfers (2024)"
"North Seaton H W R C Facility","Disposal of non-hazardous waste","Waste transfers (2024)"
"North Shore East MCFF, Loch Erisort","Aquaculture","Pollutant releases (2024)"
"North Shore MCFF, Loch Erisort","Aquaculture","Pollutant releases (2024)"
"North Tees Aromatics EPR/BU4503IW","Basic Organic Chemicals","Waste transfers (2024)"
"North Tees Oil Refinery & Road/Rail Terminal","Mineral oil and gas refineries","Waste transfers (2024)"
"North Tyneside Transfer Station","Disposal of non-hazardous waste","Waste transfers (2024)"
"North West Recycling Ltd","Disposal of non-hazardous waste","Waste transfers (2024)"
"North of Papa MFF, North Voe","Aquaculture",""
"Northacre Resource Recovery Centre - EPR/LP3491EE","Disposal of non-hazardous waste","Pollutant releases (2024)
Waste transfers (2024)"
"Northallerton Feed Mill - EPR/BW9832IT","Food and Beverage products","Waste transfers (2024)"
"Northallerton H W R C","Disposal of non-hazardous waste","Waste transfers (2024)"
"Northburn Oils Ltd, Coatbridge","Hazardous Waste","Waste transfers (2024)"
"Northfield Farm EPR/FP3932SU","Intensive livestock production",""
"Northfield Farm EPR/WP3834KV","Intensive livestock production",""
"Northfleet Paper Mill - EPR/BJ7379IZ","Paper, board and other primary wood products","Waste transfers (2024)"
"Northside Works EPR/EP3735RU","Basic Organic Chemicals","Waste transfers (2024)"
"Northumberland Wharf Transfer Station","Disposal of non-hazardous waste","Waste transfers (2024)"
"Norwood Metals","Disposal of non-hazardous waste","Waste transfers (2024)"
"Norwood Recycling Centre EPR/CB3805KE","Hazardous Waste","Waste transfers (2024)"
"Novartis Site EPR/SP3633LG","Basic pharmaceutical products",""
"Novera Energy Generation No2 Limited, Bryn Pica Generation Plant","Landfills",""
"Nuffield Waste Transfer Station & Civic Amenity Site","Disposal of non-hazardous waste","Waste transfers (2024)"
"Nuneaton Street, Dalmarnock, Glasgow","Landfills","Waste transfers (2024)"
"Nursery Lane Depot","Disposal of non-hazardous waste","Waste transfers (2024)"
"Nursteed Yard","Disposal of non-hazardous waste","Waste transfers (2024)"
"O-I Manufacturing UK Ltd Glasshouse Loan Allo","Glass manufacture (including glass fibre)","Pollutant releases (2024)
Waste transfers (2024)"
"OIC Chinglebraes Waste TS, St Ola, Orkney","Disposal of non-hazardous waste","Waste transfers (2024)"
"Oadby Recycling And Household Waste Site","Disposal of non-hazardous waste","Waste transfers (2024)"
"Oak Quarry Household Waste Site","Disposal of non-hazardous waste","Waste transfers (2024)"
"Oak Road EPR/WP3030CK","Basic Organic Chemicals","Pollutant releases (2024)
Waste transfers (2024)"
"Oakwood Plant Ltd: Edmonton","Disposal of non-hazardous waste","Waste transfers (2024)"
"Oare Creek Recycling Centre","Disposal of non-hazardous waste","Waste transfers (2024)"
"Oatslie Sandpit L/F, Cleugh Rd, Midlothian","Landfills","Pollutant releases (2024)
Waste transfers (2024)"
"Ockendon Area II & III Landfill - EPR/NP3736GU","Landfills","Pollutant releases (2024)"
"Oclaro Technology Plc EPR/WP3633BB","Gasification and Liquefaction",""
"Ogg Farm EPR/DP3433UY","Intensive livestock production","Waste transfers (2024)"
"Old Brickfield Works","Disposal of non-hazardous waste","Waste transfers (2020)"
"Old Hethel Airfield EPR/PP3135JD","Disposal of non-hazardous waste","Waste transfers (2024)"
"Old Hill/Arbour Hill/18 Acres Poultry Farm EPR/AP3737MP","Intensive livestock production","Pollutant releases (2024)"
"Old Ifton Colliery Waste Transfer Station","Disposal of non-hazardous waste","Waste transfers (2022)"
"Old Pentland Sawmill, Loanhead","Disposal of non-hazardous waste","Waste transfers (2024)"
"Old Stocks Farm","Disposal of non-hazardous waste","Waste transfers (2024)"
"Old Welton Refuse Transfer Station And C A Site","Disposal of non-hazardous waste","Waste transfers (2024)"
"Oldbury Chemical Works No. 2","Basic Organic Chemicals","Waste transfers (2024)"
"Oldfield Lane","Disposal of non-hazardous waste","Waste transfers (2024)"
"Oldham Clinical Waste Incinerator - EPR/ZP3230XC","Hazardous Waste","Waste transfers (2024)"
"Oldham Stw","Urban waste-water treatment","Pollutant releases (2024)
Waste transfers (2024)"
"Oldham WwTW Sludge Treatment Facility - EPR/HP3231LK","Disposal of non-hazardous waste","Waste transfers (2024)"
"Oldmedow Colour Plant - EPR/MP3737LF","Basic Organic Chemicals","Waste transfers (2024)"
"Olna Firth South MFF, Olna Firth","Aquaculture",""
"Olus Biomass","Disposal of non-hazardous waste","Waste transfers (2024)"
"Olympia Mills EPR/BP9811IE","Food and Beverage products","Waste transfers (2024)"
"Omega Proteins Ltd","Food and beverage products from animal raw materials (other than milk)",""
"Omega Proteins Ltd (Penrith)","Animal carcasses and waste",""
"Orchard Farm Abattoir","Incineration of non-hazardous waste","Waste transfers (2022)"
"Orchard Farm Transfer Station","Disposal of non-hazardous waste","Waste transfers (2021)"
"Orchard Mill","Basic Organic Chemicals","Waste transfers (2024)"
"Orchard Pig Farm - EPR/PP3639UB","Intensive livestock production","Pollutant releases (2024)"
"Organic Resin Manufacture EPR/JP3836SE","Basic Organic Chemicals","Waste transfers (2020)"
"Organic Waste Treatment Facility","Animal carcasses and waste","Waste transfers (2024)"
"Ormsgill Yard Materials Recycling Facility","Disposal of non-hazardous waste","Waste transfers (2024)"
"Oscar Mayer, Wrexham (Rowan Foods)","Food and Beverage products","Waste transfers (2024)"
"Otterbourne W T S","Disposal of non-hazardous waste",""
"Oulton Poultry Unit -EPR/DP3632YL","Intensive livestock production","Pollutant releases (2024)"
"Over Hulton H W R C And T L S","Disposal of non-hazardous waste","Waste transfers (2024)"
"Over Hulton in Vessel Composting EPR/AP3592EK","Disposal of non-hazardous waste","Waste transfers (2024)"
"Overbrook Farm EPR/SP3034DZ","Intensive livestock production","Waste transfers (2024)"
"Overton Mill","Pulp from timber or similar","Waste transfers (2022)"
"Oxney Road Metal Recycling Facility","Disposal of non-hazardous waste","Waste transfers (2024)"
"P E Metals Ltd","Disposal of non-hazardous waste","Waste transfers (2024)"
"P G Skips Materials Recycling Facility","Disposal of non-hazardous waste","Waste transfers (2024)"
"P M G ( Waste Management) Ltd","Disposal of non-hazardous waste","Waste transfers (2024)"
"P M Skip Hire Limited","Disposal of non-hazardous waste","Waste transfers (2024)"
"P Mullaney & Sons Ltd","Disposal of non-hazardous waste","Waste transfers (2024)"
"P Waddington & Co (1947) Ltd","Animal carcasses and waste",""
"P.L. & K.M. Westgarth, Park House Farm","Intensive livestock production","Pollutant releases (2016)"
"PAM Building","Ferrous metal foundry","Pollutant releases (2024)
Waste transfers (2024)"
"PAX Plant","Basic Inorganic Chemicals","Waste transfers (2024)"
"PHS Waste Transfer Station Newark EPR/WP3137SV/V002","Hazardous Waste","Waste transfers (2020)"
"PMT Industries Ltd","Ferrous metal foundry",""
"PQ Silicas UK Limited - EPR/RP3233GW","Basic Inorganic Chemicals","Pollutant releases (2024)
Waste transfers (2024)"
"PTG Treatments Limited","Preservation of wood",""
"PTG Treatments Limited","Preservation of wood",""
"PVC9 Plant","Basic Organic Chemicals","Pollutant releases (2019)
Waste transfers (2019)"
"PX Limited, St Fergus Gas Terminal, Aberdeen","Mineral oil and gas refineries","Waste transfers (2024)"
"Packington Landfill Site EPR/BW0533ID","Landfills","Pollutant releases (2024)"
"Packington Wood Recycling Facility","Disposal of non-hazardous waste","Waste transfers (2024)"
"Paddockholm Rd Civic Amenity Site, Kilbirnie","Disposal of non-hazardous waste","Waste transfers (2024)"
"Padworth IWM Facility EPR/SP3832WD","Disposal of non-hazardous waste","Waste transfers (2024)"
"Paisley STW, Abercorn St, Paisley","Urban waste-water treatment","Pollutant releases (2024)"
"Palace Drive","Disposal of non-hazardous waste","Waste transfers (2018)"
"Palm Recycling Ltd","Disposal of non-hazardous waste","Waste transfers (2019)"
"Palmers Wood Oilfield","Mineral oil and gas refineries","Waste transfers (2024)"
"Palms Hall EPR/QP3031MN","Intensive livestock production","Pollutant releases (2024)"
"Papermill Lane","Hazardous Waste","Waste transfers (2024)"
"Paradise Yard","Disposal of non-hazardous waste","Waste transfers (2022)"
"Paragon Customer Communications (Nottingham)","Surface treatment with organic solvents",""
"Paragon Works - EPR/BL8562IG","Basic Organic Chemicals","Waste transfers (2024)"
"Parham Recycling Centre EPR/BP3193VD","Disposal of non-hazardous waste","Waste transfers (2021)"
"Park Cakes Ltd - EPR/LP3238UF","Food and Beverage products","Pollutant releases (2024)
Waste transfers (2024)"
"Park Dairy Farm - Recycling Site","Disposal of non-hazardous waste","Waste transfers (2024)"
"Park Farm Poultry Unit - EPR/DP3833UU","Intensive livestock production","Waste transfers (2024)"
"Park Farm Thorington EPR/PP3431XK","Intensive livestock production","Pollutant releases (2024)
Waste transfers (2024)"
"Park Grounds Farm - EPR/CP3038CM","Disposal of non-hazardous waste","Waste transfers (2024)"
"Park Rose Ind Est Unit C Middlemore Road Smethwick Warley West Midlands B66 2DZ","Disposal of non-hazardous waste","Waste transfers (2024)"
"Parkgate Farm Composting Facility EPR/AP3196EK","Disposal of non-hazardous waste","Waste transfers (2024)"
"Parkwood Landfill EPR/BW0983IT","Landfills","Pollutant releases (2024)"
"Parkwood Springs, Douglas Rd - EPR/WP3731MH","Hazardous Waste","Waste transfers (2024)"
"Parley Waste Management Facility EPR/GP3793FY","Disposal of non-hazardous waste","Waste transfers (2024)"
"Partington Paper Mill EPR/ZP3736XH","Paper, board and other primary wood products","Pollutant releases (2024)
Waste transfers (2024)"
"Partnership Farm EPR/MP3830RU","Intensive livestock production","Pollutant releases (2019)"
"Pat Munro TS, Caplich Quarry, Alness","Disposal of non-hazardous waste","Waste transfers (2024)"
"Pat Munro, TS, Lotland St, Inverness","Disposal of non-hazardous waste","Waste transfers (2024)"
"Patchington Piggeries","Intensive livestock production","Pollutant releases (2021)"
"Pateley Bridge Coldstones Quarry","Opencast mining and quarrying","Waste transfers (2021)"
"Patersons Waste Management","Disposal of non-hazardous waste","Waste transfers (2024)"
"Path Head LF EPR/BJ7824IK","Landfills","Pollutant releases (2024)"
"Pattrick and Thompsons Limited","Preservation of wood",""
"Paulsgrove H W R C","Disposal of non-hazardous waste","Waste transfers (2024)"
"Peacehill Farm, Wormit, Fife","Poultry or pigs - intensive rearing (40,000 places for poultry)","Pollutant releases (2024)
Waste transfers (2024)"
"Peacock Brothers","Disposal of non-hazardous waste","Waste transfers (2024)"
"Peak Waste Recycling Ltd","Disposal of non-hazardous waste","Waste transfers (2024)"
"Pearce Recycling Limited","Disposal of non-hazardous waste","Waste transfers (2024)"
"Peashell Farm Pig Unit - EPR/FP3537MB","Intensive livestock production",""
"Pebsham H W R S","Disposal of non-hazardous waste","Waste transfers (2024)"
"Pebsham North Quadrant Landfill - EPR/CP3033LL","Landfills","Waste transfers (2024)"
"Peckfield Landfill","Landfills","Pollutant releases (2024)"
"Pedham Place","Disposal of non-hazardous waste","Waste transfers (2024)"
"Peel Common W W T W Liquid Waste Reception Centre","Disposal of non-hazardous waste","Waste transfers (2024)"
"Peels Farm - EPR/HP3937GU","Intensive livestock production","Pollutant releases (2024)"
"Pegamoid Site","Disposal of non-hazardous waste","Waste transfers (2024)"
"Pelagia (UK) Ltd","Animal carcasses and waste",""
"Pelagia Shetland, Point of Scattland, Lerwick","Food and beverage products from animal raw materials (other than milk)","Waste transfers (2024)"
"Pelican Reach ( Plot L)","Disposal of non-hazardous waste","Waste transfers (2024)"
"Penare Farm AD EPR/QP3532VF","Animal carcasses and waste",""
"Pendle T S","Disposal of non-hazardous waste","Waste transfers (2024)"
"Penlake Ind Est","Disposal of non-hazardous waste","Waste transfers (2018)"
"Penrith Animal Feed Mill EPR/FP3630CL","Food and Beverage products","Waste transfers (2024)"
"Pentreucha Farm EPR/AP3230UK","Poultry or pigs - intensive rearing (40,000 places for poultry)",""
"Pepper Road","Disposal of non-hazardous waste","Waste transfers (2016)"
"Pepperhill Waste Transfer Station","Disposal of non-hazardous waste","Waste transfers (2024)"
"Percliff Plant & Haulage Limited","Disposal of non-hazardous waste","Waste transfers (2024)"
"Perrett's","Disposal of non-hazardous waste","Waste transfers (2024)"
"Perry Barr Waste Transfer Station And H R C","Disposal of non-hazardous waste","Waste transfers (2024)"
"Perry Orchard Farm Limited, Perry Orchard","Poultry or pigs - intensive rearing (40,000 places for poultry)",""
"Perry Wood","Surface treatment with organic solvents",""
"Pershore Poultry Unit EPR/DP3937MG","Intensive livestock production","Pollutant releases (2024)"
"Peter Norris ( Haulage) Ltd","Disposal of non-hazardous waste","Waste transfers (2024)"
"Peterborough Compressor Station - EPR/UP3038LG","Thermal power plants and combustion installations (50MW or greater)","Pollutant releases (2024)"
"Peterborough Energy Recovery Facility EPR/NP3638ZS","Hazardous Waste","Pollutant releases (2024)
Waste transfers (2024)"
"Peterhead STW, Burnhaven, Peterhead","Urban waste-water treatment","Pollutant releases (2024)
Waste transfers (2024)"
"Peterlee Works","Basic Organic Chemicals","Waste transfers (2019)"
"Peterson SBS, Pocra Quay, Aberdeen","Hazardous Waste","Waste transfers (2024)"
"Petfood Products - Driffield EPR/BP3430BA","Food and Beverage products","Waste transfers (2020)"
"Petley Hybrids,Petley Farm,Portmahomack,Tain","Poultry or pigs - intensive rearing (2,000 places for pigs)","Pollutant releases (2024)"
"Petroineos, Finnart Ocean Terminal, Argyll","Mineral oil and gas refineries","Waste transfers (2024)"
"Philip Bannon Haulage Ltd","Disposal of non-hazardous waste","Waste transfers (2024)"
"Phillip Andrew And John Whittingham, Lower Pentwyn","Poultry or pigs - intensive rearing (40,000 places for poultry)",""
"Pickenham Farm","Intensive livestock production","Pollutant releases (2024)
Waste transfers (2024)"
"Pickup Skips","Disposal of non-hazardous waste","Waste transfers (2024)"
"Picow Farm H W R C","Disposal of non-hazardous waste","Waste transfers (2024)"
"Pilsworth North Lanfill Site EPR/BU9068IM","Landfills","Pollutant releases (2024)
Waste transfers (2024)"
"Pilsworth South Landfill - EPR/BS7951IB","Landfills","Pollutant releases (2024)
Pollutant transfers (2024)
Waste transfers (2024)"
"Pimlico Farm","Disposal of non-hazardous waste","Waste transfers (2024)"
"Pinbrook Road Recycling Centre","Disposal of non-hazardous waste","Waste transfers (2024)"
"Pinchbeck Farm","Intensive livestock production","Waste transfers (2024)"
"Pincroft Dyeing & Printing - EPR/BL8651IX","Fibres or textiles - pre-treatment or dyeing","Pollutant transfers (2024)
Waste transfers (2024)"
"Pinden Quarry","Disposal of non-hazardous waste","Waste transfers (2024)"
"Pinden Quarry Lansfill EPR/BV1674IL","Landfills","Pollutant releases (2022)"
"Pink Skips Waste Transfer Station","Disposal of non-hazardous waste","Waste transfers (2024)"
"Pips Skips Limited Waste Transfer Station","Disposal of non-hazardous waste","Waste transfers (2019)"
"Pitmillan Farm, Ellon","Poultry or pigs - intensive rearing (2,000 places for pigs)","Pollutant releases (2024)"
"Pitsea Landfill EPR/EP3936GP","Disposal of non-hazardous waste","Pollutant releases (2024)
Waste transfers (2024)"
"Pitsham Brickworks","Ceramic products manufacture",""
"Pitway Lane Metal Recycling Facility","Disposal of non-hazardous waste","Waste transfers (2024)"
"Pixash Lane C A Site","Disposal of non-hazardous waste","Waste transfers (2024)"
"Plas Bach Farm Poultry Unit EPR/VP3037MG","Poultry or pigs - intensive rearing (40,000 places for poultry)",""
"Plastics Road Wilton Ind Est Redcar Cleveland TS10 4RG","Disposal of non-hazardous waste","Waste transfers (2024)"
"Plating Facility Meteor Bus Park, Glos - EPR/BL0138IP","Surface treatment of metals and plastic materials","Waste transfers (2024)"
"Plocks Farm EPR/SP3937PB","Food and Beverage products","Pollutant releases (2024)
Waste transfers (2024)"
"Ploddy House Poultry Farm EPR/SP3439UP","Intensive livestock production","Pollutant releases (2020)"
"Plot 14 Baker Brook Industrial Estate","Disposal of non-hazardous waste","Waste transfers (2024)"
"Plot 14.12","Disposal of non-hazardous waste","Waste transfers (2018)"
"Plot 15 Manor Business Park","Disposal of non-hazardous waste","Waste transfers (2024)"
"Plot 3a Ernest Nunn Road Stowmarket Business Park Needham Road Stowmarket Suffolk IP14 2ED","Disposal of non-hazardous waste","Waste transfers (2024)"
"Plot 7 ( Also Known As 6a ) Dale Street","Disposal of non-hazardous waste","Waste transfers (2024)"
"Plymouth Semiconductor Foundry EPR/BX1586IH","Disposal of non-hazardous waste","Waste transfers (2024)"
"Pockthorpe Hall Pig Unit - EPR/WP3937MS","Intensive livestock production",""
"Podimore Recycling Ltd","Disposal of non-hazardous waste","Waste transfers (2024)"
"Poeton (Cardiff) Limited","Surface treatment of metals and plastic materials","Waste transfers (2024)"
"Poeton Industries (Gloucester) EPR/TP3537PA","Surface treatment of metals and plastic materials","Waste transfers (2024)"
"Pogmoor Works EPR/BK6408IG","Non-ferrous metals","Waste transfers (2024)"
"Point of Burkwell MCFF (Site 5), Uyea Sound","Aquaculture","Pollutant releases (2024)"
"Polestar UK Print Limited (Varnicoat)","Surface treatment with organic solvents",""
"Polestar UK Print Ltd ( Petty)","Surface treatment with organic solvents",""
"Polestar UK Print Ltd - Colchester","Surface treatment with organic solvents",""
"Polestar UK Print Ltd Chromoworks","Surface treatment with organic solvents",""
"Polestar UK Print Ltd Colchester","Surface treatment with organic solvents",""
"Polymer Manufacturer, Kings Lynn EPR/RP3938LJ","Basic Organic Chemicals","Waste transfers (2024)"
"Pond Dale","Intensive livestock production","Pollutant releases (2018)"
"Pond Farm Poultry Unit - EPR/XP3433UW","Intensive livestock production","Pollutant releases (2024)"
"Pool Materials Recycling Facility","Disposal of non-hazardous waste","Waste transfers (2024)"
"Pool Paper Mill EPR/BJ8294IM","Paper, board and other primary wood products","Waste transfers (2024)"
"Pool Road Ind Est","Disposal of non-hazardous waste","Waste transfers (2024)"
"Poole Bakery EPR/EP3639WV","Food and Beverage products","Waste transfers (2024)"
"Poolham Poultry Unit - EPR/KP3034MN","Intensive livestock production","Waste transfers (2024)"
"Poplar Farm EPR/AP3531MK","Intensive livestock production","Pollutant releases (2024)"
"Poplar Farm Pig Unit EPR/RP3037ML","Intensive livestock production","Pollutant releases (2024)"
"Poplar Tree Farm EPR/BT4206IE","Intensive livestock production","Pollutant releases (2024)"
"Poplars Farm","Intensive livestock production","Pollutant releases (2021)"
"Poplars Landfill and Anaerobic Digestion Facility EPR/BW0584IL","Landfills","Pollutant releases (2024)
Waste transfers (2024)"
"Poplars and Sea Farm EPR/BP3538ZC","Intensive livestock production","Pollutant releases (2020)"
"Port Clarence Landfill Site - EPR/YP3234XR","Incineration of non-hazardous waste","Waste transfers (2024)"
"Port Clarence Non-Hazardous Landfill Site - EPR/BV1402IC","Landfills","Pollutant releases (2024)
Waste transfers (2024)"
"Port Clarence Tar Distillery EPR/JP3030DD","Hazardous Waste","Waste transfers (2022)"
"Port Na Cro MFF, Shuna","Aquaculture",""
"Port Of Liverpool CHP Plant EPR/BK3506IS","Thermal power plants and combustion installations (50MW or greater)","Pollutant releases (2024)
Waste transfers (2024)"
"Port Talbot Steelworks EPR/BL7108IM","Metal ore roasting / sintering","Pollutant releases (2024)
Waste transfers (2024)"
"Port na Moine North, Loch Craignish, Argyll","Aquaculture","Pollutant releases (2024)"
"Port nan Leadaig MFF","Aquaculture",""
"Portbury Mill - EPR/JP3738SW","Food and Beverage products","Waste transfers (2024)"
"Porte Marsh Mill","Food and Beverage products","Waste transfers (2019)"
"Porter Metals & Skip Hire Ltd","Disposal of non-hazardous waste","Waste transfers (2024)"
"Portfield Farm","Poultry or pigs - intensive rearing (40,000 places for poultry)",""
"Portobello STW","Urban waste-water treatment","Pollutant releases (2024)
Waste transfers (2024)"
"Portree L/S,Dunvegan Rd,Portree,Isle of Skye","Landfills","Waste transfers (2024)"
"Portree MCFF, Loch Portree","Aquaculture","Pollutant releases (2024)"
"Portsmouth M R Fand H W R C","Disposal of non-hazardous waste","Waste transfers (2024)"
"Portsmouth Waste Transfer Station","Disposal of non-hazardous waste","Waste transfers (2024)"
"Potash Lane Abattoir EPR/WP3033HR","Slaughterhouses","Waste transfers (2024)"
"Potterhouse Household Waste Recycling Centre","Disposal of non-hazardous waste","Waste transfers (2024)"
"Potters Bar H W R C Cranbourne Road Potters Bar Hertfordshire EN6 3JN","Disposal of non-hazardous waste","Waste transfers (2024)"
"Potters Farm Pig Unit - EPR/MP3432EC","Intensive livestock production","Pollutant releases (2024)"
"Pottery Street Transfer & C/A Site, Greenock","Disposal of non-hazardous waste","Waste transfers (2024)"
"Potton, Poultry Unit","Intensive livestock production","Waste transfers (2019)"
"Poulton le Fylde Cadmium Plating EPR/BP5905ID","Surface treatment of metals and plastic materials","Waste transfers (2024)"
"Poultons Farm Pig Unit - EPR/EP3239UX","Intensive livestock production","Pollutant releases (2024)"
"Poultry Units at Oakland, Scagglethorpe, Brecks, Killingbeck and Redhouse Farm EPR/FP3030UT","Intensive livestock production","Pollutant releases (2024)"
"Poultry units at an installation comprising - EPR/WP3136MK","Intensive livestock production",""
"Pound Bottom Landfill Site EPR/BV7168IX","Landfills","Pollutant releases (2024)"
"Pountney Tyres Ltd","Disposal of non-hazardous waste","Waste transfers (2024)"
"Pout & Foster Ltd","Disposal of non-hazardous waste","Waste transfers (2024)"
"Powar Developments Ltd, Glenrothes","Disposal of non-hazardous waste","Waste transfers (2024)"
"Power Station Farm Poultry Unit - EPR/AP3231KP","Intensive livestock production",""
"Powerday Waste Recycling & Recovery Centre EPR/PP3093EE","Hazardous Waste","Waste transfers (2024)"
"Poyle Manor Farm Recycling Centre","Disposal of non-hazardous waste","Waste transfers (2020)"
"Prax Lindsey Oil Refinery EPR/TP3633NH","Gasification and Liquefaction","Pollutant releases (2024)
Waste transfers (2024)"
"Praxair Surface Technologies","Surface treatment of metals and plastic materials","Waste transfers (2022)"
"Premier Foods - Ambrosia Creamery EPR/EP3334KC","Milk - treatment and processing","Waste transfers (2024)"
"Premier Foods Group Ltd, Barry Flour Mill","Food and Beverage products",""
"Premier Foods Worksop (Batchelors Factory)","Food and Beverage products","Pollutant releases (2024)
Waste transfers (2024)"
"Premier Forest Sawmill","Preservation of wood",""
"Premier Hank Dyers Ltd, Premier Hank Dyers, Holmfirth","Fibres or textiles - pre-treatment or dyeing",""
"Premises At Whitewell Street","Disposal of non-hazardous waste","Waste transfers (2024)"
"Premises Off Ripley Road","Disposal of non-hazardous waste","Waste transfers (2024)"
"Preston Abattoir","Slaughterhouses","Pollutant releases (2024)
Waste transfers (2024)"
"Preston W W T W","Disposal of non-hazardous waste","Waste transfers (2024)"
"Preston Waste Transfer Station","Disposal of non-hazardous waste","Waste transfers (2024)"
"Preston WwTW EPR/EP3834HR","Disposal of non-hazardous waste","Waste transfers (2024)"
"Priest Close and Carr Farms EPR/DP3030UG","Intensive livestock production","Pollutant releases (2024)"
"Primrose Mill - EPR/BT2904IQ","Basic Organic Chemicals","Waste transfers (2024)"
"Princes - Cardiff EPR/BX8289IW","Food and beverage products from vegetable raw materials","Waste transfers (2024)"
"Princes Drive H W R C","Disposal of non-hazardous waste","Waste transfers (2024)"
"Princes Street","Hazardous Waste","Waste transfers (2021)"
"Prinovis UK Limited","Thermal power plants and combustion installations (50MW or greater)",""
"Printwaste Recycling And Shredding","Disposal of non-hazardous waste","Waste transfers (2024)"
"ProAmpac Grimsby Ltd","Surface treatment with organic solvents","Waste transfers (2024)"
"Procter & Gamble Product Supply (U.K.) Limited - London Plant EPR/BT8864IT","Basic Organic Chemicals","Waste transfers (2024)"
"Progress Road Plating Works EPR/BN2174IS","Surface treatment of metals and plastic materials","Waste transfers (2024)"
"Progress Way","Disposal of non-hazardous waste","Waste transfers (2024)"
"Progress Way Household Waste Recycling Centre","Disposal of non-hazardous waste","Waste transfers (2024)"
"Progress Works Treatment Facility EPR/RP3536SW","Hazardous Waste","Waste transfers (2024)"
"Project Furness Hosuehold Waste Recycling Centre","Disposal of non-hazardous waste","Waste transfers (2024)"
"Prosperity Farm Pig Unit EPR/MP3833UN","Intensive livestock production","Pollutant releases (2024)"
"Protherics UK Limited, Pharmaceutical Plant Blaenwaun_SP3338LF","Basic pharmaceutical products","Waste transfers (2024)"
"Prudhoe Household Amenity Site","Disposal of non-hazardous waste","Waste transfers (2024)"
"Prudhoe Mill EPR/BK0205IE","Paper, board and other primary wood products","Waste transfers (2024)"
"Prysmian Cables & Systems Ltd, Oak Road","Non-ferrous metals","Waste transfers (2024)"
"Pudsey Household Waste Recycling","Disposal of non-hazardous waste","Waste transfers (2024)"
"Purbrook Rd T/s","Disposal of non-hazardous waste","Waste transfers (2024)"
"Pure Wafer International Ltd","Basic Inorganic Chemicals",""
"Purfleet Vegetable Oil Refinery EPR/BU7677IZ","Food and Beverage products","Waste transfers (2024)"
"Purton H R C","Disposal of non-hazardous waste","Waste transfers (2024)"
"Pwllfawatkin Landfill Site_BU8819IV","Landfills","Pollutant releases (2024)
Waste transfers (2024)"
"Pychley House","Hazardous Waste","Waste transfers (2021)"
"Pyewipe Treatment Facility","Disposal of non-hazardous waste",""
"Pyle Waxes EPR/BV5858IW","Simple hydrocarbons",""
"QPP Ltd, Brechin Abattoir,Montrose Road","Slaughterhouses","Waste transfers (2024)"
"QRL","Surface treatment of metals and plastic materials",""
"QUEENBOROUGH PHARMACEUTICALS","Basic pharmaceutical products","Waste transfers (2022)"
"Quaker Oats, Uthrogle Mills","Food and beverage products from vegetable raw materials","Waste transfers (2020)"
"Quality Row M R S","Disposal of non-hazardous waste","Waste transfers (2022)"
"Quarry Farm - EPR/DP3533UQ","Intensive livestock production","Waste transfers (2024)"
"Queens Drive Baked Products EPR/SP3336UV","Food and Beverage products","Pollutant releases (2024)
Waste transfers (2024)"
"Quickskip ( Hereford) Transfer Station","Disposal of non-hazardous waste","Waste transfers (2024)"
"R & C Metals ( Recycling) Ltd","Disposal of non-hazardous waste","Waste transfers (2021)"
"R & J Farrow","Disposal of non-hazardous waste","Waste transfers (2024)"
"R Collard Limited","Disposal of non-hazardous waste","Waste transfers (2024)"
"R Finnie Skip Hire, 32 Longman Dr, Inverness","Aquaculture","Waste transfers (2024)"
"R M Wright Ltd Wood Recycling Facility","Disposal of non-hazardous waste","Waste transfers (2019)"
"R Thornton & Co Ltd","Disposal of non-hazardous waste","Waste transfers (2024)"
"RF Brookes EPR/UP3237CP","Food and beverage products from animal raw materials (other than milk)","Waste transfers (2024)"
"RWE Generation UK plc, Aberthaw Quarry Ash Disposal Site EPR/BP3339BH","Landfills",""
"RWE Markinch Limited, Glenrothes","Incineration of non-hazardous waste","Pollutant releases (2024)
Waste transfers (2024)"
"RWE, Pembroke Power Station_DP3333TA","Thermal power plants and combustion installations (50MW or greater)","Pollutant releases (2024)
Waste transfers (2024)"
"Rabbit Waste Management Limited","Disposal of non-hazardous waste","Waste transfers (2024)"
"Rabone Lane EPR/ZP3032WF","Disposal of non-hazardous waste","Pollutant transfers (2024)
Waste transfers (2024)"
"Rackheath Industrial Estate EPR/VP3938JP","Disposal of non-hazardous waste","Waste transfers (2024)"
"Radcliffe Pulp Mill - EPR/BJ5970IU","Pulp from timber or similar",""
"Raglan Street Works","Disposal of non-hazardous waste","Waste transfers (2024)"
"Rainbarrow Farm EPR/MP3197EJ","Disposal of non-hazardous waste","Waste transfers (2020)"
"Rainbow Waste Management Ltd","Disposal of non-hazardous waste","Waste transfers (2024)"
"Raineach MFF, East Loch Tarbert, Isle of Harris","Aquaculture","Pollutant releases (2020)"
"Rainford Insulation Plant EPR/BR8352IN","Mineral substances and fibres - melting and production","Waste transfers (2024)"
"Rainham Clinical Treatment Centre EPR/PP3707BB","Hazardous Waste","Waste transfers (2024)"
"Rainham Landfill EPR/EP3136GK","Landfills","Pollutant releases (2024)
Pollutant transfers (2024)
Waste transfers (2024)"
"Rainham M R F","Disposal of non-hazardous waste","Waste transfers (2024)"
"Rainhill H W R C","Disposal of non-hazardous waste","Waste transfers (2024)"
"Ramsay McBain, Kirk Street TS, Lochee, Dundee","Disposal of non-hazardous waste","Waste transfers (2024)"
"Ramsgate Plating - EPR/BX3937IW","Surface treatment of metals and plastic materials",""
"Randlawfoot Poultry Unit - EPR/FP3534MR/V003","Intensive livestock production",""
"Randle Landfill EPR/BP3633LN","Landfills","Waste transfers (2024)"
"Rapid Skips","Disposal of non-hazardous waste","Waste transfers (2024)"
"Rassau Recycling Facility EPR/EP3230BW","Smelting of non-ferrous metals","Pollutant releases (2024)
Waste transfers (2024)"
"Ratcliffe-On-Soar Power Station EPR/EP3133RZ","Thermal power plants and combustion installations (50MW or greater)","Pollutant releases (2024)
Waste transfers (2024)"
"Ravelrig Quarry, Kirknewton, Midlothian","Opencast mining and quarrying","Waste transfers (2020)"
"Raven Recycling","Disposal of non-hazardous waste","Waste transfers (2024)"
"Ravenhead Insulation Works - EPR/BQ4335IC","Glass manufacture (including glass fibre)","Pollutant releases (2024)
Waste transfers (2024)"
"Ravensbourn Waste Transfer Facility","Disposal of non-hazardous waste","Waste transfers (2020)"
"Ravensden Composting Facility EPR/GP3793LL","Disposal of non-hazardous waste","Waste transfers (2024)"
"Rawcliffe Bridge Chemical Works - EPR/JP3037SB","Basic Organic Chemicals","Waste transfers (2024)"
"Ray Hall Sand Filters STW","Urban waste-water treatment","Pollutant releases (2024)"
"Raynesway Fuel Manufacturing Plant EPR/BX4216IP","Non-ferrous metals","Waste transfers (2024)"
"ReFood Ltd Widnes EPR/AP3938EJ","Animal carcasses and waste","Waste transfers (2024)"
"Reading Inorganic Chemical Plant - EPR/BP3734SB","Basic Inorganic Chemicals","Waste transfers (2024)"
"Readymix Huddersfield Limited","Disposal of non-hazardous waste","Waste transfers (2021)"
"Rear Of Century House","Disposal of non-hazardous waste","Waste transfers (2024)"
"Rear Of No's 2 & 3 Cold Stores","Disposal of non-hazardous waste","Waste transfers (2024)"
"Rear Yard 33 Cheadle Avenue Liverpool L13 3AE","Disposal of non-hazardous waste","Waste transfers (2024)"
"Reathwaite Poultry Farm EPR/MP3930UH","Intensive livestock production","Waste transfers (2019)"
"Reclamation Pond Materials Recycling Facility EPR/NP3735YY","Disposal of non-hazardous waste","Waste transfers (2024)"
"Recyclables Bulking Facility","Disposal of non-hazardous waste","Waste transfers (2024)"
"Recycle Fife, Cartmore Industrial Estate","Disposal of non-hazardous waste","Waste transfers (2024)"
"Recycle Force Ltd","Disposal of non-hazardous waste","Waste transfers (2024)"
"Recycling Lives Recycling Park - EPR/EP3595SK","Disposal of non-hazardous waste","Waste transfers (2024)"
"Red Barn Poultry Unit","Intensive livestock production","Waste transfers (2020)"
"Red Court Pig Unit","Intensive livestock production",""
"Red House Farm","Disposal of non-hazardous waste","Waste transfers (2024)"
"Red House Farm Poultry Unit - EPR/MP3430WS","Intensive livestock production","Pollutant releases (2024)"
"Red Lodge Compost Facility EPR/MP3937RY","Disposal of non-hazardous waste","Waste transfers (2024)"
"Red Scar Processing Facility","Disposal of non-hazardous waste",""
"Redbank Measham Terracotta Division","Ceramic products manufacture",""
"Redbournbury Treatment Plant - EPR/BW3281IA","Hazardous Waste","Pollutant transfers (2024)
Waste transfers (2024)"
"Redbridge W R R C","Disposal of non-hazardous waste","Waste transfers (2024)"
"Redcloak Farm, Stonehaven","Landfills","Waste transfers (2024)"
"Redditch & Lower Park Skip Hire","Disposal of non-hazardous waste","Waste transfers (2024)"
"Redditch Bulk Bays","Disposal of non-hazardous waste","Waste transfers (2024)"
"Redditch Clinical Waste Treatment Facility EPR/VP3136ZD","Hazardous Waste","Pollutant releases (2024)
Waste transfers (2024)"
"Redditch H W S","Disposal of non-hazardous waste","Waste transfers (2024)"
"Redgrave Abattoir EPR/DP3334VJ","Slaughterhouses","Pollutant releases (2024)
Waste transfers (2024)"
"Redhill Landfill Site EPR/BU8126IY","Landfills","Pollutant releases (2024)"
"Redruth Waste Transfer Station","Disposal of non-hazardous waste","Waste transfers (2024)"
"Redscar Transfer Station","Disposal of non-hazardous waste","Waste transfers (2024)"
"Refresco Drinks UK Limited","Food and Beverage products","Waste transfers (2024)"
"Regency Street","Disposal of non-hazardous waste","Waste transfers (2018)"
"Reibinish MFF","Aquaculture","Pollutant releases (2022)"
"Reigart Contracts Ltd","Disposal of non-hazardous waste","Waste transfers (2022)"
"Reliance Scrap Metal Merchants ( Parkfield) Ltd","Disposal of non-hazardous waste","Waste transfers (2024)"
"Remet Canning Town: Cody Road","Disposal of non-hazardous waste",""
"Renaissance Way, Speke Pharmaceuticals EPR/BL6241IR","Basic pharmaceutical products","Waste transfers (2024)"
"Renolit UK Limited","Surface treatment with organic solvents","Waste transfers (2024)"
"Restenneth Landfill Site, Montrose Rd, Forfar","Landfills","Pollutant releases (2024)"
"Retford H W R C","Disposal of non-hazardous waste","Waste transfers (2024)"
"Reydon Anaerobic Digestion Facility","Disposal of non-hazardous waste","Waste transfers (2016)"
"Rhosddu Farm Poultry Unit EPR/AB3095HL","Poultry or pigs - intensive rearing (40,000 places for poultry)",""
"Rhugargh MFF, Loch Creran (Site A)","Aquaculture","Pollutant releases (2022)"
"Ribblesdale Cement Works","Cement Clinker/Lime","Pollutant releases (2024)
Waste transfers (2024)"
"Richard Fletcher Metals","Disposal of non-hazardous waste","Waste transfers (2024)"
"Richards & Jerrom Ltd","Disposal of non-hazardous waste","Waste transfers (2021)"
"Richmond Street","Disposal of non-hazardous waste","Waste transfers (2024)"
"Ricketts Lane - EPR/BV8938ID","Surface treatment of metals and plastic materials","Waste transfers (2024)"
"Ridham Dock Biomass Facility - EPR/TP3536CL","Incineration of non-hazardous waste","Pollutant releases (2024)
Waste transfers (2024)"
"Ridham Dock Wood Facility","Disposal of non-hazardous waste","Waste transfers (2024)"
"Ridham IBA Facility - EPR/BB3837RM","Disposal of non-hazardous waste","Waste transfers (2024)"
"Rigby Houghton Landfill EPR/BV7907IN","Landfills","Pollutant releases (2024)"
"Rigmuir Landfill Site, East Kilbride","Landfills","Pollutant releases (2024)
Waste transfers (2024)"
"Rimex Metals (UK) Ltd EA/EPR/YP3333BY/V004","Surface treatment of metals and plastic materials","Waste transfers (2024)"
"Ripon H W R C","Disposal of non-hazardous waste","Waste transfers (2024)"
"Risley Landfill EPR/BV7877IR","Landfills","Pollutant releases (2024)
Waste transfers (2024)"
"River Don Works - EPR/ZP3935LP","Pig iron or steel","Pollutant releases (2024)
Waste transfers (2024)"
"River Farm Poultry Unit - EPR/AP3032YC","Intensive livestock production","Pollutant releases (2024)
Waste transfers (2024)"
"River Nene Power Ltd","Thermal power plants and combustion installations (50MW or greater)","Waste transfers (2024)"
"Riverdale Paper Plc - Materials Recycling Facility","Disposal of non-hazardous waste","Waste transfers (2024)"
"Rixton Landfill EPR/LP3039LP","Landfills","Pollutant releases (2020)
Waste transfers (2020)"
"Roachside Recycling Centre","Disposal of non-hazardous waste","Waste transfers (2019)"
"Roads Farm Poultry Unit - EPR/EP3736ZE","Intensive livestock production","Pollutant releases (2024)"
"Roan Edge Aggregate Recycling Facility","Disposal of non-hazardous waste","Waste transfers (2024)"
"Robert Gibbs ( Contracting ) Co. Ltd","Disposal of non-hazardous waste","Waste transfers (2024)"
"Robert Stuart Plating Shop EPR/BP4356IN","Surface treatment of metals and plastic materials","Waste transfers (2024)"
"Robertsbridge Gypsum Works EPR/PP3930KL","Thermal power plants and combustion installations (50MW or greater)","Waste transfers (2024)"
"Robinson Brothers - Phoenix Street - EPR/BS4316IV","Basic Organic Chemicals","Pollutant transfers (2024)
Waste transfers (2024)"
"Rochdale Depot","Disposal of non-hazardous waste","Waste transfers (2021)"
"Rochdale Stw","Urban waste-water treatment","Pollutant releases (2024)
Waste transfers (2024)"
"Rochdale WwTW Sludge Treatment Facility - EPR/FP3638MU","Disposal of non-hazardous waste","Waste transfers (2024)"
"Rocksavage Power Station EPR/BS5380IC","Thermal power plants and combustion installations (50MW or greater)","Pollutant releases (2024)
Waste transfers (2024)"
"Rockwool Ltd., Pencoed Rockwool","Mineral substances and fibres - melting and production","Pollutant releases (2024)
Pollutant transfers (2024)
Waste transfers (2024)"
"Roll On Off Services Limited","Disposal of non-hazardous waste","Waste transfers (2020)"
"Romanway Household Waste Recycling Centre","Disposal of non-hazardous waste","Waste transfers (2024)"
"Romiley Board Mill - EPR/BJ8995ID","Paper, board and other primary wood products","Waste transfers (2024)"
"Ron Hull Jnr Ltd Waste Transfer & Treatment Facility","Disposal of non-hazardous waste","Waste transfers (2024)"
"Rooke & Co Ltd, Edmonton","Disposal of non-hazardous waste","Waste transfers (2016)"
"Rookery Hill Timber treatment Limited","Preservation of wood",""
"Ross On Wye Household Waste Site","Disposal of non-hazardous waste","Waste transfers (2024)"
"Rossington Household Waste Recycling Centre","Disposal of non-hazardous waste","Waste transfers (2024)"
"Rosyth Dockyard, Dunfermline","Ships - building, painting and paint removal","Waste transfers (2024)"
"Rother Valley Abattoir - EPR/RP3935FH","Slaughterhouses","Waste transfers (2024)"
"Rotherham Aldwarke Site - EPR/XP3238YL","Pig iron or steel","Pollutant releases (2024)
Waste transfers (2024)"
"Rotherham Waste Oils - EPR/KP3732KJ","Hazardous Waste","Waste transfers (2024)"
"Rotherwas Household Waste Site: Transfer Station & M R F","Disposal of non-hazardous waste","Waste transfers (2024)"
"Rothwell Lodge AD Facility - EPR/EP3894SC","Disposal of non-hazardous waste","Waste transfers (2024)"
"Roughmute WTS, Bogton Road, Bonnybridge","Disposal of non-hazardous waste","Waste transfers (2024)"
"Roughton Moor PoultryUnit - EPR/FP3034MT","Intensive livestock production",""
"Roundhill Sewage Treatment Works","Urban waste-water treatment","Pollutant releases (2024)"
"Rova Head Landfill Site, Lerwick","Landfills","Pollutant releases (2024)"
"Rowley Water Treatment Plant EPR/GP3336XG","Disposal of non-hazardous waste","Waste transfers (2024)"
"Rowlinson Timber Ltd","Preservation of wood",""
"Roxby Landfill EPR/BW2951IM","Landfills","Pollutant releases (2024)
Waste transfers (2024)"
"Royal Brewery, Manchester - EPR/BV7796IW","Food and Beverage products","Waste transfers (2024)"
"Royal Forest Factory EPR/EP3137EK","Food and Beverage products","Waste transfers (2024)"
"Royal Oak Industrial Estate EPR/CP3331GP","Phosphorous-, nitrogen- or potassium-based fertilizers","Waste transfers (2024)"
"Royal Oaks Works","Surface treatment of metals and plastic materials","Waste transfers (2020)"
"Roydon Granulation Limited","Disposal of non-hazardous waste","Waste transfers (2021)"
"Royston Site - EPR/BT7086IJ","Basic Organic Chemicals","Waste transfers (2024)"
"Ruabon Chemical Works","Basic Inorganic Chemicals",""
"Ruabon Chemical Works EPR/NP3335GR/V007","Urban waste-water treatment",""
"Ruchlaw Produce Company Ltd","Poultry or pigs - intensive rearing (2,000 places for pigs)",""
"Rugby Cement Plant EPR/BL7248IH","Cement Clinker/Lime","Pollutant releases (2024)
Waste transfers (2024)"
"Rugby Fuel Supplies","Disposal of non-hazardous waste",""
"Rugeley Power Station EPR/EP3538LB","Thermal power plants and combustion installations (50MW or greater)","Waste transfers (2022)"
"Rugeley Quarry","Opencast mining and quarrying","Waste transfers (2024)"
"Ruislip Depot Hazardous Waste Containment Bay - EPR/MP3834LG","Hazardous Waste","Waste transfers (2024)"
"Rumbolds Pit","Disposal of non-hazardous waste","Waste transfers (2022)"
"Runcorn Beverage Packaging Plant","Food and Beverage products","Pollutant transfers (2024)
Waste transfers (2024)"
"Runcorn ERF EPR/XP3005LB","Incineration of non-hazardous waste","Pollutant releases (2024)
Waste transfers (2024)"
"Runcorn Halochemicals - EPR/QP3535TE","Basic Organic Chemicals","Pollutant releases (2024)
Waste transfers (2024)"
"Runcorn Halochemicals EPR/BS5428IP","Basic Organic Chemicals","Pollutant releases (2024)
Waste transfers (2024)"
"Runcorn Halochemicals EPR/RP3736WB","Basic Inorganic Chemicals","Pollutant releases (2024)
Waste transfers (2024)"
"Runcorn Iron Salts","Basic Inorganic Chemicals","Waste transfers (2022)"
"Runcorn Manufacturing Site - EPR/GP3536AC","Basic Organic Chemicals","Pollutant releases (2024)
Waste transfers (2024)"
"Runcorn Sulphuric Acid Complex - EPR/KP3634WC","Basic Organic Chemicals","Waste transfers (2024)"
"Runcorn WwTW Sludge Treatment Installation EPR/BP3831LN","Disposal of non-hazardous waste","Waste transfers (2024)"
"Rushmoor (Telford) STW","Urban waste-water treatment","Pollutant releases (2024)"
"Rushmoor Transfer Station: Farnborough: Gu14","Disposal of non-hazardous waste","Waste transfers (2024)"
"Rushton Landfill EPR/CP3536XG","Landfills","Pollutant releases (2024)"
"Rushton Waste Transfer Station EPR/CP3995SN","Hazardous Waste","Waste transfers (2024)"
"Ruskington Food EPR/UP3332HY","Food and Beverage products","Waste transfers (2024)"
"Rye Loaf Hill Landfill: Bingley","Landfills","Pollutant releases (2024)"
"Rye Meads Combined Heat And Power Plant","Urban waste-water treatment","Pollutant releases (2024)"
"Rye Meads Waste Import Facility","Disposal of non-hazardous waste",""
"Rye Process Plant - EPR/GP3437PL","Basic Organic Chemicals","Waste transfers (2024)"
"Ryedale Farm Organics Recycling Facility EPR/DB3701LG","Disposal of non-hazardous waste","Waste transfers (2020)"
"Ryobi Aluminium Castings","Smelting of non-ferrous metals","Waste transfers (2024)"
"S I T R Midlands Associates Ltd","Disposal of non-hazardous waste","Waste transfers (2024)"
"S Lawrence ( Crushing Contractors) Limited","Disposal of non-hazardous waste","Waste transfers (2019)"
"S R C Recycling Ltd","Disposal of non-hazardous waste","Waste transfers (2024)"
"S U C Exc Uk Ltd","Disposal of non-hazardous waste","Waste transfers (2024)"
"S W Brace & R S Parker, Cefn Mawr Poultry Farm","Poultry or pigs - intensive rearing (40,000 places for poultry)",""
"S W M & Waste Recycling Limited","Disposal of non-hazardous waste","Waste transfers (2024)"
"SALLOW ROAD FOOD FACTORY (CORBY)","Food and Beverage products","Pollutant transfers (2020)
Waste transfers (2020)"
"SARIA Limited","Food and Beverage products","Waste transfers (2024)"
"SEATON CAREW SPECIALITY CHEMICALS EA/EPR/DP3034GB/T001","Basic Organic Chemicals","Waste transfers (2024)"
"SIA Abrafoam Ltd","Surface treatment with organic solvents",""
"SITA, Binn Landfill, Binn Farm, Glenfarg","Landfills","Pollutant releases (2024)
Waste transfers (2024)"
"SMETHWICK PLATERS 3 EA/EPR/BP3732IF/V003","Surface treatment of metals and plastic materials","Pollutant transfers (2024)"
"SOUTHEND ON SEA STW","Urban waste-water treatment","Pollutant releases (2024)
Waste transfers (2024)"
"SOUTHHOOK TRANSFER STATION, KILMARNOCK","Disposal of non-hazardous waste","Waste transfers (2024)"
"SRCL Knowsley Treatment and Transfer Station","Hazardous Waste","Waste transfers (2024)"
"SRCL Limited, Bridgend Clinical Waste Treatment Plant And Transfer Station","Hazardous Waste","Waste transfers (2024)"
"SRCL Ltd, Cumbernauld","Hazardous Waste","Waste transfers (2024)"
"STATION ROAD CHEMICAL WORKS EA/EPR/BT8147IQ/V003","Basic Organic Chemicals","Waste transfers (2024)"
"SUEZ Suffolk Energy from Waste Facility EPR/WP3438HZ","Incineration of non-hazardous waste","Pollutant releases (2024)
Waste transfers (2024)"
"SUTTON COURTENAY LANDFILL EPR/BV7001IK","Landfills","Pollutant releases (2024)
Waste transfers (2024)"
"SYLOC Waste Treatment Facility EPR/DP3435DK","Hazardous Waste","Waste transfers (2024)"
"Sacker's Metal Recycling Facility EPR/RP3432WF","Disposal of non-hazardous waste","Waste transfers (2024)"
"Saddlebow Paper Mill EPR/FP3132UE","Pulp from timber or similar","Pollutant releases (2024)
Waste transfers (2024)"
"Saffron Walden Recycling Centre For Household Waste","Disposal of non-hazardous waste","Waste transfers (2021)"
"Safran Landing Systems UK Ltd","Surface treatment of metals and plastic materials","Waste transfers (2024)"
"Sage Gas Terminal, St Fergus, Peterhead","Mineral oil and gas refineries","Waste transfers (2024)"
"Saica Flex Buxton","Surface treatment with organic solvents","Waste transfers (2024)"
"Saint-Gobain Ceramics Ltd","Ceramic products manufacture",""
"Saint-Gobain Glass (United Kingdom) Ltd","Glass manufacture (including glass fibre)","Pollutant releases (2024)
Waste transfers (2024)"
"Saint-Gobain Isover EPR/FP3536ZC","Glass manufacture (including glass fibre)","Pollutant releases (2024)
Waste transfers (2024)"
"Salford Skip Hire Kingston House Transfer Station","Disposal of non-hazardous waste","Waste transfers (2024)"
"Salisbury Hrc","Disposal of non-hazardous waste","Waste transfers (2024)"
"Salisbury Street Depot","Disposal of non-hazardous waste","Waste transfers (2022)"
"Salmon Pastures Waste Transfer Station","Disposal of non-hazardous waste",""
"Salt Ayre Materials Recycling Facility","Disposal of non-hazardous waste","Waste transfers (2024)"
"Saltbox Farm - EPR/MP3134MA","Intensive livestock production","Waste transfers (2024)"
"Saltend Bioethanol Plant - EPR/WP3633KH","Basic Organic Chemicals","Pollutant releases (2024)
Pollutant transfers (2024)
Waste transfers (2024)"
"Saltend Chemical Park EPR/JP3707SC","Basic Organic Chemicals","Pollutant releases (2024)
Waste transfers (2024)"
"Saltend Cogeneration Plant EPR/QP3539LE","Thermal power plants and combustion installations (50MW or greater)","Pollutant releases (2024)
Waste transfers (2024)"
"Saltend EVOH Plant - EPR/KP3706LM","Basic Organic Chemicals","Pollutant releases (2024)
Pollutant transfers (2024)
Waste transfers (2024)"
"Saltfleetby A Gaswell","Opencast mining and quarrying","Waste transfers (2017)"
"Saltlands Household Waste Recycling Centre","Disposal of non-hazardous waste","Waste transfers (2024)"
"Sam Smith: Peartree Fm: Addington: Cr0","Disposal of non-hazardous waste","Waste transfers (2024)"
"Samlesbury Aerodrome EPR/BV0414IV","Surface treatment of metals and plastic materials","Waste transfers (2024)"
"Sandall W W T W","Disposal of non-hazardous waste",""
"Sandbach Power Installation EPR/BS5371IZ","Thermal power plants and combustion installations (50MW or greater)","Waste transfers (2020)"
"Sanders Plant & Waste Management Limited","Disposal of non-hazardous waste",""
"Sandfield Gravel Company Ltd","Disposal of non-hazardous waste","Waste transfers (2020)"
"Sandfields Farm Waste Transfer Station","Disposal of non-hazardous waste","Waste transfers (2024)"
"Sandhill Biogas Plant - EPR/DP3731VP","Disposal of non-hazardous waste","Pollutant releases (2024)
Waste transfers (2024)"
"Sandhutton Composting Site","Disposal of non-hazardous waste","Waste transfers (2019)"
"Sandown STW","Urban waste-water treatment","Pollutant releases (2024)
Waste transfers (2024)"
"Sandpoint Marina Transfer Station","Disposal of non-hazardous waste","Waste transfers (2017)"
"Sands Farm Landfill EPR/BK6858ID","Landfills","Pollutant releases (2024)
Waste transfers (2024)"
"Sands Poultry Farm - EPR/DP3837VN","Intensive livestock production",""
"Sandsfield Gravel Company","Disposal of non-hazardous waste","Waste transfers (2024)"
"Sandsfield Hull","Disposal of non-hazardous waste","Waste transfers (2024)"
"Sandtoft Farm Poultry Unit - EPR/VP3536UQ","Intensive livestock production",""
"Sandwich Pharmaceuticals Pilot Plant EPR/RP3734QE","Basic pharmaceutical products","Waste transfers (2024)"
"Sandy Hill Poultry Unit","Intensive livestock production","Waste transfers (2024)"
"Sandy Lane Landfill Site","Landfills","Pollutant releases (2019)"
"Sandy Lane Plastics Reprocessor","Disposal of non-hazardous waste",""
"Sandyford Abattoir, Sandyford Road, Paisley","Slaughterhouses","Waste transfers (2024)"
"Sapphire Mill, Leslie, Fife","Paper, board and other primary wood products","Pollutant transfers (2024)
Waste transfers (2024)"
"Sappi Rockwell Solutions Ltd","Surface treatment with organic solvents","Waste transfers (2024)"
"Sarval Ltd","Animal carcasses and waste",""
"Saunders Metal Limited","Disposal of non-hazardous waste","Waste transfers (2024)"
"Saxilby Poultry Farm EPR/BP3634RJ","Intensive livestock production","Waste transfers (2019)"
"Saxlingham Thorpe Mills EPR/ZP3432SE","Food and Beverage products","Waste transfers (2024)"
"Scadabay MFF, Loch Grosebay, Isle of Harris","Aquaculture","Pollutant releases (2022)"
"Scalibar Farm","Intensive livestock production","Pollutant releases (2022)"
"Scarth Road","Disposal of non-hazardous waste","Waste transfers (2020)"
"Sclatti Quarry Treatment Plant, Bucksburn","Disposal of non-hazardous waste","Waste transfers (2024)"
"Scopwick Free Range EPR/HP3232HX","Intensive livestock production",""
"Scot Beef, Inverurie","Slaughterhouses","Waste transfers (2024)"
"Scot Lane Waste Management Facility - EPR/EP3037EX","Hazardous Waste","Waste transfers (2024)"
"Scotasay MCFF, East Loch Tarbert","Aquaculture","Pollutant releases (2024)"
"Scotloo,Kinnoull House TS, Friarton Rd, Perth","Disposal of non-hazardous waste","Waste transfers (2024)"
"Scotoil Waste Transfer Facility","Disposal of non-hazardous waste","Waste transfers (2024)"
"Scott Bader Chemical Plant EPR/UP3933LE","Basic Organic Chemicals","Waste transfers (2024)"
"Scott Bros Recycling Limited","Disposal of non-hazardous waste","Waste transfers (2024)"
"Scott Bros. Recycling Ltd","Disposal of non-hazardous waste","Waste transfers (2024)"
"Scottish Galvanizers, McLellan St, Glasgow","Surface treatment of metals and plastic materials","Waste transfers (2024)"
"Scrubs Lane: Willesden","Disposal of non-hazardous waste","Waste transfers (2020)"
"Scunthorpe Bar & Light Section Mills EPR/BR8832IJ","Installations for the processing of ferrous metals","Waste transfers (2024)"
"Scunthorpe Integrated Iron & Steel Works - EPR/RP3206BE","Thermal power plants and combustion installations (50MW or greater)","Pollutant releases (2024)
Waste transfers (2024)"
"Scunthorpe Integrated Iron & Steel Works EPR/BL5288IC","Disposal of non-hazardous waste","Waste transfers (2022)"
"Scunthorpe Meat Processing Facility - EPR/BX3848IA","Food and Beverage products","Pollutant releases (2024)"
"Scunthorpe Poultry Processors EPR/ZP3732PA","Slaughterhouses","Waste transfers (2024)"
"Scunthorpe STW","Urban waste-water treatment","Pollutant releases (2024)"
"Scutt Mill","Intensive livestock production","Pollutant releases (2022)"
"Seabank Power Station EPR/BV3006IN","Thermal power plants and combustion installations (50MW or greater)","Pollutant releases (2024)
Waste transfers (2024)"
"Seacroft Household Waste Recycling Centre","Disposal of non-hazardous waste","Waste transfers (2024)"
"Seafield Comm Recycling Centre, Edinburgh","Disposal of non-hazardous waste","Waste transfers (2024)"
"Seaforth Site EPR/BN4169IZ","Food and Beverage products","Waste transfers (2024)"
"Seagrave Road Poultry Farm - EPR/RP3237MG","Intensive livestock production","Pollutant releases (2024)"
"Seal Sands Acrylonitrile Production EPR/FP3435GZ","Basic Organic Chemicals","Waste transfers (2022)"
"Seal Sands BDF Manufacturing EPR/NP3339MT","Basic Organic Chemicals","Pollutant transfers (2024)
Waste transfers (2024)"
"Seal Sands CATS Terminal EPR/SP3839RU","Mineral oil and gas refineries","Waste transfers (2024)"
"Seal Sands Pharmaceuticals EPR/AP3834FZ","Basic pharmaceutical products","Waste transfers (2024)"
"Seal Sands Power Station - EPR/CP3939QN","Thermal power plants and combustion installations (50MW or greater)",""
"Seales Road Haulage Ltd","Disposal of non-hazardous waste","Waste transfers (2024)"
"Seamer Carr Composting Facility","Disposal of non-hazardous waste","Waste transfers (2020)"
"Seamer Carr H W R C","Disposal of non-hazardous waste","Waste transfers (2024)"
"Seamer Carr Materials Recycling Facility","Disposal of non-hazardous waste","Waste transfers (2019)"
"Seamer Carr Waste Treatment & Transfer Facility","Disposal of non-hazardous waste","Waste transfers (2024)"
"Seaton Station Scrap Metal Recovery","Disposal of non-hazardous waste","Waste transfers (2024)"
"Secanim Ltd (formerly Granox Ltd) - EPR/CP3230BE","Animal carcasses and waste","Waste transfers (2024)"
"Sefton Meadows H W R C","Disposal of non-hazardous waste","Waste transfers (2024)"
"Segensworth H W R C","Disposal of non-hazardous waste","Waste transfers (2024)"
"Seghill LF EPR/YP3638SX","Landfills","Pollutant releases (2024)"
"Seisdon Farm","Intensive livestock production","Pollutant releases (2022)"
"Selby H W R C","Disposal of non-hazardous waste","Waste transfers (2024)"
"Selby Sauces & Pickles EPR/BO2323IB","Food and Beverage products","Waste transfers (2024)"
"Selby Sauces & Pickles EPR/MP3130WD","Disposal of non-hazardous waste","Waste transfers (2024)"
"Selby Speciality Chemicals EPR/VP3335KG","Basic Organic Chemicals","Waste transfers (2024)"
"Selby Wheat Processing Facility EPR/KP3030TZ","Basic Organic Chemicals","Waste transfers (2024)"
"Sellafield Installation - EPR/BM4317IX","Thermal power plants and combustion installations (50MW or greater)","Pollutant releases (2024)
Waste transfers (2024)"
"Sensient, Felinfach Food Flavours Factory_BL5644IK","Food and beverage products from vegetable raw materials","Pollutant transfers (2024)"
"Seqirus Vaccines EPR/BS5401IK","Basic pharmaceutical products","Waste transfers (2024)"
"Servacoat Ltd","Surface treatment with organic solvents",""
"Servosteel - EPR/KP3732PL","Surface treatment of metals and plastic materials","Waste transfers (2024)"
"Setterness North MCFF, Yell Sound, Shetland","Aquaculture","Pollutant releases (2024)"
"Setterness South (Formerly West) MCFF","Aquaculture","Pollutant releases (2024)"
"Seven Brethren Civic Amenity Site","Disposal of non-hazardous waste","Waste transfers (2024)"
"Severfield (UK) Ltd","Surface treatment with organic solvents","Pollutant releases (2024)"
"Severn Power Ltd, Severn Power Station EPR/HP3737UE","Thermal power plants and combustion installations (50MW or greater)","Pollutant releases (2024)
Waste transfers (2024)"
"Severn Trent Green Power (Bridgend) Ltd., Parc Stormy Down Anaerobic Digestion Facility","Disposal of non-hazardous waste","Waste transfers (2024)"
"Severnside Dairies EPR/TP3838RM","Milk - treatment and processing","Pollutant transfers (2024)
Waste transfers (2024)"
"Sgeir Dughall, Outer Loch Torridon","Aquaculture","Pollutant releases (2024)"
"Sgian Dubh MCFF, Loch Striven, Argyll","Aquaculture","Pollutant releases (2024)"
"Shaftesbury B H W S","Disposal of non-hazardous waste","Waste transfers (2020)"
"Shaftesbury Oil and Water EPR/ZP3233FP","Hazardous Waste","Waste transfers (2024)"
"Shakespeare Farm Landfill EPR/WP3139LZ","Landfills","Waste transfers (2024)"
"Shakespeares M R S","Disposal of non-hazardous waste","Waste transfers (2024)"
"Shapfell Lime Works EPR/BK0787IZ","Cement Clinker/Lime","Pollutant releases (2024)"
"Shaws Waste Recycling Limited","Disposal of non-hazardous waste","Waste transfers (2024)"
"Shazan Foods Limited - Eye - EPR/ZP3237AL","Slaughterhouses","Waste transfers (2024)"
"Shed No 7: Westside Road","Disposal of non-hazardous waste","Waste transfers (2024)"
"Sheephouse Farm Pig Unit - EPR/UP3539UM","Intensive livestock production","Pollutant releases (2024)"
"Sheerwood Skip Services","Disposal of non-hazardous waste","Waste transfers (2024)"
"Sheffield Energy Recovery Facility - EPR/BM4082IY","Incineration of non-hazardous waste","Pollutant releases (2024)
Waste transfers (2024)"
"Sheffield Farm - EPR/DP3933UG","Intensive livestock production","Waste transfers (2024)"
"Sheffield International Rail Freight Terminal (SIRFT) Development","Hazardous Waste","Waste transfers (2018)"
"Sheffield WM Centre EPR/TP3039RN","Hazardous Waste","Waste transfers (2024)"
"Shelford Landfill Site - EPR/XP3434HX","Landfills","Pollutant releases (2024)
Waste transfers (2024)"
"Shell Bacton Gas Terminal - EPR/NP3637SW","Mineral oil and gas refineries","Pollutant releases (2024)
Waste transfers (2024)"
"Shell UK Ltd, St Fergus Gas Plant","Mineral oil and gas refineries","Pollutant releases (2024)
Waste transfers (2024)"
"Shepton Mallet Cider Mill EPR/HP3833YZ","Food and Beverage products","Pollutant transfers (2024)
Waste transfers (2024)"
"Shepton Mallet Egg Processors and Contract Packers EPR/BN9551IT","Food and Beverage products","Waste transfers (2024)"
"Sherburn Gypsum Works EPR/RP3633KU","Thermal power plants and combustion installations (50MW or greater)","Waste transfers (2024)"
"Sherrington Way Chemical Works - EPR/AP3838SH","Basic Inorganic Chemicals","Waste transfers (2024)"
"Sherringtons Waste Management Ltd","Disposal of non-hazardous waste","Waste transfers (2024)"
"Sherwin Williams UK Limited, Deeside Packaging Coatings","Basic Organic Chemicals","Pollutant releases (2024)
Waste transfers (2024)"
"Shewalton Landfill Area 2 & 4/5, Irvine","Landfills","Pollutant releases (2024)
Waste transfers (2024)"
"Shield Aluminium Die Castings","Smelting of non-ferrous metals",""
"Shield Environmental Services Limited,11 Martin Road","Hazardous Waste","Waste transfers (2024)"
"Shieldhall STW, 38 Renfrew Rd, Glasgow","Urban waste-water treatment","Pollutant releases (2024)"
"Shipdham","Disposal of non-hazardous waste",""
"Shoreham H W R C","Disposal of non-hazardous waste","Waste transfers (2024)"
"Shoreham Power Station - EPR/DP3433DM","Thermal power plants and combustion installations (50MW or greater)","Pollutant releases (2024)
Waste transfers (2024)"
"Shornecliffe Industrial Estate Ross Way Folkestone Kent CT20 3UJ","Disposal of non-hazardous waste","Waste transfers (2024)"
"Shortwood Quarry Landfill Site EPR/BR4713IV","Landfills","Pollutant releases (2024)"
"Shotton Paper Mill EPR/BT4885IT","Incineration of non-hazardous waste","Pollutant releases (2024)
Waste transfers (2024)"
"Shotton Works Landfill Site No 1 EPR/GP3030BE","Landfills",""
"Shropshire Galvanizers","Ferrous metals processing - protective fused metal coats","Waste transfers (2024)"
"Shropshire Skip Hire","Disposal of non-hazardous waste","Waste transfers (2024)"
"Shrub End Road Depot Transfer Station","Disposal of non-hazardous waste","Waste transfers (2024)"
"Shrublands Estate","Disposal of non-hazardous waste","Waste transfers (2024)"
"Shuna MCFF, Rubh'an Trilleachain, Shuna Sound","Aquaculture","Pollutant releases (2024)"
"Sidcup Waste to Energy Facility - EPR/JP3133XP","Hazardous Waste","Waste transfers (2024)"
"Sidegate Lane Landfill EPR/BV1046IV","Landfills","Pollutant releases (2024)"
"Sighthill Biscuit Factory, Edinburgh","Food and beverage products from animal raw materials (other than milk)","Pollutant transfers (2024)"
"Silberline Ltd, Banbeath Road, Leven","Surface treatment with organic solvents","Pollutant releases (2024)
Waste transfers (2024)"
"Silchrome Plating - Barras Garth Road - EPR/BP5824IA","Surface treatment of metals and plastic materials","Waste transfers (2024)"
"Silver Drift Farm - EPR/CP3732QD","Intensive livestock production","Pollutant releases (2024)"
"Silverwoods Waste Management EPR/FB3209LE","Hazardous Waste",""
"Sime Darby Oils Liverpool Refinery Limited (SDOLR)","Food and Beverage products","Waste transfers (2024)"
"Simonswood Moss EPR/CP3398SK","Disposal of non-hazardous waste","Waste transfers (2019)"
"Simonswood Waste Recycling Centre","Disposal of non-hazardous waste","Waste transfers (2024)"
"Sims Avonmouth EPR/PP3099FM","Disposal of non-hazardous waste","Pollutant transfers (2024)
Waste transfers (2024)"
"Sims Group - Birmingham","Disposal of non-hazardous waste","Waste transfers (2019)"
"Sims Group U K Limited","Disposal of non-hazardous waste","Waste transfers (2019)"
"Sims Group U K Limited","Disposal of non-hazardous waste","Waste transfers (2019)"
"Sims Group U K Limited","Disposal of non-hazardous waste","Waste transfers (2024)"
"Sims Group U K Limited","Disposal of non-hazardous waste","Waste transfers (2024)"
"Sims Group U K Limited","Hazardous Waste","Waste transfers (2024)"
"Sims Group U K Limited","Disposal of non-hazardous waste","Waste transfers (2024)"
"Sims Group U K Limited","Hazardous Waste","Waste transfers (2024)"
"Sims Group U K Limited","Hazardous Waste","Waste transfers (2024)"
"Sims Group U K Limited","Disposal of non-hazardous waste","Waste transfers (2024)"
"Sims Group U K Ltd","Hazardous Waste","Waste transfers (2024)"
"Sims Group U K Ltd","Disposal of non-hazardous waste","Waste transfers (2024)"
"Sims Group U K Ltd","Disposal of non-hazardous waste","Waste transfers (2020)"
"Sims Group U K: Stalybridge","Hazardous Waste","Waste transfers (2024)"
"Sinderland Road Household Waste Recycling Centre","Disposal of non-hazardous waste","Waste transfers (2022)"
"Singleton Well Site","Mineral oil and gas refineries","Waste transfers (2024)"
"Sinkfall Recycling","Disposal of non-hazardous waste","Waste transfers (2024)"
"Site 'b' North Farm Lane","Disposal of non-hazardous waste","Waste transfers (2021)"
"Site 3 Unit 19 Former Pearsons Yard","Disposal of non-hazardous waste",""
"Site Off Whitting Valley Road","Disposal of non-hazardous waste","Waste transfers (2024)"
"Sittingbourne Plasterboard Manufacturers EPR/UP3534LT","Thermal power plants and combustion installations (50MW or greater)","Waste transfers (2024)"
"Sittingbourne Sewage Treatment Works","Disposal of non-hazardous waste","Waste transfers (2024)"
"Sittingbourne Waste Transfer Station","Disposal of non-hazardous waste","Waste transfers (2024)"
"Sizewell B Power Station EPR/EP3634LR","Thermal power plants and combustion installations (50MW or greater)","Waste transfers (2024)"
"Skelbrooke Landfill Site - EPR/BV1470IE","Landfills","Pollutant releases (2024)
Waste transfers (2024)"
"Skellingthorpe Abattoir - EPR/FP3830BX","Slaughterhouses","Waste transfers (2024)"
"Skelmersdale Household Wate Recycling Centre","Disposal of non-hazardous waste","Waste transfers (2024)"
"Skelmersdale Skip Hire Ltd","Disposal of non-hazardous waste","Waste transfers (2024)"
"Skelton Grange Landfill Site & Soil Treatment Facility - EPR/BJ9339IF","Landfills","Pollutant releases (2024)
Waste transfers (2024)"
"Skip & Plant Hire","Disposal of non-hazardous waste","Waste transfers (2019)"
"Skippy Waste Services","Disposal of non-hazardous waste","Waste transfers (2024)"
"Skymark Packaging International Ltd","Surface treatment with organic solvents","Waste transfers (2024)"
"Slag Lane Civic Amenity Site","Disposal of non-hazardous waste","Waste transfers (2024)"
"Slape Hill Landfill Site EPR/RP3539SQ","Landfills","Pollutant releases (2024)"
"Slape Hill Waste Transfer And Recycling Site","Disposal of non-hazardous waste","Waste transfers (2019)"
"Slatherdale and Kilham Road Pig Units - EPR/DP3130UT","Intensive livestock production","Pollutant releases (2024)"
"Sleaford Household Waste Recycling Centre","Disposal of non-hazardous waste","Waste transfers (2024)"
"Sleaford Renewable Energy Plant EPR/DP3030XH","Thermal power plants and combustion installations (50MW or greater)","Pollutant releases (2024)
Waste transfers (2024)"
"Slicker Recycling Limited,East Bank Waste Oil Facility ZP3630EB (was Hydrodec)","Hazardous Waste",""
"Slittingmill Recycling Centre","Disposal of non-hazardous waste","Waste transfers (2024)"
"Slocka MFF, Ronas Voe","Aquaculture",""
"Slough Biopharmaceuticals Plant EPR/YP3437SP","Basic pharmaceutical products","Waste transfers (2024)"
"Slough Chocolate Factory EPR/VP3239GT/V002","Food and Beverage products","Waste transfers (2024)"
"Slough Heat and Power, Edinburgh Avenue EPR/CP3031SX","Incineration of non-hazardous waste","Pollutant releases (2024)
Waste transfers (2024)"
"Slyfield Materials Recycling Facility","Disposal of non-hazardous waste","Waste transfers (2024)"
"Slyfield Refuse Transfer Station & Civic Amenity Site","Disposal of non-hazardous waste","Waste transfers (2024)"
"Smallmead Waste Management Centre","Disposal of non-hazardous waste","Waste transfers (2024)"
"Smart Systems Limited - EPR/KP3434FE","Surface treatment of metals and plastic materials","Waste transfers (2024)"
"Smeaton Recycling Centre, Carberry Road, Carb","Disposal of non-hazardous waste","Waste transfers (2024)"
"Smerrill Dairy A D Plant","Disposal of non-hazardous waste","Waste transfers (2024)"
"Smethwick Metal Treatment EA/EPR/HP3436GW/A001","Surface treatment of metals and plastic materials","Waste transfers (2024)"
"Smethwick Platers 2 - EPR/BN1917IW","Surface treatment of metals and plastic materials","Waste transfers (2024)"
"Smillie Metallics Midlands Ltd","Disposal of non-hazardous waste","Waste transfers (2024)"
"Smith Skip Hire","Disposal of non-hazardous waste","Waste transfers (2024)"
"SmithKline Beecham Ltd, Irvine","Basic pharmaceutical products","Waste transfers (2024)"
"Smithies Lane Household Waste Recycling Centre","Disposal of non-hazardous waste","Waste transfers (2024)"
"Sms Skip Hire And Waste Management Yard","Disposal of non-hazardous waste","Waste transfers (2024)"
"Smugglers Way Transfer Station / M R F","Disposal of non-hazardous waste","Waste transfers (2024)"
"Snareshill Poultry Site - EPR/RP3238XD","Intensive livestock production","Pollutant releases (2024)
Waste transfers (2024)"
"Snetterton Poultry Unit - EPR/YP3732YS","Intensive livestock production","Pollutant releases (2024)"
"Sneyd Hill Transfer and Treatment Centre EPR/LP3335MQ","Hazardous Waste","Waste transfers (2024)"
"Snodland Paper Mill CHP EPR/BJ7506IM","Thermal power plants and combustion installations (50MW or greater)","Pollutant releases (2018)
Waste transfers (2018)"
"Snodland Paper Mill EPR/BJ7433IQ","Paper, board and other primary wood products","Pollutant releases (2024)
Waste transfers (2024)"
"Snowdon Energy Ltd","Disposal of non-hazardous waste","Waste transfers (2019)"
"Sodra Wood Ltd","Preservation of wood",""
"Sofidel, Baglan Paper Mill_BU2489IT","Paper, board and other primary wood products","Waste transfers (2024)"
"Soil and Aggregates Treatment Plant EPR/VP3095FS","Hazardous Waste","Waste transfers (2024)"
"Solid Waste Transfer Station","Disposal of non-hazardous waste",""
"Solvay Solutions UK Ltd - EPR/SP3339BL","Basic Organic Chemicals","Pollutant transfers (2024)
Waste transfers (2024)"
"Somercotes Flame Bonding","Fibres or textiles - pre-treatment or dyeing","Waste transfers (2024)"
"Somerley B H W S","Disposal of non-hazardous waste","Waste transfers (2024)"
"Somersham Landfill EPR/BW2862IU","Landfills",""
"Somersham Road Poultry Unit EPR/PP3930UZ","Intensive livestock production","Waste transfers (2024)"
"Sonae Industria (UK) Limited","Paper, board and other primary wood products",""
"Sonoco Metal Packaging UK Ltd","Surface treatment of metals and plastic materials","Pollutant releases (2024)
Waste transfers (2024)"
"Sound of Harris, Isle of Harris","Aquaculture","Pollutant releases (2024)"
"South Cava MCFF, Scapa Flow, Orkney","Aquaculture","Pollutant releases (2024)"
"South Drove Poultry Farm - EPR/JP3232YB/V002","Intensive livestock production","Pollutant releases (2024)
Waste transfers (2024)"
"South East London Combined Heat and Power (SELCHP)","Incineration of non-hazardous waste","Pollutant releases (2024)
Waste transfers (2024)"
"South Ferriby Cement Plant EPR/BL1029IP","Cement Clinker/Lime","Waste transfers (2022)"
"South Hook LNG Terminal_XP3538LD","Thermal power plants and combustion installations (50MW or greater)","Pollutant releases (2024)
Waste transfers (2024)"
"South Humber Bank Power Station - EPR/MP3235LY","Thermal power plants and combustion installations (50MW or greater)","Pollutant releases (2024)
Waste transfers (2024)"
"South Kirkby Plant","Disposal of non-hazardous waste","Waste transfers (2024)"
"South Kirkby WMF - EPR/VP3535CL","Disposal of non-hazardous waste","Waste transfers (2024)"
"South Marsh Road - EPR/BT4249IB","Incineration of non-hazardous waste","Waste transfers (2024)"
"South Mimms Composting Site - EPR/LP3734QT","Disposal of non-hazardous waste","Waste transfers (2024)"
"South Quay Coated Factory EPR/BT3552IW","Food and Beverage products","Waste transfers (2024)"
"South Sefton Recycling Park","Disposal of non-hazardous waste","Waste transfers (2024)"
"South Shields Waste Transfer And Recycling Centre","Disposal of non-hazardous waste","Waste transfers (2021)"
"South Sound MFF, Mangaster Voe","Aquaculture",""
"South West Metal Finishing - EPR/BP6332IX","Surface treatment of metals and plastic materials","Waste transfers (2024)"
"South West Wood Products Limited","Disposal of non-hazardous waste","Waste transfers (2024)"
"Southampton Assembly Plant","Surface treatment with organic solvents",""
"Southbrink Factory EPR/BT3714IY","Food and Beverage products","Waste transfers (2024)"
"Southerham Wharf - EPR/KP3594HB","Disposal of non-hazardous waste",""
"Southfield Farm EPR/AP3531FB","Intensive livestock production","Pollutant releases (2024)"
"Southgrove Farm - EPR/MP3830KJ","Intensive livestock production","Pollutant releases (2024)"
"Southport Waste Transfer Station & H W R C","Disposal of non-hazardous waste","Waste transfers (2024)"
"Southwark Integrated Waste Management Facility - EPR/PP3737GT","Disposal of non-hazardous waste","Pollutant transfers (2024)
Waste transfers (2024)"
"Southwold, Wilfred's Top, Elsham Manor 1 & 2 EPR/EP3733UM","Intensive livestock production","Pollutant releases (2024)"
"Sowerby H W R C","Disposal of non-hazardous waste",""
"Sowerby Woods Resource Park EPR/XP3839FJ","Disposal of non-hazardous waste","Waste transfers (2024)"
"Spa Common","Disposal of non-hazardous waste","Waste transfers (2024)"
"Space Waye Civic Amenity Site","Disposal of non-hazardous waste","Waste transfers (2024)"
"Spalding Pallets Ltd","Disposal of non-hazardous waste","Waste transfers (2024)"
"Spalding Power Station EPR/BK0701IW","Thermal power plants and combustion installations (50MW or greater)","Pollutant releases (2024)"
"Special Profiles - EPR/EP3106BP","Installations for the processing of ferrous metals","Waste transfers (2024)"
"Specialist Skip Hire Ltd","Disposal of non-hazardous waste","Waste transfers (2024)"
"Speciality Coatings Limited","Surface treatment with organic solvents",""
"Specialty Minerals Lifford - EPR/BJ9819IR","Cement Clinker/Lime","Waste transfers (2024)"
"Specialty Polymers & Resins - EPR/CP3335LZ","Basic Organic Chemicals","Waste transfers (2024)"
"Specialty Steel EPR/DP3737ZV","Disposal of non-hazardous waste","Waste transfers (2024)"
"Specified Land At St. Albans Road","Disposal of non-hazardous waste","Waste transfers (2024)"
"Spectrum Chemicals","Basic Organic Chemicals",""
"Speedlink Waste Services","Disposal of non-hazardous waste","Waste transfers (2016)"
"Speedy Skip Hire TS & ELV, Thurso, Caithness","Disposal of non-hazardous waste","Waste transfers (2024)"
"Spencer Street Surface Treatment Plant EPR/TP3432PX","Surface treatment of metals and plastic materials","Waste transfers (2024)"
"Spey Farm Pig Unit EPR/UP3934ZG","Intensive livestock production","Waste transfers (2024)"
"Spinnaker Park","Surface treatment of metals and plastic materials","Waste transfers (2022)"
"Spittlegate Level - EPR/KP3837WJ","Hazardous Waste","Waste transfers (2024)"
"Sports Car Breakers, Claylands, Newbridge","Disposal of non-hazardous waste","Waste transfers (2024)"
"Spotmix Liverpool Limited","Disposal of non-hazardous waste",""
"Springfield Farm Landfill EPR/WP3438KV","Landfills","Pollutant releases (2024)
Pollutant transfers (2024)
Waste transfers (2024)"
"Springfields EPR/NP3734SZ","Basic Inorganic Chemicals","Pollutant releases (2024)
Waste transfers (2024)"
"Springmead Works Scrapyard","Disposal of non-hazardous waste","Waste transfers (2019)"
"Springvale Street","Disposal of non-hazardous waste","Waste transfers (2019)"
"Springwell Lane Household Waste Recycling Centre","Disposal of non-hazardous waste","Waste transfers (2024)"
"Spry Mill EPR/QP3635SV","Food and Beverage products","Waste transfers (2024)"
"Squabb Wood Landfill Site EPR/CP3935PU","Landfills","Pollutant releases (2024)"
"St Albans Farm Recycling Facility ( Ron Smith)","Disposal of non-hazardous waste","Waste transfers (2024)"
"St Albans H W R C Sandridge Road St Albans Hertfordshire AL1 4AP","Disposal of non-hazardous waste","Waste transfers (2024)"
"St Albans Service Centre","Disposal of non-hazardous waste","Waste transfers (2024)"
"St Asaph EPR/BX4666IZ","Disposal of non-hazardous waste","Waste transfers (2024)"
"St Bernards Mill M R F","Disposal of non-hazardous waste","Waste transfers (2024)"
"St Erth Household Waste Recycling Centre","Disposal of non-hazardous waste","Waste transfers (2024)"
"St Helens Stw","Urban waste-water treatment","Pollutant releases (2024)
Waste transfers (2024)"
"St Helens WwTW EPR/HP3631LV","Disposal of non-hazardous waste","Waste transfers (2024)"
"St Johns Packaging (UK) Ltd","Surface treatment with organic solvents","Waste transfers (2024)"
"St Merryn Bodmin EPR/EP3632EK","Slaughterhouses","Waste transfers (2024)"
"St Neots Household Waste Recycling Centre","Disposal of non-hazardous waste","Waste transfers (2024)"
"St Neots Transfer & Recycling Fac","Disposal of non-hazardous waste","Waste transfers (2024)"
"St. George's Lane","Disposal of non-hazardous waste",""
"Staden Lane Industrial Estate","Non-ferrous metals","Waste transfers (2024)"
"Stafford H W R C St Albans Road Stafford Staffordshire ST16 3DR","Disposal of non-hazardous waste","Waste transfers (2021)"
"Stafford Waste Transfer Station","Disposal of non-hazardous waste","Waste transfers (2024)"
"Staffordshire Energy Recovery Facility EPR/HP3431HK","Incineration of non-hazardous waste","Pollutant releases (2024)
Waste transfers (2024)"
"Staffordshire Highways Depot Lichfield","Disposal of non-hazardous waste","Waste transfers (2024)"
"Stainland Board Mill","Pulp from timber or similar","Waste transfers (2024)"
"Stainless Melting and Continous Casting - EPR/BK6793IC","Pig iron or steel","Pollutant releases (2024)
Waste transfers (2024)"
"Stainless Plating Limited - EPR/BP6740IF","Surface treatment of metals and plastic materials","Pollutant transfers (2024)
Waste transfers (2024)"
"Stallingborough Titanium Dioxide Site EA/EPR/UP3537SJ/V003","Basic Inorganic Chemicals","Pollutant releases (2024)
Waste transfers (2024)"
"Stallingborough Titanium Dioxide Site EPR/FP3031HJ","Thermal power plants and combustion installations (50MW or greater)","Pollutant releases (2024)
Waste transfers (2024)"
"Stalybridge Organic Chemicals - EPR/BS3000ID","Basic Organic Chemicals","Waste transfers (2024)"
"Stalybridge Surface Active Agents","Basic Organic Chemicals","Waste transfers (2019)"
"Stancombe Quarry","Opencast mining and quarrying","Waste transfers (2019)"
"Standen Heath Landfill Site EPR/TP3838PS","Landfills","Pollutant releases (2024)"
"Standfast Printing & Dyeing - EPR/BR8344IW","Fibres or textiles - pre-treatment or dyeing","Pollutant transfers (2024)
Waste transfers (2024)"
"Standish Polymers - EPR/BU5461IA","Basic Organic Chemicals","Waste transfers (2024)"
"Stanfield Poultry Unit - EPR/JP3732YF","Intensive livestock production","Pollutant releases (2024)
Waste transfers (2024)"
"Stanlow Manufacturing Complex EPR/FP3139FN","Mineral oil and gas refineries","Pollutant releases (2024)
Pollutant transfers (2024)
Waste transfers (2024)"
"Stanlow Oil Terminal EPR/JP3031RC","Hazardous Waste","Waste transfers (2024)"
"Stanton St Quinton Household Recycling Centre","Disposal of non-hazardous waste","Waste transfers (2024)"
"Staple Quarry Landfill EPR/BW3125IA","Landfills","Pollutant releases (2024)
Waste transfers (2024)"
"Staplemead Creamery EPR/NP3839GZ","Milk - treatment and processing","Waste transfers (2024)"
"Star Works Landfill Site - EPR/CP3435PR","Landfills","Pollutant releases (2024)"
"Star Works Treatment Plant - EPR/YP3237SD","Hazardous Waste","Waste transfers (2024)"
"Starston Poultry Complex - (comprising Starston, MBEA and GGBT Poultry Units)","Intensive livestock production","Pollutant releases (2024)"
"Statham Tyres & Co ( U K) Ltd","Disposal of non-hazardous waste","Waste transfers (2024)"
"Station Farm Landfill Site Brampton Road Buckden Cambridgeshire PE19 5UH","Disposal of non-hazardous waste","Waste transfers (2024)"
"Station Lane Dairy EPR/KP3437PG","Milk - treatment and processing","Waste transfers (2024)"
"Station Rd, Cowie","Paper, board and other primary wood products","Pollutant releases (2024)
Waste transfers (2024)"
"Station Road Site - EPR/KP3132QV","Slaughterhouses","Waste transfers (2024)"
"Staveley Landfill Site EPR/BU2373IA","Landfills","Pollutant releases (2024)"
"Staythorpe C Power Station EPR/VP3538XX","Thermal power plants and combustion installations (50MW or greater)","Pollutant releases (2024)
Waste transfers (2024)"
"Stead of Aithsness MCFF, The Rona","Aquaculture","Pollutant releases (2024)"
"Steanbow Farm and Park Farm EPR/SP3837MD","Intensive livestock production","Waste transfers (2024)"
"Steinbeck Crescent EPR/FP3831TS","Food and Beverage products",""
"Stepend Poultry Farm, West Calder, W.Lothian","Poultry or pigs - intensive rearing (40,000 places for poultry)","Waste transfers (2024)"
"Stevenage Borough Council: Cavendish Road","Disposal of non-hazardous waste","Waste transfers (2024)"
"Stevenage Energy Centre EPR/YP3236SA","Thermal power plants and combustion installations (50MW or greater)","Waste transfers (2024)"
"Stevens Croft Power Station, Lockerbie","Incineration of non-hazardous waste","Pollutant releases (2024)
Waste transfers (2024)"
"Stevenson Road EPR/BM0150IC","Surface treatment of metals and plastic materials","Pollutant transfers (2024)
Waste transfers (2024)"
"Stevenson Road: Office Yard Site & Top Yard Site","Hazardous Waste","Waste transfers (2024)"
"Stewartby Landfill EPR/BV4576IK","Landfills","Pollutant releases (2024)"
"Stewartby Leachate Treatment Plant","Hazardous Waste","Pollutant transfers (2024)
Waste transfers (2024)"
"Stewartby Treatment Plant","Disposal of non-hazardous waste","Waste transfers (2021)"
"Stewartby Waste Management Facility EPR/QP3237SC","Hazardous Waste","Waste transfers (2024)"
"Stewarty Transfer Station & Civic Amenity","Disposal of non-hazardous waste","Waste transfers (2024)"
"Stickney Poultry Farm - EPR/ZP3232YW","Intensive livestock production","Pollutant releases (2024)
Waste transfers (2024)"
"Stilton House Piggery - EPR/AP3936MS","Intensive livestock production","Pollutant releases (2024)"
"Stockport Stw","Urban waste-water treatment","Pollutant releases (2024)
Waste transfers (2024)"
"Stockport WwTW EPR/SP3231LR","Disposal of non-hazardous waste","Waste transfers (2024)"
"Stocksbridge Works XP3338YU","Installations for the processing of ferrous metals","Waste transfers (2024)"
"Stoke Bardolph STW","Urban waste-water treatment","Pollutant releases (2024)"
"Stoke EFW EPR/HP3341QV","Incineration of non-hazardous waste","Pollutant releases (2024)
Waste transfers (2024)"
"Stoke Heath Farm Poultry Unit - EPR/LP3137MQ","Intensive livestock production",""
"Stoke On Trent C C - Cromer Road","Disposal of non-hazardous waste","Waste transfers (2024)"
"Stoke Waste Treatment & Transfer Facility EPR/LP3337ML","Hazardous Waste","Pollutant transfers (2024)
Waste transfers (2024)"
"Stokesley H W R C","Disposal of non-hazardous waste","Waste transfers (2024)"
"Stone End Farm Poultry Units, Churcham EPR/CP3239LR","Intensive livestock production","Pollutant releases (2024)"
"Stone H W R C Beacon Road Stone Business Park Stone Staffordshire ST15 0NN","Disposal of non-hazardous waste","Waste transfers (2021)"
"Stonegravels","Disposal of non-hazardous waste","Waste transfers (2024)"
"Stonehouse Battery Factory EPR/SP3731SC","Basic Inorganic Chemicals","Waste transfers (2018)"
"Stoneyard","Disposal of non-hazardous waste","Waste transfers (2024)"
"Stoneybridge Park EPR/YP3934SM","Hazardous Waste","Waste transfers (2024)"
"Stoneyhill Environ Pk, Peterhead, Aberdeen","Landfills","Pollutant releases (2024)
Waste transfers (2024)"
"Storage Land","Disposal of non-hazardous waste","Waste transfers (2020)"
"Stourbridge Household Waste Recycling Centre","Disposal of non-hazardous waste","Waste transfers (2024)"
"Stourport Oil Treatment Plant - EPR/GP3030EA","Hazardous Waste","Waste transfers (2024)"
"Stourton Dairy EPR/BU0591IA","Milk - treatment and processing","Pollutant transfers (2024)
Waste transfers (2024)"
"Stowfield Quarry","Opencast mining and quarrying","Waste transfers (2020)"
"Stowgate Poultry Farm - EPR/ZP3332YR","Intensive livestock production",""
"Stowmarket Household Waste Recycling Centre","Disposal of non-hazardous waste","Waste transfers (2024)"
"Stowmarket Molybdic Plant EPR/BL1240IC","Non-ferrous metals","Pollutant releases (2024)
Waste transfers (2024)"
"Stowmarket Resins Plant EPR/BR9758IF","Basic Organic Chemicals","Waste transfers (2024)"
"Straid Farm Landfill Site, Lendalfoot, Girvan","Landfills","Pollutant releases (2024)"
"Strawberry Farm: Normandy: Gu3","Disposal of non-hazardous waste","Waste transfers (2024)"
"Street Household Waste Recycling Centre","Disposal of non-hazardous waste","Waste transfers (2024)"
"Stressholme STW","Urban waste-water treatment","Pollutant releases (2024)"
"Stretford W W T W","Disposal of non-hazardous waste","Waste transfers (2024)"
"Strongford Sewage Treatment Works","Urban waste-water treatment","Pollutant releases (2024)"
"Stubbins Mill - EPR/LP3636WW","Paper, board and other primary wood products","Waste transfers (2024)"
"Stubbs Mead Depot","Disposal of non-hazardous waste","Waste transfers (2019)"
"Stud Poultry Farm","Poultry or pigs - intensive rearing (40,000 places for poultry)",""
"Studd Hill H W R C Westbrook Lane Studd Hill Herne Bay Kent CT6 8DD","Disposal of non-hazardous waste","Waste transfers (2024)"
"Studley Grange Landfill EPR/FP3435PJ","Landfills","Pollutant releases (2024)"
"Stulaigh Fish Farm, Lochboisdale, South Uist","Aquaculture","Pollutant releases (2024)"
"Stygate Farm Pig Unit - EPR/CP3031MP","Intensive livestock production","Pollutant releases (2024)
Waste transfers (2024)"
"Styring House Poultry Farm","Intensive livestock production","Pollutant releases (2019)"
"Sudmeadow Household Waste Site","Disposal of non-hazardous waste","Waste transfers (2024)"
"Sullom Voe Terminal, Refinery","Mineral oil and gas refineries","Pollutant releases (2024)
Waste transfers (2024)"
"Sullom Voe Terminal, Shetland","Thermal power plants and combustion installations (50MW or greater)","Pollutant releases (2024)
Waste transfers (2024)"
"Sulphonation Plant Port Sunlight EPR/NP3532UG","Basic Organic Chemicals","Waste transfers (2024)"
"Summerslade Distribution Site","Disposal of non-hazardous waste",""
"Summerston Landfill Site, Balmore Road","Landfills","Pollutant releases (2024)
Waste transfers (2024)"
"Sunderland Recycling Centre","Disposal of non-hazardous waste","Waste transfers (2022)"
"Sunhill Pigs - EPR/JP3037MR","Intensive livestock production",""
"Sunny Farm Poultry Unit - EPR/AP3437MA","Intensive livestock production","Pollutant releases (2024)"
"Sunnyside","Disposal of non-hazardous waste","Waste transfers (2024)"
"Sunnyside Poultry Farm - EA/EPR/GP3136TQ","Intensive livestock production",""
"Superglass Insulations Ltd, Stirling","Glass manufacture (including glass fibre)","Pollutant releases (2024)
Pollutant transfers (2024)
Waste transfers (2024)"
"Supply Chain Solutions","Preservation of wood",""
"Surcotech Newent - EPR/BV1305IV","Basic Organic Chemicals","Waste transfers (2024)"
"Sussex Handmade Bricks","Ceramic products manufacture",""
"Sussex Waste Management Ltd Transfer Station","Disposal of non-hazardous waste","Waste transfers (2024)"
"Sutterby Road EPR/BT4168IQ","Intensive livestock production","Pollutant releases (2024)"
"Sutton Barton Landfill & Civic Amenity Site","Disposal of non-hazardous waste","Waste transfers (2024)"
"Sutton Bridge Power Station EPR/FP3835LS","Thermal power plants and combustion installations (50MW or greater)","Pollutant releases (2024)
Waste transfers (2024)"
"Sutton Courtenay Composting Facility - EPR/MP3232WS","Disposal of non-hazardous waste","Waste transfers (2024)"
"Sutton Courtenay Materials Recycling Facility - EPR/NP3890VV","Disposal of non-hazardous waste","Waste transfers (2024)"
"Sutton Fields Household Waste Recycling Centre","Disposal of non-hazardous waste","Waste transfers (2024)"
"Sutton St Edmunds Poultry Farm - EPR/CP3632YS","Intensive livestock production","Waste transfers (2024)"
"Swale Pharmaceuticals EPR/LP3637VA","Basic pharmaceutical products","Waste transfers (2024)"
"Swalesmoor Farm","Disposal of non-hazardous waste","Waste transfers (2019)"
"Swalesmoor Farm EPR/HP3035EU","Animal carcasses and waste","Waste transfers (2024)"
"Swallowfield Chemical Plant - EPR/FP3300BW","Basic Organic Chemicals","Waste transfers (2024)"
"Swancote Farm EPR/XP3633RA","Disposal of non-hazardous waste","Waste transfers (2024)"
"Swang Farm Anaerobic Digestion Facility - EPR/EP3398VZ","Animal carcasses and waste","Waste transfers (2024)"
"Sweeep Kuusakoski Ltd - EPR/GP3498HL","Hazardous Waste","Waste transfers (2024)"
"Swindon Road Recycling Centre","Disposal of non-hazardous waste","Waste transfers (2024)"
"Swindon S T W","Disposal of non-hazardous waste",""
"Swinton Speciality Chemicals Plant - EPR/BU1580IV.","Basic Inorganic Chemicals","Waste transfers (2024)"
"Sydenham Road","Disposal of non-hazardous waste","Waste transfers (2020)"
"Syngenta, Grangemouth Man Centre, Grangemouth","Basic plant health products and of biocides","Pollutant releases (2024)
Waste transfers (2024)"
"Syston Transfer Station","Disposal of non-hazardous waste","Waste transfers (2024)"
"T B D Morris Waste Recycling Facility","Disposal of non-hazardous waste",""
"T G Howells & Sons Ltd","Preservation of wood",""
"T J Cottis Transport","Disposal of non-hazardous waste","Waste transfers (2024)"
"T Muir (Haulage), Smeaton Road TS, Kirkcaldy","Disposal of non-hazardous waste","Waste transfers (2024)"
"T R S Tyres Ltd","Disposal of non-hazardous waste","Waste transfers (2024)"
"T R Smith & Sons","Disposal of non-hazardous waste","Waste transfers (2024)"
"T S Lee & Son Ltd","Disposal of non-hazardous waste","Waste transfers (2024)"
"T. D. And A. M. Bugg Ltd","Disposal of non-hazardous waste","Waste transfers (2024)"
"T/a Hartelys Recycling","Disposal of non-hazardous waste","Waste transfers (2024)"
"T/a The Orange Skip Company (licence Holder Peter Davison)","Disposal of non-hazardous waste","Waste transfers (2019)"
"TARMAC TRADING LIMITED, Cornelly Quarry","Opencast mining and quarrying",""
"TARMAC TRADING LIMITED, Dolyhir and Strinds Quarries & Asphalt","Opencast mining and quarrying",""
"TARMAC TRADING LIMITED, Gore Quarry","Opencast mining and quarrying",""
"TARMAC TRADING LIMITED, Hendre Quarry","Opencast mining and quarrying",""
"TARMAC TRADING LIMITED, Torcoed Quarry & Asphalt","Opencast mining and quarrying",""
"TARMAC TRADING Limited","Opencast mining and quarrying",""
"TCL Packaging Limited","Surface treatment with organic solvents","Waste transfers (2024)"
"TSUK, Morfa Hazardous Landfill_BW2692IM","Landfills",""
"TWMA - Dales Ind Est, Peterhead","Hazardous Waste","Pollutant transfers (2024)
Waste transfers (2024)"
"TWMA - Vatster, Gott, Shetland","Hazardous Waste","Waste transfers (2024)"
"Tabhaigh MCFF, Loch Erisort, Isle of Lewis","Aquaculture","Pollutant releases (2024)"
"Tadcaster Brewery EPR/AP3035KM","Disposal of non-hazardous waste","Waste transfers (2024)"
"Tadcaster H W R C","Disposal of non-hazardous waste","Waste transfers (2024)"
"Tafarnaubach Waste Facility EPR/GP3337KD","Hazardous Waste",""
"Tagon Harbour & Tamarisk Farm EPR/CP3639UC","Intensive livestock production","Pollutant releases (2024)"
"Taing of Railsborough MFF","Aquaculture","Pollutant releases (2019)"
"Tamworth Waste Disposal Ltd","Disposal of non-hazardous waste","Waste transfers (2024)"
"Tancred Waste Management Facility","Disposal of non-hazardous waste","Waste transfers (2024)"
"Tangmere Airfields","Disposal of non-hazardous waste",""
"Tanhouse Farm M R F","Disposal of non-hazardous waste","Waste transfers (2024)"
"Tank Industrial Maintenance Ltd","Food and beverage products from vegetable raw materials",""
"Tann UK Limited","Surface treatment with organic solvents",""
"Taranaish Fish Farm, Breasclete Pier, Breascl","Aquaculture","Pollutant releases (2024)"
"Tarkett Ltd","Surface treatment with organic solvents",""
"Tarmac Ltd, Dunbar Plant, E.Lothian","Cement Clinker production - rotary kilns","Pollutant releases (2024)
Waste transfers (2024)"
"Tarmac Trading, Port Talbot Steel Works_BL5636IF","Disposal of non-hazardous waste",""
"Tata Steel Colors, Consumer Products","Surface treatment with organic solvents",""
"Tata Steel, Trostre Tin","Smelting of non-ferrous metals",""
"Tatchells Landfill Site","Landfills","Pollutant transfers (2020)
Waste transfers (2020)"
"Taw Valley Creamery EPR/NP3638NN","Milk - treatment and processing","Waste transfers (2024)"
"Taylormade Timber Products Ltd","Preservation of wood",""
"Taylors Industrial Services, Hareness Circle","Hazardous Waste","Waste transfers (2024)"
"Taylors Lane Power Station EPR/EP3333RW","Thermal power plants and combustion installations (50MW or greater)","Waste transfers (2024)"
"Taylors Lane Transfer Station","Disposal of non-hazardous waste","Waste transfers (2024)"
"Tealing Poultry Farm,Tealing Airfield,Dundee","Poultry or pigs - intensive rearing (40,000 places for poultry)","Waste transfers (2024)"
"Tees Valley Renewable Energy Facility EPR/PP3037JJ","Incineration of non-hazardous waste","Waste transfers (2024)"
"Teeside Integrated Iron & Steelworks EPR/JP3638HM","Pig iron or steel","Pollutant releases (2019)
Waste transfers (2019)"
"Teesside Beam Mill - EPR/VP3606BL","Installations for the processing of ferrous metals","Pollutant releases (2024)
Waste transfers (2024)"
"Teesside Cavity Storage EPR/HP3230LX","Mineral oil and gas refineries","Waste transfers (2024)"
"Teesside Crude Oil Stabilisation Terminal - EPR/NP3033LN","Mineral oil and gas refineries","Pollutant releases (2024)
Pollutant transfers (2024)
Waste transfers (2024)"
"Teesside EfW Plant EPR/VP3034SG","Incineration of non-hazardous waste","Pollutant releases (2024)
Waste transfers (2024)"
"Teesside Gas Processing Plant","Mineral oil and gas refineries","Waste transfers (2024)"
"Teesside Polyethylene Plant EPR/TP3139UR","Basic Organic Chemicals","Pollutant releases (2024)
Waste transfers (2024)"
"Teesside Recycling Facility","Disposal of non-hazardous waste","Waste transfers (2024)"
"Teisti Geo MFF, Clift Sound","Aquaculture",""
"Telford Yarns EPR/DP3436FC","Fibres or textiles - pre-treatment or dyeing","Waste transfers (2018)"
"Templeborough Works EPR/XP3232WZ","Disposal of non-hazardous waste","Waste transfers (2024)"
"Tempsford Composting Facility EPR/BB3432AW","Disposal of non-hazardous waste","Waste transfers (2020)"
"Tenax Road, Trafford Park EPR/ZP3639WZ","Disposal of non-hazardous waste","Waste transfers (2024)"
"Tendley Quarry","Opencast mining and quarrying","Waste transfers (2020)"
"Teward Recycling Ltd","Disposal of non-hazardous waste","Waste transfers (2024)"
"Tewkesbury Road EPR/TP3837PP","Surface treatment of metals and plastic materials","Waste transfers (2024)"
"Thames Enterprise Park - EPR/JP3734JP","Mineral oil and gas refineries","Waste transfers (2024)"
"Thames Refinery EPR/MP3530HZ","Food and Beverage products","Waste transfers (2024)"
"Thames Road Depot","Disposal of non-hazardous waste","Waste transfers (2019)"
"Thames Wharf EPR/MB3437RG","Hazardous Waste","Waste transfers (2021)"
"The Aircraft Factory in Hamble - EPR/NP3209BW","Surface treatment of metals and plastic materials","Waste transfers (2024)"
"The BOC Group Ltd, Newport Steam Reforming Plant EPR/VP3736EF","Simple hydrocarbons","Waste transfers (2024)"
"The Biogas Facility","Disposal of non-hazardous waste","Waste transfers (2024)"
"The Creamery, Aber-arad_WP3231NB","Milk - treatment and processing",""
"The Creamery, Commerce Rd, Stranraer, Wigtown","Milk - treatment and processing","Pollutant releases (2024)
Waste transfers (2024)"
"The Eagle Brewery - EPR/EP3831YX","Food and Beverage products","Waste transfers (2024)"
"The Farthings - EPR/CP3032QX","Intensive livestock production","Waste transfers (2024)"
"The Foundry","Ferrous metal foundry",""
"The Gaer Poultry Unit EPR/VP3536VP","Poultry or pigs - intensive rearing (40,000 places for poultry)",""
"The Grange Poultry Unit - EPR/NP3837ME","Intensive livestock production","Pollutant releases (2024)"
"The Harlow Polymer Factory EPR/ZP3532SW","Basic Organic Chemicals","Waste transfers (2024)"
"The Lycra Company UK Ltd","Phosphorus-containing hydrocarbons","Pollutant releases (2024)
Waste transfers (2024)"
"The Maltings","Disposal of non-hazardous waste",""
"The Maltings Organic Treatment Facility EPR/FP3090SZ","Disposal of non-hazardous waste","Waste transfers (2024)"
"The Materials Recycling Facility","Disposal of non-hazardous waste","Waste transfers (2024)"
"The Moredun Foundation, Penicuik","Hazardous Waste","Waste transfers (2024)"
"The Mound","Disposal of non-hazardous waste","Waste transfers (2024)"
"The New Depot EPR/AP3095EM","Hazardous Waste","Waste transfers (2024)"
"The Oaklands EPR/TP3037MU","Intensive livestock production","Pollutant releases (2024)"
"The Old Mill","Disposal of non-hazardous waste","Waste transfers (2024)"
"The Old Timber Yard","Disposal of non-hazardous waste","Waste transfers (2024)"
"The Orchard EPR/MP3738ZL","Food and Beverage products","Waste transfers (2024)"
"The Poultry Farm - EPR/VP3532TN","Intensive livestock production","Pollutant releases (2024)"
"The Roading TS/CASite, Campeltown, Argyll","Disposal of non-hazardous waste","Waste transfers (2024)"
"The Royal Forest of Dean Brickworks","Ceramic products manufacture",""
"The Royal Mint EPR/KP3135KV","Surface treatment of metals and plastic materials","Waste transfers (2024)"
"The Science Park EPR/BS3859IF","Basic Organic Chemicals",""
"The Sidings","Disposal of non-hazardous waste","Waste transfers (2024)"
"The Spinney Recycling Centre ( West)","Disposal of non-hazardous waste","Waste transfers (2020)"
"The Willows Materials Recycling Facility","Disposal of non-hazardous waste","Waste transfers (2024)"
"The Willows Pig Unit - EPR/TP3737MR","Intensive livestock production","Pollutant releases (2024)"
"The Windmill Site","Disposal of non-hazardous waste",""
"The Works - South Strand","Disposal of non-hazardous waste","Waste transfers (2020)"
"The Yard Winterstoke Road Weston Super Mare Somerset BS23 3YE","Disposal of non-hazardous waste","Waste transfers (2024)"
"Theddlethorpe Gas Terminal","Thermal power plants and combustion installations (50MW or greater)","Waste transfers (2021)"
"Thermal Renewables UK Ltd","Incineration of non-hazardous waste",""
"Thermoset Resins EPR/XP3635ET","Basic Organic Chemicals","Pollutant transfers (2024)
Waste transfers (2024)"
"Thetford Ash Processing Plant EPR/KP3536XE","Hazardous Waste",""
"Thetford H W R C","Disposal of non-hazardous waste","Waste transfers (2024)"
"Thetford Hypochlorite Plant EPR/WP3404PH","Basic Organic Chemicals",""
"Thetford Power Station - EPR/PP3235LP","Thermal power plants and combustion installations (50MW or greater)","Pollutant releases (2024)
Waste transfers (2024)"
"Thetford Sludge Treatment Centre","Disposal of non-hazardous waste","Waste transfers (2024)"
"Think 3e","Disposal of non-hazardous waste","Waste transfers (2024)"
"Thixendale Road Mill - EPR/FP3038SQ","Food and Beverage products",""
"Thomas ( Haulage ) Ltd","Disposal of non-hazardous waste","Waste transfers (2024)"
"Thomas Dudley Foundry Ltd.","Ferrous metal foundry","Waste transfers (2024)"
"Thomas Swan & Co Limited EPR/BT0561IZ","Basic Organic Chemicals","Pollutant transfers (2024)
Waste transfers (2024)"
"Thornbrough Quarry","Disposal of non-hazardous waste","Waste transfers (2020)"
"Thornbury Household Waste Recycling Facility","Disposal of non-hazardous waste","Waste transfers (2024)"
"Thornhaugh Landfill Site - EPR/RP3133PP","Landfills","Pollutant releases (2024)
Waste transfers (2024)"
"Thornhill Integrated Waste Management Facility","Disposal of non-hazardous waste","Waste transfers (2024)"
"Thornhill Power Station - EPR/RP3607SA","Thermal power plants and combustion installations (50MW or greater)",""
"Thornley Transfer Station","Disposal of non-hazardous waste","Waste transfers (2024)"
"Thornton Waste Treatment Facility -EPR/EP3396SX","Disposal of non-hazardous waste","Waste transfers (2024)"
"Thorpe Marsh Oil Management Unit EPR/HP3038MR","Hazardous Waste","Waste transfers (2024)"
"Threappleton Farm Pig Unit - EPR/LP3437MU","Intensive livestock production","Pollutant releases (2024)"
"Tibshelf Plating Works – Wanzl Ltd EPR/HP3244QD","Surface treatment of metals and plastic materials","Waste transfers (2024)"
"Tidysite Skip Services Ltd","Disposal of non-hazardous waste",""
"Tilbury Flour Mill - EPR/UP3806LV","Food and Beverage products","Waste transfers (2024)"
"Tilbury IBA Facility - EPR/CP3732WS","Disposal of non-hazardous waste","Waste transfers (2024)"
"Tilbury Metals Ltd","Disposal of non-hazardous waste","Waste transfers (2024)"
"Tilbury New Site","Disposal of non-hazardous waste","Waste transfers (2024)"
"Tilbury Sludge Treatment Centre","Disposal of non-hazardous waste",""
"Tilmanstone Works","Disposal of non-hazardous waste","Waste transfers (2019)"
"Timberpak","Disposal of non-hazardous waste",""
"Timberpak Limited","Disposal of non-hazardous waste","Waste transfers (2024)"
"Timberpak Limited, Bellshill","Disposal of non-hazardous waste","Waste transfers (2024)"
"Timet, Waunarlwydd_BX9846ID","Non-ferrous metals","Waste transfers (2024)"
"Tinsley Park Road Facility","Disposal of non-hazardous waste","Waste transfers (2024)"
"Tinsley Park Works EPR/DP3337ZK","Disposal of non-hazardous waste","Waste transfers (2024)"
"Tipner W T S","Disposal of non-hazardous waste","Waste transfers (2024)"
"Tir John Landfill EPR/VP3935AT","Landfills","Pollutant releases (2024)
Waste transfers (2024)"
"Tiscott Wood Civic Amenity Site","Disposal of non-hazardous waste","Waste transfers (2024)"
"Tivac Alloys - Oakes Green","Production of non-ferrous crude metal ore","Waste transfers (2024)"
"Tiverton Textile Manufacturer - EPR/BM2772IK","Fibres or textiles - pre-treatment or dyeing","Waste transfers (2024)"
"Tobys Hill Poultry Farm - EPR/HP3404SJ","Intensive livestock production","Pollutant releases (2022)"
"Tockwith Recycling Centre","Disposal of non-hazardous waste","Waste transfers (2024)"
"Toddington Treatment Centre - EPR/GP3635JY","Disposal of non-hazardous waste",""
"Todds Highway Maintenance Limited","Disposal of non-hazardous waste","Waste transfers (2024)"
"Todhills Composting Site, Dalkeith","Disposal of non-hazardous waste","Waste transfers (2024)"
"Tom Martin & Co Ltd","Disposal of non-hazardous waste","Waste transfers (2024)"
"Tom White Waste Stonebrook Way Transfer Station S","Disposal of non-hazardous waste","Waste transfers (2024)"
"Tonbridge W T W","Disposal of non-hazardous waste","Waste transfers (2024)"
"Toone Skip Company","Disposal of non-hazardous waste","Waste transfers (2024)"
"Torbay Transfer Station Tor Park Road Yalberton Ind. Estate Paignton Devon TQ4 7QU","Disposal of non-hazardous waste","Waste transfers (2022)"
"Torness Power Station, Dunbar","Thermal power plants and combustion installations (50MW or greater)","Waste transfers (2024)"
"Torr Quarryt Transfer Station","Disposal of non-hazardous waste","Waste transfers (2022)"
"Total Waste Basildon","Disposal of non-hazardous waste","Waste transfers (2024)"
"Toton Sidings","Disposal of non-hazardous waste","Waste transfers (2021)"
"Totternhoe Metal Recycling Limited","Disposal of non-hazardous waste","Waste transfers (2024)"
"Toulouse Plant Hire Ltd","Disposal of non-hazardous waste","Waste transfers (2024)"
"Tout Quarry","Disposal of non-hazardous waste",""
"Towens of Weston Ltd","Hazardous Waste","Waste transfers (2024)"
"Town Farm & Cranley Hall Farm - EPR/UP3538US","Intensive livestock production","Pollutant releases (2024)"
"Towthorpe Household Amenity Site","Disposal of non-hazardous waste","Waste transfers (2024)"
"Tradebe Gwent Ltd., Bridgend Waste Management Centre","Disposal of non-hazardous waste","Waste transfers (2024)"
"Tradebe Healthcare ( South West ) Ltd","Hazardous Waste","Waste transfers (2019)"
"Tradebe Solvent Recycling Ltd, Morecambe - EPR/BL7302ID","Hazardous Waste","Waste transfers (2024)"
"Trafalgar Farm EPR/DP3033UZ","Intensive livestock production","Waste transfers (2024)"
"Trafford Park EPR/KP3433GN","Paper, board and other primary wood products","Pollutant transfers (2024)
Waste transfers (2024)"
"Trafford Park Service Centre","Disposal of non-hazardous waste",""
"Trafford Park Waste Treatment Centre EPR/WP3331SK","Hazardous Waste","Waste transfers (2024)"
"Trafford Park Wheat Milling Plant - EPR/BM0117IJ","Food and Beverage products","Pollutant transfers (2024)
Waste transfers (2024)"
"Trafford Park, Organic Chemicals - EPR/KP3930QM","Basic Organic Chemicals","Waste transfers (2024)"
"Trafford Road In Vessel Composting EPR/CP3697EJ","Disposal of non-hazardous waste","Waste transfers (2024)"
"Tranmere Farm EPR/VP3036CR","Intensive livestock production","Pollutant releases (2024)"
"Transcontinental AC UK Ltd","Surface treatment with organic solvents","Pollutant releases (2024)
Waste transfers (2024)"
"Transfer Station - Hill Farm Estate","Disposal of non-hazardous waste","Waste transfers (2020)"
"Transfer Station, 1 McKean Street, Paisley","Disposal of non-hazardous waste","Waste transfers (2024)"
"Transfer Station, Newton Rd Ind Est, Dumfries","Disposal of non-hazardous waste","Waste transfers (2024)"
"Transfer Station: Recycling Centre & Civic Amenity Site","Disposal of non-hazardous waste","Waste transfers (2024)"
"Transition International Limited","Smelting of non-ferrous metals","Waste transfers (2024)"
"Trecatti Landfill Site EPR/RP3733PC","Landfills","Pollutant releases (2024)
Waste transfers (2024)"
"Treetops Farm Poultry Unit - EPR/JP3437ML","Intensive livestock production",""
"Treforest Textile Printers EPR/BS2330IM","Fibres or textiles - pre-treatment or dyeing",""
"Tregare Turkeys Limited, Llwyn-Y-Gaer Poultry Farm","Poultry or pigs - intensive rearing (40,000 places for poultry)",""
"Tregongeeves Waste Transfer Station","Disposal of non-hazardous waste","Waste transfers (2022)"
"Trelleborg Nottingham Limited","Surface treatment with organic solvents","Waste transfers (2024)"
"Treuddyn Poultry Farm Hook 2 Sisters Limited","Poultry or pigs - intensive rearing (40,000 places for poultry)",""
"Trigon Hill Landfill Site EPR/BX4054ID","Landfills","Pollutant releases (2024)
Waste transfers (2024)"
"Trinity Street Materials Recycling Facility","Disposal of non-hazardous waste","Waste transfers (2024)"
"Triple R Solutions Ltd","Hazardous Waste","Waste transfers (2021)"
"Tripplinghows Farm Poultry Unit - EPR/RP3436UW","Intensive livestock production",""
"Trivium Packaging - Norwich Plant","Surface treatment with organic solvents",""
"Trostre Boiler House EPR/JP3439SZ","Surface treatment of metals and plastic materials","Pollutant releases (2016)"
"Trostre Works_BX9471IU","Surface treatment of metals and plastic materials","Waste transfers (2024)"
"Trostrey Court, D Morgan And Co","Poultry or pigs - intensive rearing (40,000 places for poultry)",""
"Trowbridge H W R C","Disposal of non-hazardous waste","Waste transfers (2024)"
"Trowbridge S T W","Disposal of non-hazardous waste",""
"Truck Tyre Remanufacturing Plant","Disposal of non-hazardous waste","Waste transfers (2024)"
"Tucks Mill, Burston EPR/VP3939SF","Food and Beverage products","Waste transfers (2024)"
"Tudhoe Household Waste Recycling Centre","Disposal of non-hazardous waste","Waste transfers (2024)"
"Tulip Foods Ltd","Food and Beverage products","Waste transfers (2022)"
"Tulip Fresh Meats Dukinfield","Slaughterhouses","Waste transfers (2021)"
"Tunbridge Wells Food Factory EPR/FP3634HV","Food and Beverage products","Pollutant releases (2019)
Waste transfers (2019)"
"Tunnel Wharf","Disposal of non-hazardous waste",""
"Tunstead Cement and Lime Works - EPR/XP3532DP","Cement Clinker/Lime","Pollutant releases (2024)
Waste transfers (2024)"
"Tutbury Site - EPR/BJ9576IZ","Thermal power plants and combustion installations (50MW or greater)","Pollutant releases (2024)
Waste transfers (2024)"
"Tweed Valley Maltings EPR/GP3932PL","Food and Beverage products","Waste transfers (2024)"
"Tweedale North Recycling Centre","Hazardous Waste","Waste transfers (2024)"
"Twinwoods Anaerobic Digestion Plant - EPR/KP3496NT","Animal carcasses and waste","Waste transfers (2024)"
"Twinwoods Co-incinerator - EPR/SP3638KV","Hazardous Waste","Waste transfers (2024)"
"Twinwoods Pig Unit EPR/NP3432SL","Intensive livestock production","Pollutant releases (2024)"
"Ty Brith EPR/QP3139UV","Poultry or pigs - intensive rearing (40,000 places for poultry)",""
"Tyne Terminal - EPR/CP3897ZQ","Hazardous Waste","Waste transfers (2024)"
"Tyre Recycling Centre","Disposal of non-hazardous waste","Waste transfers (2024)"
"Tyseley Energy from Waste Plant EPR/WP3239SJ","Incineration of non-hazardous waste","Pollutant releases (2024)
Waste transfers (2024)"
"UCP, Bridge of Allan, Stirling","Surface treatment with organic solvents","Waste transfers (2024)"
"UK Waste Mgmt Ltd, Wellbank Quarry LF, Dundee","Landfills","Pollutant releases (2024)
Waste transfers (2024)"
"Uckerby Mill Poultry Farm - EPR/GP3430UA","Intensive livestock production","Waste transfers (2024)"
"Ufton Farm Landfill Site EPR/NP3435PX","Landfills","Pollutant releases (2024)"
"Ufton Waste Treatment Facility - EPR/UP3598EV","Disposal of non-hazardous waste","Waste transfers (2024)"
"Ugley Landfill","Landfills","Pollutant releases (2024)
Waste transfers (2024)"
"Uiskevagh MFF","Aquaculture","Pollutant releases (2019)"
"Ulster Carpets Mills Ltd","Fibres or textiles - pre-treatment or dyeing","Waste transfers (2024)"
"Ulverston Pharmaceutical Site EPR/BM4350ID","Basic pharmaceutical products","Waste transfers (2024)"
"Union Papertech Ltd","Paper, board and other primary wood products","Waste transfers (2021)"
"Uniroyal Global Limited","Surface treatment with organic solvents",""
"Unit","Hazardous Waste","Waste transfers (2024)"
"Unit 1 & 2 Crucible Business Park","Disposal of non-hazardous waste","Waste transfers (2016)"
"Unit 1 Westline Ind Est","Disposal of non-hazardous waste","Waste transfers (2018)"
"Unit 100","Disposal of non-hazardous waste","Waste transfers (2018)"
"Unit 15","Disposal of non-hazardous waste","Waste transfers (2024)"
"Unit 15: The Yard","Disposal of non-hazardous waste","Waste transfers (2021)"
"Unit 16 Harmill Industrial Estate","Hazardous Waste","Waste transfers (2024)"
"Unit 19","Disposal of non-hazardous waste",""
"Unit 19 Brambleside","Disposal of non-hazardous waste","Waste transfers (2019)"
"Unit 1: Stockholm Road","Disposal of non-hazardous waste","Waste transfers (2020)"
"Unit 2 Hannah Close EPR/PP3496EU","Disposal of non-hazardous waste","Waste transfers (2024)"
"Unit 2 Shawbury Industrial Estate","Disposal of non-hazardous waste","Waste transfers (2024)"
"Unit 20, Haydock Lane EPR/EP3835PU","Hazardous Waste","Waste transfers (2024)"
"Unit 3 Cradle Hill Ind Est Seaford East Sussex BN25 3JE","Disposal of non-hazardous waste","Waste transfers (2024)"
"Unit 40 Foster Street Ind Est","Disposal of non-hazardous waste","Waste transfers (2024)"
"Unit 4: Apex Business Park","Disposal of non-hazardous waste","Waste transfers (2024)"
"Unit 5 Crossgate Road","Disposal of non-hazardous waste","Waste transfers (2018)"
"Unit 5 Falcon Place","Disposal of non-hazardous waste","Waste transfers (2024)"
"Unit 5 Sandgate Ind Est","Disposal of non-hazardous waste","Waste transfers (2024)"
"Unit 6 Detling Aerodrome","Disposal of non-hazardous waste","Waste transfers (2024)"
"Unit 6 Dunkirk Industrial Estate","Disposal of non-hazardous waste",""
"Unit 6 Harvey Road","Disposal of non-hazardous waste","Waste transfers (2024)"
"Unit 6, 7a Newfield Industrial Estate EPR/FP3034PC","Surface treatment of metals and plastic materials","Waste transfers (2024)"
"Unit 60 Anne Road: Smethwick","Disposal of non-hazardous waste","Waste transfers (2020)"
"Unit 6a & 6b Junction 34 Ind Est","Disposal of non-hazardous waste","Waste transfers (2016)"
"Unit 7: Hobbs Barn","Disposal of non-hazardous waste","Waste transfers (2024)"
"Unit 9-10 Hill Barton Business Park","Disposal of non-hazardous waste","Waste transfers (2024)"
"Unit N","Disposal of non-hazardous waste","Waste transfers (2024)"
"United Biscuits. Waxlow Road EPR/TP3336SE","Food and Beverage products","Waste transfers (2024)"
"United Junk","Disposal of non-hazardous waste","Waste transfers (2024)"
"United Mines Civic Amenity Site","Disposal of non-hazardous waste","Waste transfers (2024)"
"United Utilites Ltd","Disposal of non-hazardous waste","Waste transfers (2024)"
"United Yard","Disposal of non-hazardous waste","Waste transfers (2024)"
"Units 1 & 2","Disposal of non-hazardous waste","Waste transfers (2018)"
"Units 17 18 And 19 Martins Yard","Disposal of non-hazardous waste","Waste transfers (2024)"
"Units 3-5","Disposal of non-hazardous waste","Waste transfers (2020)"
"Units 3: 4 & 5 Stubb Industrial Estate","Disposal of non-hazardous waste","Waste transfers (2024)"
"Units 5a & 5b","Disposal of non-hazardous waste","Waste transfers (2018)"
"Units A: B & C Estuary Park","Disposal of non-hazardous waste",""
"Units A: B & C Estuary Park","Disposal of non-hazardous waste","Waste transfers (2024)"
"Units D & E Pegham Industrial Estate","Disposal of non-hazardous waste","Waste transfers (2024)"
"Unity Mine Limited, Unity Mine","Opencast mining and quarrying",""
"Universal Recycling Company Wharf Road Kilnhurst Mexborough South Yorkshire S64 5SY","Disposal of non-hazardous waste","Waste transfers (2024)"
"Universal Tanker Solutions Limited","Disposal of non-hazardous waste","Waste transfers (2024)"
"Uphouse Farm - EPR/CP3930UP","Intensive livestock production","Pollutant releases (2024)
Waste transfers (2024)"
"Upper Esgair Farm Poultry Unit EPR/AP3733WS","Poultry or pigs - intensive rearing (40,000 places for poultry)","Pollutant releases (2024)"
"Upper House Poultry Farm EPR/TP3536MZ","Intensive livestock production","Pollutant releases (2024)"
"Upper Medhurst Green Farm - EPR/AP3233UN","Intensive livestock production","Pollutant releases (2024)"
"Upper Poultry Farm EPR/QP3230UP","Intensive livestock production","Pollutant releases (2020)"
"Upper and Lower Pig Units at Crockway Farm","Intensive livestock production","Pollutant releases (2024)"
"Upton South EA/EPR/BP3130KY/V002","Intensive livestock production",""
"Urlay Nook - EPR/BL2025IW","Basic Inorganic Chemicals","Pollutant releases (2024)"
"Uskmouth Power Plant EPR/LP3131SW","Thermal power plants and combustion installations (50MW or greater)",""
"V C Cooke Limited","Disposal of non-hazardous waste","Waste transfers (2024)"
"Vacassay MFF, East Loch Roag","Aquaculture","Pollutant releases (2020)"
"Vacu Lug Traction Tyres Limited","Disposal of non-hazardous waste","Waste transfers (2024)"
"Vale Bio-energy Limited, Pancross AD Plant","Animal carcasses and waste","Waste transfers (2024)"
"Vale Industrial Estate EPR/BP3723PR","Basic Inorganic Chemicals","Waste transfers (2024)"
"Valero Pembrokeshire Oil Terminal Ltd","Simple hydrocarbons",""
"Valero, Pembroke Refinery_QP3033LW","Mineral oil and gas refineries","Pollutant releases (2024)
Waste transfers (2024)"
"Valneva Scotland Ltd, Oakbank Park Rd","Basic pharmaceutical products","Waste transfers (2024)"
"Vantico- Duxford EPR/BS9148IP","Basic Organic Chemicals","Waste transfers (2024)"
"Vauxhall Industrial Estate Vauxhall Road Canterbury Kent CT1 1QZ","Disposal of non-hazardous waste","Waste transfers (2024)"
"Vauxhall Parts Forties Campus","Disposal of non-hazardous waste","Waste transfers (2020)"
"Veantrow Bay MFF","Aquaculture","Pollutant releases (2021)"
"Vector Aerospace/ Scottish WTP, Almondbank","Surface treatment of metals and plastic materials","Waste transfers (2024)"
"Venator Pigments UK Limited EPR/JP3637UE","Basic Inorganic Chemicals","Waste transfers (2024)"
"Veolia - Castle Bromwich","Disposal of non-hazardous waste","Waste transfers (2024)"
"Veolia - Norris Way H W S","Disposal of non-hazardous waste","Waste transfers (2024)"
"Veolia - Tyseley","Disposal of non-hazardous waste","Waste transfers (2024)"
"Veolia Battlefield I W M F","Disposal of non-hazardous waste","Waste transfers (2024)"
"Veolia, Falkirk","Hazardous Waste","Waste transfers (2024)"
"Verallia UK - Leeds","Glass manufacture (including glass fibre)","Pollutant releases (2024)
Waste transfers (2024)"
"Versalis UK Ltd, Grangemouth","Synthetic rubbers","Pollutant releases (2024)
Waste transfers (2024)"
"Vertellus Specialities UK Limited EPR/BU0311IX","Basic Organic Chemicals",""
"Vetspeed, 15 Nettlehill Rd, Livingston","Disposal of non-hazardous waste","Waste transfers (2024)"
"Vetspeed: Thriplow","Hazardous Waste","Waste transfers (2024)"
"Victoria Flour Mill, Wellingborough - EPR/FP3638SF","Food and Beverage products","Waste transfers (2024)"
"Vigo Utopia Landfill Site EPR/BV2999IJ","Landfills","Pollutant releases (2024)
Waste transfers (2024)"
"Vine Street Mrf","Disposal of non-hazardous waste","Waste transfers (2024)"
"Viridor Electrical Recycling","Hazardous Waste","Waste transfers (2020)"
"Viridor Recycling Centre","Disposal of non-hazardous waste","Waste transfers (2022)"
"Viridor Waste Management","Disposal of non-hazardous waste","Waste transfers (2024)"
"Viridor Waste,Dunbar L/F,Oxwell Mains,Dunbar","Landfills","Pollutant releases (2024)
Waste transfers (2024)"
"Viscose Closures Ltd, Cellulose Extrusion Plant_VP3635SY","Basic Inorganic Chemicals","Pollutant releases (2024)
Waste transfers (2024)"
"Vital Earth G B Limited","Disposal of non-hazardous waste","Waste transfers (2022)"
"Volac Felinfach_BV4177IS","Food and Beverage products","Pollutant transfers (2024)
Waste transfers (2024)"
"W & S Recycling","Disposal of non-hazardous waste","Waste transfers (2016)"
"W H Collier Limited","Ceramic products manufacture",""
"W H Malcolm Ltd, 865 South Street, Glasgow","Disposal of non-hazardous waste","Waste transfers (2024)"
"W Leeson Transfer Station","Disposal of non-hazardous waste","Waste transfers (2024)"
"W Maw Recycling Ltd","Disposal of non-hazardous waste","Waste transfers (2024)"
"W N Thomas Ltd","Disposal of non-hazardous waste","Waste transfers (2024)"
"W Russell &Sons ELV/MR,Lilliehill,Dunfermline","Disposal of non-hazardous waste","Waste transfers (2024)"
"W S R Recycling Limited","Disposal of non-hazardous waste","Waste transfers (2024)"
"W T Waste","Disposal of non-hazardous waste",""
"W. Corbett & Co (Galvanising) LTD","Surface treatment of metals and plastic materials","Waste transfers (2024)"
"WEEE Solutions,Unit 3, Linwood Trading Estate","Hazardous Waste","Waste transfers (2024)"
"WIC Creed Business Park TP, Isle of Iewis","Disposal of non-hazardous waste","Waste transfers (2024)"
"WILTON POLYURETHANES","Basic Organic Chemicals","Pollutant releases (2024)
Pollutant transfers (2024)
Waste transfers (2024)"
"Wade Road","Disposal of non-hazardous waste","Waste transfers (2024)"
"Wades Of Wednesbury Ltd","Disposal of non-hazardous waste","Waste transfers (2024)"
"Waen AD Plant","Disposal of non-hazardous waste","Waste transfers (2024)"
"Wagonway Works EPR/VP3931KF","Basic Inorganic Chemicals","Waste transfers (2024)"
"Wainwright","Opencast mining and quarrying",""
"Waithlands H W R C: T L S And I V C","Disposal of non-hazardous waste","Waste transfers (2024)"
"Walbrook Wharf","Disposal of non-hazardous waste","Waste transfers (2024)"
"Walcott Farm","Intensive livestock production","Pollutant releases (2019)"
"Waldo Road Waste Transfer Station","Disposal of non-hazardous waste","Waste transfers (2024)"
"Walesby Poultry Farm EPR/ZP3634MW","Intensive livestock production","Waste transfers (2024)"
"Waleswood Food Factory EPR/XP3537PJ","Food and Beverage products","Waste transfers (2024)"
"Walford Cross Depot","Disposal of non-hazardous waste","Waste transfers (2024)"
"Walkers Snack Foods - EPR/BT5890IB","Food and Beverage products","Pollutant releases (2024)
Waste transfers (2024)"
"Wallace Way Metal Recycling Facility EPR/NP3503BF","Disposal of non-hazardous waste","Waste transfers (2024)"
"Walleys Quarry Landfill Site","Landfills","Pollutant releases (2024)
Waste transfers (2024)"
"Wallington Depot","Disposal of non-hazardous waste","Waste transfers (2024)"
"Wallrudding Farm","Disposal of non-hazardous waste","Waste transfers (2017)"
"Walnut Tree Farm Pig Unit - EPR/KP3833UC","Intensive livestock production","Pollutant releases (2024)"
"Walpole Recovery Facility and Landfill Site - EPR/BK6785IE","Disposal of non-hazardous waste","Pollutant releases (2024)
Waste transfers (2024)"
"Walsall Oil Treatment Plant - EPR/QP3137MM","Hazardous Waste","Waste transfers (2024)"
"Walsall Platers 1 - EPR/BN0112IN","Surface treatment of metals and plastic materials","Waste transfers (2024)"
"Walsall Road Waste Transfer Station","Disposal of non-hazardous waste","Waste transfers (2024)"
"Walsh Bros Ind Serv TS,15 -17 Castle St,Alloa","Hazardous Waste","Waste transfers (2024)"
"Walstead Bicester Ltd","Surface treatment with organic solvents","Waste transfers (2024)"
"Walstead Roche","Surface treatment with organic solvents","Waste transfers (2024)"
"Walstead York Ltd","Surface treatment with organic solvents",""
"Waltet Recycling","Disposal of non-hazardous waste","Waste transfers (2024)"
"Walther Trowal Limited","Ceramic products manufacture",""
"Walton Plating Works - EPR/BX5620IJ","Surface treatment of metals and plastic materials","Waste transfers (2024)"
"Wandsworth Transfer Station","Disposal of non-hazardous waste","Waste transfers (2024)"
"Wangford Landfill Site EPR/BV4509IG","Landfills","Pollutant releases (2024)"
"Wanlip Anaerobic Digestion Facility - EPR/VP3932WB","Disposal of non-hazardous waste","Waste transfers (2024)"
"Wanlip Sewage Treatment Plant EPR/NP3732WZ","Disposal of non-hazardous waste",""
"Wanlip Sewage Treatment Works","Urban waste-water treatment","Pollutant releases (2024)"
"Warboys Landfill Site - EPR/WP3434TW","Landfills","Pollutant releases (2024)"
"Warboys Waste Transfer Station","Disposal of non-hazardous waste","Waste transfers (2024)"
"Ward Recycling","Disposal of non-hazardous waste","Waste transfers (2024)"
"Wards Transfer Station","Disposal of non-hazardous waste","Waste transfers (2024)"
"Wareham & Purbeck Skip Hire W T S","Disposal of non-hazardous waste","Waste transfers (2024)"
"Waresley Landfill EPR/LP3032UR","Landfills","Waste transfers (2022)"
"Warminster Household Recycling Centre","Disposal of non-hazardous waste","Waste transfers (2024)"
"Warmley Transfer Station","Disposal of non-hazardous waste","Waste transfers (2024)"
"Warren Farm Norton","Poultry or pigs - intensive rearing (40,000 places for poultry)",""
"Warren Farm Transfer Station EPR/FP3834VH","Disposal of non-hazardous waste","Waste transfers (2024)"
"Warren Heath Recycling Facility","Disposal of non-hazardous waste","Waste transfers (2024)"
"Warren Vale Household Waste Recycling Centre","Disposal of non-hazardous waste","Waste transfers (2024)"
"Warrenby Waste Transfer Station","Disposal of non-hazardous waste","Waste transfers (2024)"
"Warrington North Stw","Urban waste-water treatment","Pollutant releases (2024)
Waste transfers (2024)"
"Warrington WwTW EPR/FP3331LK","Disposal of non-hazardous waste","Waste transfers (2024)"
"Warth Road Materials Recycling Facility","Disposal of non-hazardous waste","Waste transfers (2019)"
"Warwick STW","Urban waste-water treatment","Pollutant releases (2024)"
"Washway Lane Reformation EPR/BS5231IG","Basic Inorganic Chemicals","Waste transfers (2024)"
"Waste Away Solutions Ltd Transfer Station","Disposal of non-hazardous waste","Waste transfers (2016)"
"Waste Oil Services","Hazardous Waste","Waste transfers (2016)"
"Waste Recycling & Transfer Station","Disposal of non-hazardous waste","Waste transfers (2024)"
"Waste Recycling @ Bath L T D","Disposal of non-hazardous waste","Waste transfers (2024)"
"Waste Recyling & Destruction","Disposal of non-hazardous waste","Waste transfers (2016)"
"Waste Transfer And Recovery Facility","Disposal of non-hazardous waste","Waste transfers (2024)"
"Waste Transfer Station Knowsthorpe Road Cross Green Ind. Est. Leeds West Yorkshire LS9 0BW","Disposal of non-hazardous waste","Waste transfers (2016)"
"Waste Transfer Station, Silvertown EPR/WP3336SA","Hazardous Waste",""
"Waste Water Treatment Plant - Flixton EPR/CP3739FQ","Disposal of non-hazardous waste","Waste transfers (2019)"
"WasteCare London - EPR/EP3494VG","Hazardous Waste","Waste transfers (2024)"
"Wastebeater Recycling","Disposal of non-hazardous waste",""
"Wastecare Widnes EPR/PP3992CU","Hazardous Waste","Waste transfers (2024)"
"Wastenot Recycling Ltd","Disposal of non-hazardous waste","Waste transfers (2018)"
"Waterbeach Materials Recycling Facility","Disposal of non-hazardous waste","Waste transfers (2024)"
"Waterbeach Mechanical Biological Treatment Facility EPR/AP3339XG","Disposal of non-hazardous waste","Waste transfers (2024)"
"Waterbeach Waste Management Park EPR/LP3593LM","Disposal of non-hazardous waste","Waste transfers (2024)"
"Waterloo Farm - EPR/JP3433CT","Intensive livestock production","Pollutant releases (2024)"
"Waterlooville H W R C","Disposal of non-hazardous waste","Waste transfers (2024)"
"Waterside Colours Manufacture EPR/NP3533YZ","Basic Organic Chemicals","Waste transfers (2024)"
"Waterside Mill & Peel Bridge Mill","Disposal of non-hazardous waste","Waste transfers (2024)"
"Waterside Park","Disposal of non-hazardous waste",""
"Waterswallows Integrated Waste Management Facility","Disposal of non-hazardous waste","Waste transfers (2024)"
"Watford Timber Co Ltd","Hazardous Waste",""
"Watsons Dairies Hawksnest Farm","Milk - treatment and processing","Waste transfers (2020)"
"Weaste Works","Disposal of non-hazardous waste","Waste transfers (2021)"
"Wednesbury WM Resource Centre EPR/XP3631SE","Hazardous Waste","Waste transfers (2024)"
"Weetabix Burton Latimar Site - EPR/BQ1034IB","Thermal power plants and combustion installations (50MW or greater)","Pollutant transfers (2024)
Waste transfers (2024)"
"Weighton Wold Farm EPR/MP3235TU","Intensive livestock production","Pollutant releases (2024)"
"Weir Road Waste Transfer Station","Disposal of non-hazardous waste","Waste transfers (2024)"
"Welbeck Landfill Site EPR/WP3330BZ","Landfills","Pollutant releases (2024)
Waste transfers (2024)"
"Weldon Landfill Site EPR/BV4525IB","Landfills","Pollutant releases (2024)
Waste transfers (2024)"
"Wellington Waste Skips Transfer Station","Disposal of non-hazardous waste","Waste transfers (2024)"
"Wellpark Brewery, Dennistoun, Glasgow","Food and beverage products from vegetable raw materials","Pollutant transfers (2024)
Waste transfers (2024)"
"Welsh Slate Limited, Cwt-Y-Bugail Quarry","Opencast mining and quarrying",""
"Welsh Slate Limited, Ffestiniog Quarry","Opencast mining and quarrying",""
"Welsh Slate Limited, Penrhyn Quarry","Opencast mining and quarrying",""
"Welsh Water Organic Energy (Cardiff) Limited, Tremorfa Anaerobic Digestion Facility EPR/AB3093CA","Disposal of non-hazardous waste","Waste transfers (2024)"
"Welton Gathering Centre - EPR/GP3331CP","Mineral oil and gas refineries","Waste transfers (2024)"
"Welwyn Garden City Hazardous Waste Treatment and Transfer Facility EPR/WP3707PJ","Hazardous Waste","Waste transfers (2024)"
"Wembley Transfer Station & Recycling Facility","Disposal of non-hazardous waste","Waste transfers (2024)"
"Wendling Poultry Unit - EPR/FP3132YR","Intensive livestock production","Waste transfers (2024)"
"Wessex Water Bath Saltford Stw","Urban waste-water treatment","Pollutant releases (2024)"
"West Bromwich Silver Refinery - EPR/BJ9878IQ","Non-ferrous metals","Pollutant releases (2024)"
"West Burton CCGT Power Station EPR/CP3035MK","Thermal power plants and combustion installations (50MW or greater)","Pollutant releases (2024)
Waste transfers (2024)"
"West Burton Power Station EPR/SP3935LW","Thermal power plants and combustion installations (50MW or greater)",""
"West Carr Farm Poultry Unit - EPR/FP3030QU","Intensive livestock production","Pollutant releases (2024)"
"West Cockmuir Farm, Fraserburgh","Poultry or pigs - intensive rearing (40,000 places for poultry)","Pollutant releases (2024)"
"West End Farm Pig Unit - EPR/MP3039UH","Intensive livestock production","Pollutant releases (2024)"
"West Farm Pig Unit - EPR/MP3501PD","Intensive livestock production",""
"West Farm Pig Unit EPR/KP3435WH","Intensive livestock production","Pollutant releases (2024)"
"West Farm Pig Unit EPR/RP3137MU","Intensive livestock production","Pollutant releases (2024)"
"West Green Farm Poultry Units","Intensive livestock production","Pollutant releases (2019)"
"West Kirkby Household Waste Recycling Centre","Disposal of non-hazardous waste","Waste transfers (2024)"
"West Midlands Recycling Centre EPR/BB3109LT","Hazardous Waste","Waste transfers (2024)"
"West Oxfordshire Waste Transfer Station","Disposal of non-hazardous waste","Waste transfers (2024)"
"West Shaw Farm","Disposal of non-hazardous waste","Waste transfers (2021)"
"West Sleekburn Materials Recycling Facility","Disposal of non-hazardous waste","Waste transfers (2024)"
"West Street Household Waste Recycling Centre","Disposal of non-hazardous waste","Waste transfers (2024)"
"West Thurrock Recycling And Transfer Station","Disposal of non-hazardous waste","Waste transfers (2024)"
"West Yorkshire Treatment Centre EPR/LP3137SU","Hazardous Waste","Waste transfers (2024)"
"Westbury Dairies EPR/QP3930JL","Milk - treatment and processing","Pollutant transfers (2024)
Waste transfers (2024)"
"Westbury Solvent Recovery Plant EPR/KP3832SK","Hazardous Waste","Waste transfers (2024)"
"Westbury WTS EPR/CP3331SC","Hazardous Waste","Waste transfers (2024)"
"Westby Transfer Station","Disposal of non-hazardous waste",""
"Wester Hatton L/F Site, Balmedie, Aberdeen","Landfills","Waste transfers (2024)"
"Westerleigh Pig Slaughtering and Processing EPR/XP3434SW","Slaughterhouses","Waste transfers (2024)"
"Western Riverside Transfer Station","Disposal of non-hazardous waste","Waste transfers (2024)"
"Western Road H W R C","Disposal of non-hazardous waste","Waste transfers (2024)"
"Western Wood Energy Plant","Incineration of non-hazardous waste","Pollutant releases (2021)
Waste transfers (2021)"
"Westlands Waste Transfer Station","Disposal of non-hazardous waste","Waste transfers (2019)"
"Westmill II Waste Management Facility EPR/DP3431PC","Landfills","Pollutant releases (2024)
Waste transfers (2024)"
"Weston Mill","Disposal of non-hazardous waste","Waste transfers (2024)"
"Weston Poultry Unit","Intensive livestock production","Pollutant releases (2021)"
"Weston- Super- Mare Waste Transfer Station","Disposal of non-hazardous waste","Waste transfers (2024)"
"Weston-super-Mare sewage treatment works","Urban waste-water treatment","Pollutant releases (2024)"
"Westry AD Facility - EPR/YP3430KS","Disposal of non-hazardous waste","Waste transfers (2024)"
"Westville Waste Recycling Centre","Disposal of non-hazardous waste","Waste transfers (2024)"
"Weybridge Incineration Plant","Hazardous Waste","Waste transfers (2024)"
"Weylands Treatment Wks: Molesey Rd: Kt12","Disposal of non-hazardous waste","Waste transfers (2024)"
"Wheaton Aston Farm Pig Unit - EPR/BP3709LB","Intensive livestock production","Pollutant releases (2024)"
"Wheeldon Brothers Waste Limited","Disposal of non-hazardous waste","Waste transfers (2024)"
"Wheeldon Brothers Waste Transfer Station","Disposal of non-hazardous waste","Waste transfers (2024)"
"Whetstone R H W S And W T S","Disposal of non-hazardous waste","Waste transfers (2024)"
"Whinbank Surfactant Manufacture - EPR/VP3534UR","Basic Organic Chemicals","Waste transfers (2024)"
"Whinney Hill (Phase 2) Landfill EPR/BL9500IJ","Landfills","Pollutant releases (2024)"
"Whiscombe Hill Transfer Station","Disposal of non-hazardous waste","Waste transfers (2024)"
"Whitby Waste Treatment & Transfer Facility","Disposal of non-hazardous waste","Waste transfers (2024)"
"White Syke Farm EPR/NP3230UY","Intensive livestock production","Pollutant releases (2019)"
"White Walls","Disposal of non-hazardous waste","Waste transfers (2024)"
"Whitecairns Farm, New Deer, Turriff","Aquaculture","Pollutant releases (2024)"
"Whitegate Lodge Farm Pig Unit - EPR/AP3533JT","Intensive livestock production","Pollutant releases (2024)"
"Whitehead Landfill EPR/ZP3433AQ","Landfills","Pollutant releases (2024)"
"Whites Skip Hire & Recycling Ltd Transfer Station","Disposal of non-hazardous waste","Waste transfers (2024)"
"Whites Transfer Station","Disposal of non-hazardous waste","Waste transfers (2021)"
"Whiteshoot Farm Pig Unit - EPR/JP3735NX","Intensive livestock production","Pollutant releases (2024)"
"Whitley Household Waste Amenity Site","Disposal of non-hazardous waste","Waste transfers (2024)"
"Whitley Manor Pig Unit EPR/HP3237MY","Intensive livestock production","Pollutant releases (2019)"
"Whitlingham Sludge Treatment Centre","Disposal of non-hazardous waste","Waste transfers (2024)"
"Whittern Farms","Intensive livestock production","Pollutant releases (2021)"
"Whittlesey Food Factory - EPR/BO7724IV","Food and Beverage products","Waste transfers (2024)"
"Whitwell Quarry Lime works","Cement Clinker/Lime","Pollutant releases (2024)
Waste transfers (2024)"
"Wickenby Farm","Intensive livestock production","Waste transfers (2022)"
"Widdington Pit","Disposal of non-hazardous waste","Waste transfers (2024)"
"Widnes Aromachem EPR/BS3751IW/V006","Basic Organic Chemicals","Pollutant transfers (2024)
Waste transfers (2024)"
"Widnes Clay Products EPR/ZP3137SR","Basic Inorganic Chemicals","Waste transfers (2024)"
"Widnes WwTW EPR/FP3438MB","Disposal of non-hazardous waste","Waste transfers (2022)"
"Wieland Metals Birmingham Ltd","Production of non-ferrous crude metal ore","Pollutant releases (2024)
Waste transfers (2024)"
"Wienerberger Ltd - Denton","Ceramic products manufacture","Pollutant releases (2024)"
"Wienerberger Ltd Hartlebury","Ceramic products manufacture","Waste transfers (2024)"
"Wigan Stw","Urban waste-water treatment","Pollutant releases (2024)
Waste transfers (2024)"
"Wigtoft Poultry Unit EPR/TP3934MW","Intensive livestock production","Pollutant releases (2024)"
"Wild Rose Poultry Farm - EPR/JP3938JC","Intensive livestock production","Pollutant releases (2024)"
"Willand Abattoir EPR/QP3633GP","Slaughterhouses","Pollutant releases (2024)
Waste transfers (2024)"
"Willerby Farm and Folkton Wold Farm - EPR/NP3130UR","Intensive livestock production","Pollutant releases (2024)"
"Willesden Depot","Disposal of non-hazardous waste","Waste transfers (2024)"
"Willey Fields Farm EPR/KP3339UN","Intensive livestock production","Pollutant releases (2019)"
"William Beech Skip Hire Ltd","Disposal of non-hazardous waste","Waste transfers (2024)"
"William Bros Ind Est","Disposal of non-hazardous waste","Waste transfers (2018)"
"William Cook Rail Ltd","Ferrous metal foundry",""
"William Tracey Group, Glenrothes","Disposal of non-hazardous waste","Waste transfers (2024)"
"Willow Farm Pig Unit EPR/KP3838UJ","Intensive livestock production","Pollutant releases (2024)"
"Willow Farm Treatment Plant","Disposal of non-hazardous waste","Waste transfers (2016)"
"Willow Wood Farm - EPR/BT4699IN","Intensive livestock production","Pollutant releases (2024)"
"Willowholme Transfer Station","Disposal of non-hazardous waste","Waste transfers (2016)"
"Wilmington Baling Plant","Disposal of non-hazardous waste","Waste transfers (2024)"
"Wilnecote Landfill EPR/BV4975IN","Landfills","Pollutant releases (2024)"
"Wilshee Transfer Station","Disposal of non-hazardous waste","Waste transfers (2024)"
"Wilton 10 Power Station EPR/NP3838LV","Thermal power plants and combustion installations (50MW or greater)","Pollutant releases (2024)
Waste transfers (2024)"
"Wilton 11 EfW EPR/XP3436WB","Hazardous Waste","Pollutant releases (2024)
Waste transfers (2024)"
"Wilton Bioethanol Plant EA/EPR/VP3831XJ/V005","Basic Organic Chemicals","Waste transfers (2024)"
"Wilton No. 1 Gas Turbine EPR/NP3438LK","Thermal power plants and combustion installations (50MW or greater)","Pollutant releases (2024)
Waste transfers (2024)"
"Wilton Olefins Installation EPR/BS3590IE","Basic Organic Chemicals","Pollutant releases (2024)
Waste transfers (2024)"
"Wilton Polyester Manufacturing - EPR/MP3533TG","Basic Organic Chemicals","Waste transfers (2024)"
"Wilton Waste Treatment Plant - EPR/MP3136HW","Hazardous Waste","Waste transfers (2024)"
"Wimpstone Fields Poultry Farm EPR/YP3431ZR","Intensive livestock production","Pollutant releases (2024)"
"Wincham Organic Specialities EPR/BL6403IQ","Basic Inorganic Chemicals","Pollutant transfers (2024)
Waste transfers (2024)"
"Winchcombe Paper Mill EPR/BJ4302IZ","Paper, board and other primary wood products","Waste transfers (2024)"
"Winchester Wts","Disposal of non-hazardous waste","Waste transfers (2024)"
"Windermere Road M R F","Disposal of non-hazardous waste","Waste transfers (2024)"
"Windmill Nurseries","Disposal of non-hazardous waste","Waste transfers (2018)"
"Wingmoor Farm EPR/BU3671IY","Landfills","Pollutant releases (2024)"
"Wingmoor Farm EPR/SP3132VU","Disposal of non-hazardous waste","Waste transfers (2024)"
"Wingmoor Farm Household Waste Site","Disposal of non-hazardous waste","Waste transfers (2024)"
"Wingmoor Farm Landfill Site - EPR/SP3035SX","Landfills","Pollutant releases (2024)"
"Wingmoor Farm Waste Treatment Facility - EPR/NP3831ST","Disposal of non-hazardous waste","Waste transfers (2024)"
"Wingmoor Quarry Landfill EPR/YP3439SM","Landfills","Pollutant releases (2024)"
"Winking Hill Ash Disposal EPR/WP3933RQ","Landfills",""
"Winnington Electrode Coating Plant","Thermal power plants and combustion installations (50MW or greater)","Waste transfers (2020)"
"Winnington Sodium Carbonate Manufacturing Site EPR/SP3630BE","Basic Inorganic Chemicals","Waste transfers (2024)"
"Winsford Depot","Disposal of non-hazardous waste","Waste transfers (2024)"
"Winteringham Farm Poultry Unit - EPR/XP3530UZ","Intensive livestock production","Waste transfers (2024)"
"Winters House","Disposal of non-hazardous waste","Waste transfers (2022)"
"Winterton North Landfill EPR/QP3539XL","Landfills","Pollutant releases (2024)
Waste transfers (2024)"
"Wirral Metals Ltd Waste Transfer Site","Disposal of non-hazardous waste","Waste transfers (2024)"
"Wissington Sugar Factory EPR/BX2108IQ","Food and Beverage products","Pollutant releases (2024)
Waste transfers (2024)"
"Witchford Household Recycling Centre","Disposal of non-hazardous waste","Waste transfers (2024)"
"Withy Road Industrial Estate","Disposal of non-hazardous waste","Waste transfers (2022)"
"Withyhedge Landfill Site_MP3330WP","Landfills","Pollutant releases (2024)
Pollutant transfers (2024)
Waste transfers (2024)"
"Witton Chemical -Hampstead Avenue EPR/BV3120IX","Basic Organic Chemicals","Waste transfers (2024)"
"Witton Plant -EPR/BM5020IC","Non-ferrous metals","Waste transfers (2024)"
"Wm M Briers & Son ( Tamworth) Ltd","Disposal of non-hazardous waste","Waste transfers (2024)"
"Wm Munro Construction, Composting ABP & TS","Disposal of non-hazardous waste","Waste transfers (2024)"
"Wolverhampton EfW EPR/HP3349QK","Incineration of non-hazardous waste","Waste transfers (2024)"
"Wolverhampton Waste Facility - EPR/HP3630QR","Hazardous Waste","Waste transfers (2024)"
"Wombourne Food Factory EPR/WP3038SV","Food and Beverage products","Waste transfers (2024)"
"Wombwell Food Processing Facility EPR/TP3834XS","Food and Beverage products","Pollutant releases (2024)
Waste transfers (2024)"
"Wood End","Disposal of non-hazardous waste","Waste transfers (2024)"
"Wood Lane Landfill EPR/RP3231XX","Landfills","Pollutant releases (2024)"
"Wood Lane Landfill Site","Disposal of non-hazardous waste","Waste transfers (2021)"
"Woodchurch Road Woodchurch Birchington Kent CT7 0HL","Hazardous Waste","Waste transfers (2024)"
"Woodhatch Farm WTS EPR/EP3038VB","Hazardous Waste","Waste transfers (2024)"
"Woodhead Brothers (Spalding) EPR/GP3038XU","Slaughterhouses",""
"Woodland House","Disposal of non-hazardous waste","Waste transfers (2024)"
"Woodlands In-Vessel Composting Facility EPR/QP3434WN","Disposal of non-hazardous waste","Waste transfers (2024)"
"Woods End Farm EPR/ZP3432QZ","Intensive livestock production","Waste transfers (2024)"
"Woodside Depot - EPR/ZP3992EW","Hazardous Waste",""
"Woodside Dunmow Road Bishops Stortford Hertfordshire CM23 5RG","Disposal of non-hazardous waste","Waste transfers (2024)"
"Woodside Waste Transfer & Treatment Station","Disposal of non-hazardous waste","Waste transfers (2024)"
"Woolaston Poultry Unit - EPR/DP3531MF","Intensive livestock production","Pollutant releases (2024)"
"Woolston Household Waste And Recycling Centre","Disposal of non-hazardous waste","Waste transfers (2024)"
"Woolton WwTW EPR/DP3435FH","Disposal of non-hazardous waste","Waste transfers (2024)"
"Worden Farm Poultry Unit EPR/PP3636CB","Intensive livestock production","Pollutant releases (2024)"
"Workington Board Mill EPR/BJ7590IB","Paper, board and other primary wood products","Pollutant releases (2024)
Waste transfers (2024)"
"Works Depot","Disposal of non-hazardous waste","Waste transfers (2024)"
"Worksop Flour Mills - EPR/CP3036NF","Food and Beverage products","Waste transfers (2024)"
"Wormington Compressor Station EPR/JP3735LM","Thermal power plants and combustion installations (50MW or greater)","Pollutant releases (2024)
Waste transfers (2024)"
"Worsley Nitrous Oxide Plant EPR/RP3834PV","Basic Organic Chemicals","Pollutant releases (2021)"
"Worsley Waste Transfer Facility EPR/NP3234LD","Hazardous Waste","Waste transfers (2024)"
"Worthing Household Waste Recycling Site","Disposal of non-hazardous waste","Waste transfers (2020)"
"Worthing Pharmaceutical Manufacturing Facility - EPR/QP3935LE/","Basic pharmaceutical products","Pollutant releases (2024)
Waste transfers (2024)"
"Woverhampton Skip Hire","Disposal of non-hazardous waste","Waste transfers (2024)"
"Wrawby Farm Poultry Unit - EPR/UP3830UV","Intensive livestock production","Waste transfers (2024)"
"Wren Kitchens Ltd","Surface treatment with organic solvents",""
"Wreningham Poultry Unit - EPR/HP3732YT","Intensive livestock production","Pollutant releases (2024)
Waste transfers (2024)"
"Wrexham Clinical Waste Treatment Facility (HDU & TS)","Hazardous Waste","Waste transfers (2024)"
"Wrexham Wire Limited","Surface treatment of metals and plastic materials",""
"Wroot Road Composting Facility","Disposal of non-hazardous waste",""
"Wychem Limited- Bury Road EPR/BU3434IR","Basic Organic Chemicals","Pollutant transfers (2024)
Waste transfers (2024)"
"Wyke Farmhouse Cheese EPR/BQ1824IV","Milk - treatment and processing","Pollutant releases (2024)
Waste transfers (2024)"
"Wyke Farms Ltd, Lambrook Pig Unit","Intensive livestock production","Waste transfers (2016)"
"Wyke Lane Chemicals - EPR/QP3135KJ","Basic plant health products and of biocides","Pollutant transfers (2024)
Waste transfers (2024)"
"Wyllie Recycling, Ruthvenfield Way, Perth","Disposal of non-hazardous waste","Waste transfers (2024)"
"Wyman Gordon Ltd, Livingston","Ferrous metals processing - smitheries with hammers","Waste transfers (2024)"
"Wyndeham Heron","Surface treatment with organic solvents",""
"Wyndeham Plymouth","Surface treatment with organic solvents",""
"Wynnstay Group Plc /EP3034GS","Food and beverage products from vegetable raw materials",""
"Wyre MCFF, SE of Wyre, Gairsay Sound, Orkney","Aquaculture","Pollutant releases (2024)"
"Wytch Farm Gathering Station and Wellsites EPR/NP3730CZ","Mineral oil and gas refineries","Waste transfers (2024)"
"Wytherford House Farm","Intensive livestock production","Pollutant releases (2020)"
"X - Bert Haulage","Disposal of non-hazardous waste","Waste transfers (2024)"
"YM Chantry Ltd","Surface treatment with organic solvents",""
"Yanley Landfill - EPR/BT7272IW","Landfills","Pollutant releases (2024)
Waste transfers (2024)"
"Yapton W T S","Disposal of non-hazardous waste","Waste transfers (2024)"
"Yard 10 - 12 Hastingwood Trading Est","Disposal of non-hazardous waste","Waste transfers (2021)"
"Yard B, Blackdog Industrial Estate, Aberdeen","Hazardous Waste","Waste transfers (2024)"
"Yate Waste Transfer Station & Household Waste Recycling Centre","Disposal of non-hazardous waste","Waste transfers (2024)"
"Yeld Farm Poultry Unit EPR/SP3939UH","Intensive livestock production",""
"Yelland Quay Waste Transfer Station","Disposal of non-hazardous waste","Waste transfers (2022)"
"Yeo Valley Crewkerne EPR/AP3839NG","Milk - treatment and processing","Waste transfers (2024)"
"Yetminster Site EPR/HP3530CL","Slaughterhouses","Waste transfers (2024)"
"York Confectionary EPR/BO9298IQ","Food and Beverage products","Waste transfers (2024)"
"York Hall Poultry Farm EPR/HP3038HN","Intensive livestock production","Pollutant releases (2019)"
"Yorkwold Pigpro Cowden Unit - EPR/VP3436MZ","Intensive livestock production","Pollutant releases (2024)"
"ZF Automotive UK Ltd - Pontypool Site, EPR/DP3430LX","Surface treatment of metals and plastic materials","Waste transfers (2024)"
"Zhuorim TTR UK, Markethill Rd, Aberdeen","Surface treatment with organic solvents","Waste transfers (2024)"
"closed - Eco-Oil Limited, Newport Oil Treatment Plant EPR/UP3336LT","Hazardous Waste",""
"mundford farm","Intensive livestock production","Pollutant releases (2022)"
"nan","Opencast mining and quarrying","Waste transfers (2018)"
"smead dean Wienerberger Ltd","Ceramic products manufacture",""